id,trait,population,ncase,ncontrol,sample_size,year,author,consortium,pmid,doi,build,ihd_candidate_index,ihd_outcome_id,ihd_exposure_label_saved,ihd_method,ihd_nsnp_or_snp_raw,ihd_beta,ihd_se,ihd_p_value,ihd_output_index,ihd_output_file,ihd_saved_estimate,ihd_output_status,ihd_p_for_bh,ihd_q_bh_m11988,ihd_instrument_count,ihd_single_instrument_snp,dd_candidate_index,dd_outcome_id,dd_exposure_label_saved,dd_method,dd_nsnp_or_snp_raw,dd_beta,dd_se,dd_p_value,dd_output_index,dd_output_file,dd_saved_estimate,dd_output_status,dd_p_for_bh,dd_q_bh_m11988,dd_instrument_count,dd_single_instrument_snp,direction,ihd_or,ihd_ci_low,ihd_ci_high,dd_or,dd_ci_low,dd_ci_high,max_q_bh
finn-b-RX_ANTIHYP,Antihypertensive medication - note that there are other indications,European,107287,111505,,2021,NA,NA,,"",HG19/GRCh37,2492,finn-b-I9_IHD,Antihypertensive medication - note that there are other indications || id:finn-b-RX_ANTIHYP,Inverse variance weighted,52,0.408814438925213,0.0360036987744467,0.00000000000000000000000000000702083818486223,2492,IHD/2492.txt,TRUE,saved summary estimate,0.00000000000000000000000000000702083818486223,0.00000000000000000000000000171766955428834,52,,2492,finn-b-F5_DEPRESSIO,Antihypertensive medication - note that there are other indications || id:finn-b-RX_ANTIHYP,Inverse variance weighted,185,0.133202031838803,0.0186133875517419,0.00000000000082914617870248,2492,DD/2492.txt,TRUE,saved summary estimate,0.00000000000082914617870248,0.000000000320638851299527,185,,positive,1.50503241913935,1.40248714041385,1.61507547369884,1.14248079251153,1.10155166704402,1.18493067579881,0.000000000320638851299527
ukb-b-6591,Age first had sexual intercourse,European,,,406457,2018,Ben Elsworth,MRC-IEU,,"",HG19/GRCh37,10700,finn-b-I9_IHD,Age first had sexual intercourse || id:ukb-b-6591,Inverse variance weighted,183,-0.371079377646314,0.0612399854190754,0.00000000136605136733847,10700,IHD/10700.txt,TRUE,saved summary estimate,0.00000000136605136733847,0.000000083128039551541,183,,10700,finn-b-F5_DEPRESSIO,Age first had sexual intercourse || id:ukb-b-6591,Inverse variance weighted,386,-0.463629157011026,0.0555167725492581,0.0000000000000000675988023940141,10700,DD/10700.txt,TRUE,saved summary estimate,0.0000000000000000675988023940141,0.0000000000000368352019590655,386,,negative,0.689989169668715,0.611946909712984,0.777984244553857,0.628996770263544,0.564146092817881,0.701302272653849,0.000000083128039551541
ieu-a-1239,Years of schooling,European,,,766345,2018,Lee,SSGAC,30038396,"",HG19/GRCh37,2918,finn-b-I9_IHD,Years of schooling || id:ieu-a-1239,Inverse variance weighted,293,-0.453709709462512,0.0602926177280216,0.0000000000000526684097600089,2918,IHD/2918.txt,TRUE,saved summary estimate,0.0000000000000526684097600089,0.00000000000549033822785206,293,,2918,finn-b-F5_DEPRESSIO,Years of schooling || id:ieu-a-1239,Inverse variance weighted,509,-0.326163185699945,0.0558296766358387,0.00000000515433437430487,2918,DD/2918.txt,TRUE,saved summary estimate,0.00000000515433437430487,0.00000123580320958334,509,,negative,0.635267118515266,0.564461420669159,0.714954640103252,0.72168740875714,0.646883312799657,0.805141678032278,0.00000123580320958334
ukb-b-6306,Overall health rating,European,,,460844,2018,Ben Elsworth,MRC-IEU,,"",HG19/GRCh37,10657,finn-b-I9_IHD,Overall health rating || id:ukb-b-6306,Inverse variance weighted,100,0.76021255039132,0.14827452600887,0.000000294300070389785,10657,IHD/10657.txt,TRUE,saved summary estimate,0.000000294300070389785,0.0000125554065616824,100,,10657,finn-b-F5_DEPRESSIO,Overall health rating || id:ukb-b-6306,Inverse variance weighted,294,0.925664289670123,0.0893031910756462,0.000000000000000000000000356223302775179,10657,DD/10657.txt,TRUE,saved summary estimate,0.000000000000000000000000356223302775179,0.000000000000000000000427040495366885,294,,positive,2.13873076024883,1.59934549417372,2.8600257302114,2.52354406794212,2.1183342213146,3.00626529976646,0.0000125554065616824
finn-b-I9_HYPTENSESS_EXNONE,"""""Hypertension, essential"""" (no controls excluded)",European,42857,175935,,2021,NA,NA,,"",HG19/GRCh37,1359,finn-b-I9_IHD,"\Hypertension, essential\ (no controls excluded) || id:finn-b-I9_HYPTENSESS_EXNONE",Inverse variance weighted,26,0.380506908950438,0.0678752856295808,0.0000000207090178072302,1359,IHD/1359.txt,TRUE,saved summary estimate,0.0000000207090178072302,0.00000105642427860883,26,,1358,finn-b-F5_DEPRESSIO,"\Hypertension, essential\ (no controls excluded) || id:finn-b-I9_HYPTENSESS_EXNONE",Inverse variance weighted,116,0.104083982024001,0.0199887557696602,0.000000191787242310846,1358,DD/1358.txt,TRUE,saved summary estimate,0.000000191787242310846,0.000038319091013707,116,,positive,1.46302602248434,1.28078266630302,1.67120089831068,1.10969364532072,1.06705873825508,1.15403205307975,0.000038319091013707
finn-b-PAIN,"Pain (limb, back, neck, head abdominally)",European,87242,131127,,2021,NA,NA,,"",HG19/GRCh37,2307,finn-b-I9_IHD,"Pain (limb, back, neck, head abdominally) || id:finn-b-PAIN",Inverse variance weighted,8,0.48471782518896,0.0988972424521914,0.000000952399779126326,2307,IHD/2307.txt,TRUE,saved summary estimate,0.000000952399779126326,0.0000393702363867807,8,,2307,finn-b-F5_DEPRESSIO,"Pain (limb, back, neck, head abdominally) || id:finn-b-PAIN",Inverse variance weighted,72,0.380328120467019,0.041131289724113,0.0000000000000000000231560821811651,2307,DD/2307.txt,TRUE,saved summary estimate,0.0000000000000000000231560821811651,0.0000000000000000185063408791871,72,,positive,1.62371677222247,1.33760303185356,1.97103033830832,1.46276447366224,1.34946847487664,1.58557235329559,0.0000393702363867807
finn-b-KRA_PSY_ANYMENTAL,Any mental disorder,European,52208,166584,,2021,NA,NA,,"",HG19/GRCh37,1711,finn-b-I9_IHD,Any mental disorder || id:finn-b-KRA_PSY_ANYMENTAL,Inverse variance weighted,2,0.473219102020027,0.0977959770500356,0.00000130599017615554,1711,IHD/1711.txt,TRUE,saved summary estimate,0.00000130599017615554,0.0000520139874809057,2,,1711,finn-b-F5_DEPRESSIO,Any mental disorder || id:finn-b-KRA_PSY_ANYMENTAL,Inverse variance weighted,45,0.763401838779985,0.0521123885778704,0.00000000000000000000000000000000000000000000000136425341681782,1711,DD/1711.txt,TRUE,saved summary estimate,0.00000000000000000000000000000000000000000000000136425341681782,0.000000000000000000000000000000000000000000002725778326802,45,,positive,1.60515303672363,1.32516765962856,1.94429455969766,2.14556267811619,1.93723472582312,2.37629397427261,0.0000520139874809057
finn-b-VWXY20_SUICI_OTHER_INTENTI_SELF_H,Suicide or other Intentional self-harm,European,52208,166584,,2021,NA,NA,,"",HG19/GRCh37,2712,finn-b-I9_IHD,Suicide or other Intentional self-harm || id:finn-b-VWXY20_SUICI_OTHER_INTENTI_SELF_H,Inverse variance weighted,2,0.473219102020027,0.0977959770500356,0.00000130599017615554,2712,IHD/2712.txt,TRUE,saved summary estimate,0.00000130599017615554,0.0000520139874809057,2,,2712,finn-b-F5_DEPRESSIO,Suicide or other Intentional self-harm || id:finn-b-VWXY20_SUICI_OTHER_INTENTI_SELF_H,Inverse variance weighted,45,0.763401838779985,0.0521123885778704,0.00000000000000000000000000000000000000000000000136425341681782,2712,DD/2712.txt,TRUE,saved summary estimate,0.00000000000000000000000000000000000000000000000136425341681782,0.000000000000000000000000000000000000000000002725778326802,45,,positive,1.60515303672363,1.32516765962856,1.94429455969766,2.14556267811619,1.93723472582312,2.37629397427261,0.0000520139874809057
finn-b-FG_CVD,Cardiovascular diseases (excluding rheumatic etc),European,101866,116926,,2021,NA,NA,,"",HG19/GRCh37,925,finn-b-I9_IHD,Cardiovascular diseases (excluding rheumatic etc) || id:finn-b-FG_CVD,Inverse variance weighted,14,0.632324026004208,0.0855749727390001,0.000000000000147800051940352,925,IHD/925.txt,TRUE,saved summary estimate,0.000000000000147800051940352,0.0000000000141746161812875,14,,924,finn-b-F5_DEPRESSIO,Cardiovascular diseases (excluding rheumatic etc) || id:finn-b-FG_CVD,Inverse variance weighted,76,0.160271303138792,0.0316895903517323,0.000000424704118703501,924,DD/924.txt,TRUE,saved summary estimate,0.000000424704118703501,0.0000795523902346495,76,,positive,1.88197926958497,1.59137286284225,2.22565437293038,1.17382929136679,1.10313894900439,1.2490495476696,0.0000795523902346495
finn-b-I9_HYPTENSESS,"Hypertension, essential",European,42857,162837,,2021,NA,NA,,"",HG19/GRCh37,1358,finn-b-I9_IHD,"Hypertension, essential || id:finn-b-I9_HYPTENSESS",Inverse variance weighted,40,0.337144915388983,0.0454240256177143,0.000000000000115215352358389,1358,IHD/1358.txt,TRUE,saved summary estimate,0.000000000000115215352358389,0.0000000000114148896204328,40,,1357,finn-b-F5_DEPRESSIO,"Hypertension, essential || id:finn-b-I9_HYPTENSESS",Inverse variance weighted,140,0.0838333726275593,0.0168043687114246,0.000000607604086246845,1357,DD/1357.txt,TRUE,saved summary estimate,0.000000607604086246845,0.000112060889014264,140,,positive,1.40094206709362,1.28160580290096,1.53139028468039,1.08744768016206,1.05221430963703,1.12386083924078,0.000112060889014264
ukb-b-14180,Mood swings,European,204412,247207,451619,2018,Ben Elsworth,MRC-IEU,,"",HG19/GRCh37,9239,finn-b-I9_IHD,Mood swings || id:ukb-b-14180,Inverse variance weighted,54,1.19157099697057,0.261051749344299,0.0000050068357675172,9239,IHD/9239.txt,TRUE,saved summary estimate,0.0000050068357675172,0.000170033844705372,54,,9239,finn-b-F5_DEPRESSIO,Mood swings || id:ukb-b-14180,Inverse variance weighted,181,1.24453544876633,0.16419923565833,0.0000000000000347095362669686,9239,DD/9239.txt,TRUE,saved summary estimate,0.0000000000000347095362669686,0.0000000000148606400274436,181,,positive,3.29224926043687,1.97369923909502,5.49167014819187,3.47132181787661,2.51608707532987,4.7892122977049,0.000170033844705372
finn-b-I9_CVD,Cardiovascular diseases,European,111108,107684,,2021,NA,NA,,"",HG19/GRCh37,1333,finn-b-I9_IHD,Cardiovascular diseases || id:finn-b-I9_CVD,Inverse variance weighted,11,0.719749798758858,0.117549188311537,0.000000000918487337839793,1333,IHD/1333.txt,TRUE,saved summary estimate,0.000000000918487337839793,0.0000000579517168738076,11,,1332,finn-b-F5_DEPRESSIO,Cardiovascular diseases || id:finn-b-I9_CVD,Inverse variance weighted,68,0.176499223507932,0.0376551127268845,0.00000276889990638664,1332,DD/1332.txt,TRUE,saved summary estimate,0.00000276889990638664,0.000436757527338987,68,,positive,2.05391925320382,1.63126108858905,2.58608773800285,1.19303350037819,1.10815359522086,1.28441484931604,0.000436757527338987
ukb-b-12405,Age at first live birth,European,,,170498,2018,Ben Elsworth,MRC-IEU,,"",HG19/GRCh37,8974,finn-b-I9_IHD,Age at first live birth || id:ukb-b-12405,Inverse variance weighted,32,-0.410552318947397,0.0968894130238485,0.0000226194577402982,8974,IHD/8974.txt,TRUE,saved summary estimate,0.0000226194577402982,0.00069887128708942,32,,8974,finn-b-F5_DEPRESSIO,Age at first live birth || id:ukb-b-12405,Inverse variance weighted,151,-0.36783688166956,0.0600683076525115,0.000000000914595997997471,8974,DD/8974.txt,TRUE,saved summary estimate,0.000000000914595997997471,0.000000238351670086819,151,,negative,0.663283804735409,0.54856167175664,0.801998076561671,0.692230087896162,0.615345878827359,0.778720571756957,0.00069887128708942
ukb-b-3656,Number of treatments/medications taken,European,,,462933,2018,Ben Elsworth,MRC-IEU,,"",HG19/GRCh37,10279,finn-b-I9_IHD,Number of treatments/medications taken || id:ukb-b-3656,Inverse variance weighted,38,1.77503227086154,0.410501997372852,0.0000153188675417341,10279,IHD/10279.txt,TRUE,saved summary estimate,0.0000153188675417341,0.000483269958132391,38,,10279,finn-b-F5_DEPRESSIO,Number of treatments/medications taken || id:ukb-b-3656,Inverse variance weighted,156,0.496209438219024,0.109061562476887,0.00000536942579051918,10279,DD/10279.txt,TRUE,saved summary estimate,0.00000536942579051918,0.000788202982728095,156,,positive,5.90047154654695,2.63912746279206,13.1920738814097,1.6424835206213,1.32637383087086,2.03393044458762,0.000788202982728095
ukb-b-929,Frequency of tiredness / lethargy in last 2 weeks,European,,,449019,2018,Ben Elsworth,MRC-IEU,,"",HG19/GRCh37,11060,finn-b-I9_IHD,Frequency of tiredness / lethargy in last 2 weeks || id:ukb-b-929,Inverse variance weighted,38,0.837847835626448,0.200389619954551,0.0000290109904125842,11060,IHD/11060.txt,TRUE,saved summary estimate,0.0000290109904125842,0.000873828525291607,38,,11060,finn-b-F5_DEPRESSIO,Frequency of tiredness / lethargy in last 2 weeks || id:ukb-b-929,Inverse variance weighted,161,0.941793256452313,0.102176627858794,0.0000000000000000000304657822194592,11060,DD/11060.txt,TRUE,saved summary estimate,0.0000000000000000000304657822194592,0.0000000000000000228264873279298,161,,positive,2.31138713493883,1.56062156423108,3.42332222622657,2.5645762401411,2.0991385910724,3.13321441445951,0.000873828525291607
finn-b-I9_HYPTENS_EXNONE,Hypertension (no controls excluded),European,55917,162875,,2021,NA,NA,,"",HG19/GRCh37,1369,finn-b-I9_IHD,Hypertension (no controls excluded) || id:finn-b-I9_HYPTENS_EXNONE,Inverse variance weighted,62,0.305703159120583,0.0500765031880046,0.00000000102979398294216,1369,IHD/1369.txt,TRUE,saved summary estimate,0.00000000102979398294216,0.0000000640420795871355,62,,1368,finn-b-F5_DEPRESSIO,Hypertension (no controls excluded) || id:finn-b-I9_HYPTENS_EXNONE,Inverse variance weighted,199,0.0726143954958006,0.0163974871056009,0.00000949410611488238,1368,DD/1368.txt,TRUE,saved summary estimate,0.00000949410611488238,0.00127882409106977,199,,positive,1.35757926170884,1.23066320222131,1.49758394375919,1.07531581033972,1.04130561076351,1.11043682086639,0.00127882409106977
ukb-b-11615,Qualifications: A levels/AS levels or equivalent,European,123661,334418,458079,2018,Ben Elsworth,MRC-IEU,,"",HG19/GRCh37,8860,finn-b-I9_IHD,Qualifications: A levels/AS levels or equivalent || id:ukb-b-11615,Inverse variance weighted,81,-1.01407480597603,0.249400768124608,0.0000478176573524694,8860,IHD/8860.txt,TRUE,saved summary estimate,0.0000478176573524694,0.0013947398451129,81,,8860,finn-b-F5_DEPRESSIO,Qualifications: A levels/AS levels or equivalent || id:ukb-b-11615,Inverse variance weighted,243,-0.729090157683982,0.159946825007838,0.00000515623645205868,8860,DD/8860.txt,TRUE,saved summary estimate,0.00000515623645205868,0.000782442564395943,243,,negative,0.362737877548026,0.222483950736173,0.591407907728482,0.482347650807637,0.352541852000069,0.659947903829588,0.0013947398451129
ukb-b-14057,"Non-cancer illness code, self-reported: hypertension",European,119731,343202,462933,2018,Ben Elsworth,MRC-IEU,,"",HG19/GRCh37,9218,finn-b-I9_IHD,"Non-cancer illness code, self-reported: hypertension || id:ukb-b-14057",Inverse variance weighted,202,1.62152183533004,0.156268867763805,0.000000000000000000000000317235390249455,9218,IHD/9218.txt,TRUE,saved summary estimate,0.000000000000000000000000317235390249455,0.0000000000000000000000667196115493064,202,,9218,finn-b-F5_DEPRESSIO,"Non-cancer illness code, self-reported: hypertension || id:ukb-b-14057",Inverse variance weighted,368,0.421389618841007,0.0961763212863736,0.0000117904052556814,9218,DD/9218.txt,TRUE,saved summary estimate,0.0000117904052556814,0.00155322393631988,368,,positive,5.06078614233799,3.72562586256026,6.87443058516884,1.52407797223724,1.26223508832456,1.84023854743413,0.00155322393631988
finn-b-FG_HYPERTENSION,Hypertensive diseases (excluding secondary),European,55955,162837,,2021,NA,NA,,"",HG19/GRCh37,928,finn-b-I9_IHD,Hypertensive diseases (excluding secondary) || id:finn-b-FG_HYPERTENSION,Inverse variance weighted,63,0.3169938838182,0.0501177299546819,0.000000000253257391884292,928,IHD/928.txt,TRUE,saved summary estimate,0.000000000253257391884292,0.0000000170564585051061,63,,927,finn-b-F5_DEPRESSIO,Hypertensive diseases (excluding secondary) || id:finn-b-FG_HYPERTENSION,Inverse variance weighted,195,0.0697271799870738,0.0162377611974651,0.0000175373731473128,927,DD/927.txt,TRUE,saved summary estimate,0.0000175373731473128,0.00216740236381429,195,,positive,1.3729941744178,1.24453645228919,1.51471095886163,1.07221561946851,1.03862857810775,1.10688879438187,0.00216740236381429
finn-b-I9_HYPERTENSION,Hypertensive diseases,European,55955,162837,,2021,NA,NA,,"",HG19/GRCh37,1351,finn-b-I9_IHD,Hypertensive diseases || id:finn-b-I9_HYPERTENSION,Inverse variance weighted,63,0.3169938838182,0.0501177299546819,0.000000000253257391884292,1351,IHD/1351.txt,TRUE,saved summary estimate,0.000000000253257391884292,0.0000000170564585051061,63,,1350,finn-b-F5_DEPRESSIO,Hypertensive diseases || id:finn-b-I9_HYPERTENSION,Inverse variance weighted,195,0.0697271799870738,0.0162377611974651,0.0000175373731473128,1350,DD/1350.txt,TRUE,saved summary estimate,0.0000175373731473128,0.00216740236381429,195,,positive,1.3729941744178,1.24453645228919,1.51471095886163,1.07221561946851,1.03862857810775,1.10688879438187,0.00216740236381429
finn-b-I9_HYPTENS,Hypertension,European,55917,162837,,2021,NA,NA,,"",HG19/GRCh37,1355,finn-b-I9_IHD,Hypertension || id:finn-b-I9_HYPTENS,Inverse variance weighted,62,0.31388030412005,0.0506276563272929,0.000000000565423328486918,1355,IHD/1355.txt,TRUE,saved summary estimate,0.000000000565423328486918,0.0000000366394316859523,62,,1354,finn-b-F5_DEPRESSIO,Hypertension || id:finn-b-I9_HYPTENS,Inverse variance weighted,196,0.07008632811179,0.0163462254668677,0.0000180601434161851,1354,DD/1354.txt,TRUE,saved summary estimate,0.0000180601434161851,0.0022068363836332,196,,positive,1.36872589589153,1.23942814234993,1.51151205469009,1.07260077285696,1.03878080875269,1.1075218258169,0.0022068363836332
ukb-b-12493,Diagnoses - secondary ICD10: I10 Essential (primary) hypertension,European,54358,408652,463010,2018,Ben Elsworth,MRC-IEU,,"",HG19/GRCh37,8986,finn-b-I9_IHD,Diagnoses - secondary ICD10: I10 Essential (primary) hypertension || id:ukb-b-12493,Inverse variance weighted,61,4.18173696873732,0.561977336959501,0.0000000000000998403589071926,8986,IHD/8986.txt,TRUE,saved summary estimate,0.0000000000000998403589071926,0.0000000000100578674166338,61,,8986,finn-b-F5_DEPRESSIO,Diagnoses - secondary ICD10: I10 Essential (primary) hypertension || id:ukb-b-12493,Inverse variance weighted,167,0.97061112689079,0.229269758555325,0.0000230092879296759,8986,DD/8986.txt,TRUE,saved summary estimate,0.0000230092879296759,0.00262927650967522,167,,positive,65.4794903210112,21.7640905313119,197.001737634334,2.63955707085461,1.68411869974812,4.13703709325276,0.00262927650967522
ukb-b-14177,Vascular/heart problems diagnosed by doctor: High blood pressure,European,124227,337653,461880,2018,Ben Elsworth,MRC-IEU,,"",HG19/GRCh37,9236,finn-b-I9_IHD,Vascular/heart problems diagnosed by doctor: High blood pressure || id:ukb-b-14177,Inverse variance weighted,213,1.68428494084517,0.152881595543353,0.000000000000000000000000000316696564819678,9236,IHD/9236.txt,TRUE,saved summary estimate,0.000000000000000000000000000316696564819678,0.0000000000000000000000000703066373899685,213,,9236,finn-b-F5_DEPRESSIO,Vascular/heart problems diagnosed by doctor: High blood pressure || id:ukb-b-14177,Inverse variance weighted,378,0.417662473104548,0.0986438542367775,0.0000229525447534031,9236,DD/9236.txt,TRUE,saved summary estimate,0.0000229525447534031,0.00262927650967522,378,,positive,5.38859638922077,3.99337610040929,7.27128382496884,1.5184080843339,1.25147207548037,1.84228090721527,0.00262927650967522
ukb-b-6134,Age completed full time education,European,,,307897,2018,Ben Elsworth,MRC-IEU,,"",HG19/GRCh37,10632,finn-b-I9_IHD,Age completed full time education || id:ukb-b-6134,Inverse variance weighted,37,-0.642697976851639,0.153144344396671,0.000027085488325246,10632,IHD/10632.txt,TRUE,saved summary estimate,0.000027085488325246,0.000824113791987434,37,,10632,finn-b-F5_DEPRESSIO,Age completed full time education || id:ukb-b-6134,Inverse variance weighted,157,-0.416313220600831,0.0996208386871031,0.0000292822945558795,10632,DD/10632.txt,TRUE,saved summary estimate,0.0000292822945558795,0.00325033469570262,157,,negative,0.525871718665832,0.389511888423392,0.709968226160945,0.659473677390007,0.542498442560669,0.801671483364052,0.00325033469570262
ukb-b-4063,Number of self-reported non-cancer illnesses,European,,,462933,2018,Ben Elsworth,MRC-IEU,,"",HG19/GRCh37,10339,finn-b-I9_IHD,Number of self-reported non-cancer illnesses || id:ukb-b-4063,Inverse variance weighted,34,1.15647320560509,0.303810792705293,0.000140914628216553,10339,IHD/10339.txt,TRUE,saved summary estimate,0.000140914628216553,0.00377072447111616,34,,10339,finn-b-F5_DEPRESSIO,Number of self-reported non-cancer illnesses || id:ukb-b-4063,Inverse variance weighted,166,0.603180815029583,0.103918214737324,0.00000000646045805676809,10339,DD/10339.txt,TRUE,saved summary estimate,0.00000000646045805676809,0.00000151858767028502,166,,positive,3.17870285265569,1.75243114909065,5.76579104447246,1.82792385075778,1.49108063301771,2.24086178183864,0.00377072447111616
ukb-b-17729,Qualifications: None of the above,European,79538,378541,458079,2018,Ben Elsworth,MRC-IEU,,"",HG19/GRCh37,9703,finn-b-I9_IHD,Qualifications: None of the above || id:ukb-b-17729,Inverse variance weighted,86,0.951437223226775,0.250493227222649,0.000145718202388253,9703,IHD/9703.txt,TRUE,saved summary estimate,0.000145718202388253,0.00388193291162306,86,,9703,finn-b-F5_DEPRESSIO,Qualifications: None of the above || id:ukb-b-17729,Inverse variance weighted,266,0.780210325333374,0.182614460118155,0.0000193340831509644,9703,DD/9703.txt,TRUE,saved summary estimate,0.0000193340831509644,0.00231776988813761,266,,positive,2.5894285731104,1.58481946379029,4.23085435813894,2.18193113263369,1.52544471432998,3.12094133784929,0.00388193291162306
ukb-b-7408,Average total household income before tax,European,,,397751,2018,Ben Elsworth,MRC-IEU,,"",HG19/GRCh37,10801,finn-b-I9_IHD,Average total household income before tax || id:ukb-b-7408,Inverse variance weighted,43,-0.419278838053126,0.110666177454608,0.00015144926441981,10801,IHD/10801.txt,TRUE,saved summary estimate,0.00015144926441981,0.00400788914318914,43,,10801,finn-b-F5_DEPRESSIO,Average total household income before tax || id:ukb-b-7408,Inverse variance weighted,178,-0.305813365193817,0.0683036978167551,0.00000756074020971929,10801,DD/10801.txt,TRUE,saved summary estimate,0.00000756074020971929,0.00104181785786339,178,,negative,0.657520827876567,0.529308127069055,0.816790101987387,0.736524067656008,0.644236996933901,0.842031278579627,0.00400788914318914
ieu-b-102,Major depression,European,170756,329443,,2019,Howard DM,PGC,30718901,"",HG19/GRCh37,3010,finn-b-I9_IHD,Major depression || id:ieu-b-102,Inverse variance weighted,43,0.27845937222382,0.0735686734372125,0.000153692253346616,3010,IHD/3010.txt,TRUE,saved summary estimate,0.000153692253346616,0.00405828795841241,43,,3010,finn-b-F5_DEPRESSIO,Major depression || id:ieu-b-102,Inverse variance weighted,164,0.49414988890024,0.0463424713503797,0.0000000000000000000000000151621941074633,3010,DD/3010.txt,TRUE,saved summary estimate,0.0000000000000000000000000151621941074633,0.0000000000000000000000201960425511411,164,,positive,1.32109293123774,1.14369559845826,1.52600616398195,1.63910422591186,1.49678375842471,1.7949571194103,0.00405828795841241
ukb-b-18994,Miserableness,European,195435,259547,454982,2018,Ben Elsworth,MRC-IEU,,"",HG19/GRCh37,9850,finn-b-I9_IHD,Miserableness || id:ukb-b-18994,Inverse variance weighted,43,1.15876833873796,0.310560318607139,0.000190556021759453,9850,IHD/9850.txt,TRUE,saved summary estimate,0.000190556021759453,0.00493387816166808,43,,9850,finn-b-F5_DEPRESSIO,Miserableness || id:ukb-b-18994,Inverse variance weighted,145,1.7534365317918,0.195522236095152,0.000000000000000000302043526237,9850,DD/9850.txt,TRUE,saved summary estimate,0.000000000000000000302043526237,0.000000000000000212993987795833,145,,positive,3.18600677742604,1.73337454789439,5.85599875003074,5.77441257022081,3.93618881387909,8.47109783289688,0.00493387816166808
ieu-b-4877,smoking initiation,European,311629,321173,607291,2019,Liu M,GSCAN,30643251,"",HG19/GRCh37,3055,finn-b-I9_IHD,smoking initiation || id:ieu-b-4877,Inverse variance weighted,83,0.202631984122031,0.0549132574802295,0.000224220919931307,3055,IHD/3055.txt,TRUE,saved summary estimate,0.000224220919931307,0.00569483133079769,83,,3055,finn-b-F5_DEPRESSIO,smoking initiation || id:ieu-b-4877,Inverse variance weighted,216,0.246049367287891,0.0437686210157804,0.0000000189204752916056,3055,DD/3055.txt,TRUE,saved summary estimate,0.0000000189204752916056,0.0000042412295387119,216,,positive,1.22462170507661,1.09966105385305,1.36378233573883,1.27896271090362,1.17381939245701,1.39352410293548,0.00569483133079769
finn-b-G6_SLEEPAPNO_INCLAVO,"Sleep apnoea, including avohilmo",European,16794,201998,,2021,NA,NA,,"",HG19/GRCh37,1032,finn-b-I9_IHD,"Sleep apnoea, including avohilmo || id:finn-b-G6_SLEEPAPNO_INCLAVO",Inverse variance weighted,5,0.228672038377845,0.0622446745250879,0.000239006593188333,1032,IHD/1032.txt,TRUE,saved summary estimate,0.000239006593188333,0.0060575286239783,5,,1031,finn-b-F5_DEPRESSIO,"Sleep apnoea, including avohilmo || id:finn-b-G6_SLEEPAPNO_INCLAVO",Inverse variance weighted,29,0.151291869744171,0.0319164425643038,0.00000213456235025131,1031,DD/1031.txt,TRUE,saved summary estimate,0.00000213456235025131,0.000360410330349475,29,,positive,1.25692974668685,1.11256980183079,1.42002091509809,1.16333615116036,1.09279173024953,1.2384345187967,0.0060575286239783
finn-b-G6_SLEEPAPNO,Sleep apnoea,European,16761,201194,,2021,NA,NA,,"",HG19/GRCh37,1031,finn-b-I9_IHD,Sleep apnoea || id:finn-b-G6_SLEEPAPNO,Inverse variance weighted,5,0.227414588200421,0.0619734761649628,0.000242980591588798,1031,IHD/1031.txt,TRUE,saved summary estimate,0.000242980591588798,0.00613231859361371,5,,1030,finn-b-F5_DEPRESSIO,Sleep apnoea || id:finn-b-G6_SLEEPAPNO,Inverse variance weighted,31,0.141548953028712,0.0310740766154289,0.00000523332014500891,1030,DD/1030.txt,TRUE,saved summary estimate,0.00000523332014500891,0.000784213023729585,31,,positive,1.25535021345417,1.11176247891728,1.4174827701994,1.15205689955492,1.08398467218037,1.22440393658191,0.00613231859361371
ukb-b-17360,Illnesses of siblings: None of the above (group 1),European,245626,119345,364971,2018,Ben Elsworth,MRC-IEU,,"",HG19/GRCh37,9653,finn-b-I9_IHD,Illnesses of siblings: None of the above (group 1) || id:ukb-b-17360,Inverse variance weighted,11,-5.74532722823861,1.45792443401551,0.0000812245720922288,9653,IHD/9653.txt,TRUE,saved summary estimate,0.0000812245720922288,0.00230193893674146,11,,9653,finn-b-F5_DEPRESSIO,Illnesses of siblings: None of the above (group 1) || id:ukb-b-17360,Inverse variance weighted,73,-0.961245721847032,0.243150015861983,0.0000770796821555736,9653,DD/9653.txt,TRUE,saved summary estimate,0.0000770796821555736,0.00739224983744813,73,,negative,0.00319768800660884,0.000183580165087018,0.0556988745639444,0.382416204909632,0.237444883257069,0.615899369030232,0.00739224983744813
ukb-b-4630,Neuroticism score,European,,,374323,2018,Ben Elsworth,MRC-IEU,,"",HG19/GRCh37,10428,finn-b-I9_IHD,Neuroticism score || id:ukb-b-4630,Inverse variance weighted,108,0.096828449919336,0.0274828284938128,0.00042631396023292,10428,IHD/10428.txt,TRUE,saved summary estimate,0.00042631396023292,0.0102596904787366,108,,10428,finn-b-F5_DEPRESSIO,Neuroticism score || id:ukb-b-4630,Inverse variance weighted,265,0.177753871979534,0.0191044492821127,0.0000000000000000000134854949542131,10428,DD/10428.txt,TRUE,saved summary estimate,0.0000000000000000000134854949542131,0.0000000000000000115474366793648,265,,positive,1.10167136559767,1.04389833669214,1.16264175841461,1.19453127743138,1.15062946257124,1.24010814878078,0.0102596904787366
finn-b-E4_ENDONUTRMET,"Endocrine, nutritional and metabolic diseases",European,77918,140874,,2021,NA,NA,,"",HG19/GRCh37,737,finn-b-I9_IHD,"Endocrine, nutritional and metabolic diseases || id:finn-b-E4_ENDONUTRMET",Inverse variance weighted,19,0.328457698144888,0.0564498454074476,0.00000000593511834163686,737,IHD/737.txt,TRUE,saved summary estimate,0.00000000593511834163686,0.000000327881099905727,19,,737,finn-b-F5_DEPRESSIO,"Endocrine, nutritional and metabolic diseases || id:finn-b-E4_ENDONUTRMET",Inverse variance weighted,80,0.11333283749734,0.029974005233853,0.000156176151380102,737,DD/737.txt,TRUE,saved summary estimate,0.000156176151380102,0.0142605901682078,80,,positive,1.38882448923315,1.24335827007402,1.55130947235256,1.12000465046283,1.05610096049033,1.18777509346831,0.0142605901682078
ukb-b-13352,Vascular/heart problems diagnosed by doctor: None of the above,European,325118,136762,461880,2018,Ben Elsworth,MRC-IEU,,"",HG19/GRCh37,9114,finn-b-I9_IHD,Vascular/heart problems diagnosed by doctor: None of the above || id:ukb-b-13352,Inverse variance weighted,204,-1.95600236881649,0.204917497379099,0.0000000000000000000013569263113975,9114,IHD/9114.txt,TRUE,saved summary estimate,0.0000000000000000000013569263113975,0.0000000000000000002392181267799,204,,9114,finn-b-F5_DEPRESSIO,Vascular/heart problems diagnosed by doctor: None of the above || id:ukb-b-13352,Inverse variance weighted,367,-0.378123299991119,0.100040814273405,0.000157023515365651,9114,DD/9114.txt,TRUE,saved summary estimate,0.000157023515365651,0.0142605901682078,367,,negative,0.141422647971393,0.0946432552586411,0.211323726181897,0.685146016959751,0.563153356677652,0.833565242912171,0.0142605901682078
ukb-b-5076,Leisure/social activities: None of the above,European,140035,321334,461369,2018,Ben Elsworth,MRC-IEU,,"",HG19/GRCh37,10502,finn-b-I9_IHD,Leisure/social activities: None of the above || id:ukb-b-5076,Inverse variance weighted,10,2.37035840464,0.65713447864885,0.000309622690342375,10502,IHD/10502.txt,TRUE,saved summary estimate,0.000309622690342375,0.00770074027349459,10,,10502,finn-b-F5_DEPRESSIO,Leisure/social activities: None of the above || id:ukb-b-5076,Inverse variance weighted,78,1.25780110092033,0.333511824528162,0.000162344735814165,10502,DD/10502.txt,TRUE,saved summary estimate,0.000162344735814165,0.0146329976912798,78,,positive,10.7012269662845,2.95168096434312,38.796963481932,3.51767795804122,1.82963761900951,6.76311969535683,0.0146329976912798
ukb-b-20292,Taking other prescription medications,European,216598,244734,461332,2018,Ben Elsworth,MRC-IEU,,"",HG19/GRCh37,10038,finn-b-I9_IHD,Taking other prescription medications || id:ukb-b-20292,Inverse variance weighted,24,1.749260217626,0.502395459540441,0.00049798258531008,10038,IHD/10038.txt,TRUE,saved summary estimate,0.00049798258531008,0.0118214163023708,24,,10038,finn-b-F5_DEPRESSIO,Taking other prescription medications || id:ukb-b-20292,Inverse variance weighted,85,0.895607421141811,0.239630753445601,0.000185897702699981,10038,DD/10038.txt,TRUE,saved summary estimate,0.000185897702699981,0.0161488526084592,85,,positive,5.75034709667202,2.14806001656013,15.3936535652093,2.44882280453842,1.5310153525054,3.91683409197312,0.0161488526084592
ukb-b-16489,Qualifications: College or University degree,European,148722,309357,458079,2018,Ben Elsworth,MRC-IEU,,"",HG19/GRCh37,9546,finn-b-I9_IHD,Qualifications: College or University degree || id:ukb-b-16489,Inverse variance weighted,238,-0.793934897145857,0.121340430105172,0.0000000000602819966898774,9546,IHD/9546.txt,TRUE,saved summary estimate,0.0000000000602819966898774,0.00000000435337696577259,238,,9546,finn-b-F5_DEPRESSIO,Qualifications: College or University degree || id:ukb-b-16489,Inverse variance weighted,472,-0.37962858493602,0.101870475150819,0.000194094657368241,9546,DD/9546.txt,TRUE,saved summary estimate,0.000194094657368241,0.0166200482323605,472,,negative,0.452062471622582,0.356378418221883,0.573436739713801,0.684115452816302,0.560293393081801,0.83530157335574,0.0166200482323605
finn-b-E4_DM2,Type 2 diabetes,European,32469,183185,,2021,NA,NA,,"",HG19/GRCh37,719,finn-b-I9_IHD,Type 2 diabetes || id:finn-b-E4_DM2,Inverse variance weighted,61,0.124246049519415,0.0233525675692388,0.000000103513785204362,719,IHD/719.txt,TRUE,saved summary estimate,0.000000103513785204362,0.0000047363483092744,61,,719,finn-b-F5_DEPRESSIO,Type 2 diabetes || id:finn-b-E4_DM2,Inverse variance weighted,159,0.0498585762037004,0.01341626104538,0.000202177904438144,719,DD/719.txt,TRUE,saved summary estimate,0.000202177904438144,0.0170683712563695,159,,positive,1.13229443722934,1.08163633239477,1.18532509881758,1.05112243213921,1.02384249832187,1.07912923047947,0.0170683712563695
ukb-b-18009,"Medication for cholesterol, blood pressure, diabetes, or take exogenous hormones: Blood pressure medication",European,43244,206466,249710,2018,Ben Elsworth,MRC-IEU,,"",HG19/GRCh37,9741,finn-b-I9_IHD,"Medication for cholesterol, blood pressure, diabetes, or take exogenous hormones: Blood pressure medication || id:ukb-b-18009",Inverse variance weighted,89,1.63540451680953,0.217990238649434,0.0000000000000627595892779053,9741,IHD/9741.txt,TRUE,saved summary estimate,0.0000000000000627595892779053,0.00000000000637594878189431,89,,9741,finn-b-F5_DEPRESSIO,"Medication for cholesterol, blood pressure, diabetes, or take exogenous hormones: Blood pressure medication || id:ukb-b-18009",Inverse variance weighted,195,0.452656132563079,0.121789684707972,0.000201839175505331,9741,DD/9741.txt,TRUE,saved summary estimate,0.000201839175505331,0.0170683712563695,195,,positive,5.13153336874381,3.34726518269613,7.86691023186905,1.57248336770926,1.23855868224865,1.99643664620959,0.0170683712563695
ukb-b-19809,Fed-up feelings,European,184258,268813,453071,2018,Ben Elsworth,MRC-IEU,,"",HG19/GRCh37,9961,finn-b-I9_IHD,Fed-up feelings || id:ukb-b-19809,Inverse variance weighted,53,0.82910613476299,0.247906540890757,0.000824517592054929,9961,IHD/9961.txt,TRUE,saved summary estimate,0.000824517592054929,0.0185099567295028,53,,9961,finn-b-F5_DEPRESSIO,Fed-up feelings || id:ukb-b-19809,Inverse variance weighted,180,1.18886818533813,0.167659934718507,0.00000000000133194630501275,9961,DD/9961.txt,TRUE,saved summary estimate,0.00000000000133194630501275,0.000000000498980384515402,180,,positive,2.29126973826713,1.40946375241813,3.72476199156722,3.28336294526656,2.36376269880664,4.56072525207039,0.0185099567295028
ukb-b-20531,Leg fat percentage (right),European,,,454854,2018,Ben Elsworth,MRC-IEU,,"",HG19/GRCh37,10075,finn-b-I9_IHD,Leg fat percentage (right) || id:ukb-b-20531,Inverse variance weighted,352,0.395371072926318,0.0800877416503377,0.000000794457947805783,10075,IHD/10075.txt,TRUE,saved summary estimate,0.000000794457947805783,0.0000331845361613092,352,,10075,finn-b-F5_DEPRESSIO,Leg fat percentage (right) || id:ukb-b-20531,Inverse variance weighted,563,0.229510390054415,0.0626565106023931,0.00024928488258774,10075,DD/10075.txt,TRUE,saved summary estimate,0.00024928488258774,0.0197909084268995,563,,positive,1.48493510791529,1.26921563481868,1.73731887177264,1.25798393767696,1.11260446221883,1.42235955471297,0.0197909084268995
finn-b-I9_HEARTFAIL_AND_ANTIHYPERT,Heart failure and antihypertensive medication,European,22113,111505,,2021,NA,NA,,"",HG19/GRCh37,1346,finn-b-I9_IHD,Heart failure and antihypertensive medication || id:finn-b-I9_HEARTFAIL_AND_ANTIHYPERT,Inverse variance weighted,8,0.242905129790202,0.0755827623664368,0.00131007489148553,1346,IHD/1346.txt,TRUE,saved summary estimate,0.00131007489148553,0.0278460599275329,8,,1345,finn-b-F5_DEPRESSIO,Heart failure and antihypertensive medication || id:finn-b-I9_HEARTFAIL_AND_ANTIHYPERT,Inverse variance weighted,46,0.0895734037698448,0.0215123876992721,0.0000312986409540048,1345,DD/1345.txt,TRUE,saved summary estimate,0.0000312986409540048,0.00344227621795055,46,,positive,1.27494766382844,1.09939817401637,1.478528511252,1.09370761262779,1.04855090855249,1.14080902716618,0.0278460599275329
finn-b-SLEEP,Sleep disorders (combined),European,19155,197545,,2021,NA,NA,,"",HG19/GRCh37,2505,finn-b-I9_IHD,Sleep disorders (combined) || id:finn-b-SLEEP,Inverse variance weighted,3,0.252961079983272,0.0796223985834203,0.0014880239828858,2505,IHD/2505.txt,TRUE,saved summary estimate,0.0014880239828858,0.0306502259567611,3,,2505,finn-b-F5_DEPRESSIO,Sleep disorders (combined) || id:finn-b-SLEEP,Inverse variance weighted,25,0.152514405698013,0.0377905694406606,0.0000544213078163396,2505,DD/2505.txt,TRUE,saved summary estimate,0.0000544213078163396,0.00543668865085233,25,,positive,1.28783315337136,1.10175149179233,1.50534330407336,1.16475924114364,1.08160374589852,1.25430786919334,0.0306502259567611
finn-b-KELA_DIAB_INSUL,"Diabetes, insuline treatment (Kela reimbursement)",European,29071,189721,,2021,NA,NA,,"",HG19/GRCh37,1704,finn-b-I9_IHD,"Diabetes, insuline treatment (Kela reimbursement) || id:finn-b-KELA_DIAB_INSUL",Inverse variance weighted,53,0.095184219087172,0.0222845122920167,0.0000194321838546918,1704,IHD/1704.txt,TRUE,saved summary estimate,0.0000194321838546918,0.000603505233290273,53,,1704,finn-b-F5_DEPRESSIO,"Diabetes, insuline treatment (Kela reimbursement) || id:finn-b-KELA_DIAB_INSUL",Inverse variance weighted,123,0.0488279779892182,0.0140301882561388,0.000501024031872281,1704,DD/1704.txt,TRUE,saved summary estimate,0.000501024031872281,0.0341265687163915,123,,positive,1.09986145193712,1.05285610879284,1.14896537461726,1.05003970526147,1.02155789385739,1.07931561123987,0.0341265687163915
ukb-b-7212,Leg fat mass (left),European,,,454823,2018,Ben Elsworth,MRC-IEU,,"",HG19/GRCh37,10776,finn-b-I9_IHD,Leg fat mass (left) || id:ukb-b-7212,Inverse variance weighted,385,0.24450089586003,0.0584275690217206,0.0000285563437038695,10776,IHD/10776.txt,TRUE,saved summary estimate,0.0000285563437038695,0.000864478404853504,385,,10776,finn-b-F5_DEPRESSIO,Leg fat mass (left) || id:ukb-b-7212,Inverse variance weighted,611,0.15558605535828,0.0450143201214752,0.000547507302426997,10776,DD/10776.txt,TRUE,saved summary estimate,0.000547507302426997,0.036463986341638,611,,positive,1.27698380622257,1.13880886463103,1.43192390927079,1.16834247387146,1.06967834156504,1.27610710922213,0.036463986341638
ukb-b-18096,Leg fat mass (right),European,,,454846,2018,Ben Elsworth,MRC-IEU,,"",HG19/GRCh37,9750,finn-b-I9_IHD,Leg fat mass (right) || id:ukb-b-18096,Inverse variance weighted,385,0.231314808937086,0.0569763898534865,0.0000491071575046377,9750,IHD/9750.txt,TRUE,saved summary estimate,0.0000491071575046377,0.00142541550645423,385,,9750,finn-b-F5_DEPRESSIO,Leg fat mass (right) || id:ukb-b-18096,Inverse variance weighted,602,0.157342315862042,0.0455714772084914,0.000555110776095118,9750,DD/9750.txt,TRUE,saved summary estimate,0.000555110776095118,0.0365037097182114,602,,positive,1.2602559168328,1.12709224846218,1.40915260315125,1.17039619051602,1.07038909283111,1.27974701157625,0.0365037097182114
finn-b-E4_NUTRIDEF,Other nutritional deficiencies,European,9185,209607,,2021,NA,NA,,"",HG19/GRCh37,777,finn-b-I9_IHD,Other nutritional deficiencies || id:finn-b-E4_NUTRIDEF,Inverse variance weighted,4,0.126527234726631,0.0406269305014369,0.00184339073117175,777,IHD/777.txt,TRUE,saved summary estimate,0.00184339073117175,0.0369978762617418,4,,777,finn-b-F5_DEPRESSIO,Other nutritional deficiencies || id:finn-b-E4_NUTRIDEF,Inverse variance weighted,37,0.0773287105094773,0.0219852261863764,0.000435955187876086,777,DD/777.txt,TRUE,saved summary estimate,0.000435955187876086,0.0309244425577427,37,,positive,1.13488035891152,1.04801557868291,1.22894492719447,1.08039715592978,1.03483052276032,1.12797022204911,0.0369978762617418
