location_name,longitude,latitude,analysis,outcome,exposure,bandwidth_km,local_beta,local_se,local_t,ISO3,small_island_excluded
American Samoa,-170.7046,-14.274,Full 204: IHD association with DD,DD,IHD,1996.26309064423,-1.18712410268055,1.31611726913516,-0.901989610288016,ASM,TRUE
Antigua and Barbuda,-61.85,17.1167,Full 204: IHD association with DD,DD,IHD,1996.26309064423,0.133882685317506,0.409455344541935,0.326977500970913,ATG,TRUE
Arab Republic of Egypt,31.2358,30.0444,Full 204: IHD association with DD,DD,IHD,1996.26309064423,0.183600361606235,0.0753913469268935,2.43529753864553,EGY,FALSE
Argentine Republic,-58.3814,-34.6036,Full 204: IHD association with DD,DD,IHD,1996.26309064423,-0.447512910615333,0.691309146919429,-0.647341225860403,ARG,FALSE
Australia,144.9631,-37.8142,Full 204: IHD association with DD,DD,IHD,1996.26309064423,-0.934749598719158,0.640561200760515,-1.45926665181932,AUS,FALSE
Barbados,-59.6131,13.0969,Full 204: IHD association with DD,DD,IHD,1996.26309064423,0.378064660676311,0.392568531668376,0.96305391333731,BRB,TRUE
Belize,-88.1886,17.4986,Full 204: IHD association with DD,DD,IHD,1996.26309064423,-0.215525703383648,0.568098871019408,-0.379380622596388,BLZ,TRUE
Bermuda,-64.7819,32.2942,Full 204: IHD association with DD,DD,IHD,1996.26309064423,-0.658141304217736,0.409282708492569,-1.60803593839021,BMU,FALSE
Bolivarian Republic of Venezuela,-66.9036,10.4806,Full 204: IHD association with DD,DD,IHD,1996.26309064423,0.422357898777961,0.462220271760719,0.913758925304353,VEN,FALSE
Bosnia and Herzegovina,18.4131,43.8564,Full 204: IHD association with DD,DD,IHD,1996.26309064423,0.210130888690212,0.0745056221801403,2.82033600339792,BIH,FALSE
Brunei Darussalam,114.9422,4.8903,Full 204: IHD association with DD,DD,IHD,1996.26309064423,0.655201288919434,0.26489315851046,2.47345493029621,BRN,FALSE
Burkina Faso,-1.5275,12.3686,Full 204: IHD association with DD,DD,IHD,1996.26309064423,0.233604302827687,0.0925811344840327,2.52323871520473,BFA,FALSE
Canada,-79.3733,43.7417,Full 204: IHD association with DD,DD,IHD,1996.26309064423,-1.12757542188013,0.544792909241298,-2.0697321913577,CAN,FALSE
Central African Republic,18.5628,4.3733,Full 204: IHD association with DD,DD,IHD,1996.26309064423,0.149737319416496,0.0880973519546775,1.69968013900724,CAF,FALSE
Commonwealth of Dominica,-61.3883,15.3014,Full 204: IHD association with DD,DD,IHD,1996.26309064423,0.245052288818605,0.408572688838037,0.599776479224598,DMA,TRUE
Commonwealth of the Bahamas,-77.3503,25.0442,Full 204: IHD association with DD,DD,IHD,1996.26309064423,-0.575423369942722,0.549288356765555,-1.04757976908715,BHS,TRUE
Cook Islands,-159.771,-21.207,Full 204: IHD association with DD,DD,IHD,1996.26309064423,-1.40019951183092,1.54444109566015,-0.906605966239478,COK,TRUE
Czech Republic,14.4214,50.0875,Full 204: IHD association with DD,DD,IHD,1996.26309064423,0.209769949001867,0.0796931890260968,2.63221928455109,CZE,FALSE
Democratic People's Republic of Korea,125.7475,39.0167,Full 204: IHD association with DD,DD,IHD,1996.26309064423,0.504581859201327,0.203742966580625,2.4765608730923,PRK,FALSE
Democratic Republic of Sao Tome and Principe,6.7306,0.3361,Full 204: IHD association with DD,DD,IHD,1996.26309064423,0.153386120322259,0.0938533676792422,1.63431663791201,STP,TRUE
Democratic Republic of Timor-Leste,125.5795,-8.5594,Full 204: IHD association with DD,DD,IHD,1996.26309064423,0.391928489504106,0.411708841390052,0.951955484319545,TLS,FALSE
Democratic Republic of the Congo,15.3119,-4.3219,Full 204: IHD association with DD,DD,IHD,1996.26309064423,0.0842343910113814,0.105942444113319,0.795095787305812,COD,FALSE
Democratic Socialist Republic of Sri Lanka,79.8333,6.9167,Full 204: IHD association with DD,DD,IHD,1996.26309064423,0.417778607567541,0.122707054084093,3.40468289036774,LKA,FALSE
Dominican Republic,-70.6889,19.4572,Full 204: IHD association with DD,DD,IHD,1996.26309064423,-0.141982502748937,0.497632723360676,-0.285315848584239,DOM,TRUE
Eastern Republic of Uruguay,-56.1842,-34.9056,Full 204: IHD association with DD,DD,IHD,1996.26309064423,-0.460304440669017,0.707056342958467,-0.651015220007799,URY,FALSE
Federal Democratic Republic of Ethiopia,38.74,9.03,Full 204: IHD association with DD,DD,IHD,1996.26309064423,0.093824779876556,0.0924329140295837,1.0150581193029,ETH,FALSE
Federal Democratic Republic of Nepal,85.32,27.71,Full 204: IHD association with DD,DD,IHD,1996.26309064423,0.344195031981361,0.112992395123501,3.04617874154411,NPL,FALSE
Federal Republic of Germany,13.405,52.52,Full 204: IHD association with DD,DD,IHD,1996.26309064423,0.210237095634519,0.0829185679948859,2.5354646217176,DEU,FALSE
Federal Republic of Nigeria,3.3841,6.455,Full 204: IHD association with DD,DD,IHD,1996.26309064423,0.206253652408025,0.0879260875459704,2.34576174335279,NGA,FALSE
Federal Republic of Somalia,45.3419,2.0392,Full 204: IHD association with DD,DD,IHD,1996.26309064423,0.0539859230020524,0.110568549645009,0.488257494336134,SOM,FALSE
Federated States of Micronesia,151.8583,7.4417,Full 204: IHD association with DD,DD,IHD,1996.26309064423,0.0671925820391557,0.381454253250507,0.176148467258089,FSM,TRUE
Federative Republic of Brazil,-46.6339,-23.5504,Full 204: IHD association with DD,DD,IHD,1996.26309064423,0.111535987722738,0.454331418965506,0.245494771144599,BRA,FALSE
French Republic,2.3522,48.8567,Full 204: IHD association with DD,DD,IHD,1996.26309064423,0.184023642633946,0.0815123011655367,2.25761805276761,FRA,FALSE
Gabonese Republic,9.4544,0.3901,Full 204: IHD association with DD,DD,IHD,1996.26309064423,0.146591575503124,0.0937077439857744,1.56434857214552,GAB,FALSE
Georgia,44.7925,41.7225,Full 204: IHD association with DD,DD,IHD,1996.26309064423,0.155363109579932,0.0830266400701446,1.871244090435,GEO,FALSE
Grand Duchy of Luxembourg,6.1319,49.6117,Full 204: IHD association with DD,DD,IHD,1996.26309064423,0.193266096284197,0.0802990123801526,2.40683030283404,LUX,FALSE
Greenland,-51.7361,64.1767,Full 204: IHD association with DD,DD,IHD,1996.26309064423,-0.1011674504663,0.131077734276723,-0.771812627251561,GRL,FALSE
Grenada,-61.75,12.05,Full 204: IHD association with DD,DD,IHD,1996.26309064423,0.404840300494019,0.420047884631756,0.963795594040262,GRD,TRUE
Guam,144.7332,13.4692,Full 204: IHD association with DD,DD,IHD,1996.26309064423,0.170743062309774,0.365337426711259,0.467357160329261,GUM,TRUE
Hashemite Kingdom of Jordan,35.9328,31.9497,Full 204: IHD association with DD,DD,IHD,1996.26309064423,0.16830700615803,0.0779942747270965,2.15794052508264,JOR,FALSE
Hellenic Republic,23.7281,37.9842,Full 204: IHD association with DD,DD,IHD,1996.26309064423,0.205916480783785,0.0729782381638098,2.82161485347971,GRC,FALSE
Hungary,19.0408,47.4983,Full 204: IHD association with DD,DD,IHD,1996.26309064423,0.21219980639591,0.0774000614766989,2.74159738826296,HUN,FALSE
Independent State of Papua New Guinea,147.14940000000001,-9.4789,Full 204: IHD association with DD,DD,IHD,1996.26309064423,-0.20077050435807,0.44612118619645,-0.450035798725014,PNG,TRUE
Independent State of Samoa,-171.75,-13.8333,Full 204: IHD association with DD,DD,IHD,1996.26309064423,-1.16348262439811,1.28784310268368,-0.903435070602609,WSM,TRUE
Ireland,-6.2603,53.3497,Full 204: IHD association with DD,DD,IHD,1996.26309064423,0.150190928685478,0.0895382871112107,1.67739336468357,IRL,FALSE
Islamic Republic of Afghanistan,69.1783,34.5253,Full 204: IHD association with DD,DD,IHD,1996.26309064423,0.142803430114988,0.0983848215967458,1.45147826460775,AFG,FALSE
Islamic Republic of Iran,51.3897,35.6889,Full 204: IHD association with DD,DD,IHD,1996.26309064423,0.123453476425629,0.0856311089014808,1.4416895683047,IRN,FALSE
Islamic Republic of Mauritania,-15.9785,18.0858,Full 204: IHD association with DD,DD,IHD,1996.26309064423,0.23748561408688,0.122264457754082,1.94239289528073,MRT,FALSE
Islamic Republic of Pakistan,67.01,24.86,Full 204: IHD association with DD,DD,IHD,1996.26309064423,0.187744595346057,0.0974814931625763,1.92595116524265,PAK,FALSE
Jamaica,-76.7931,17.9714,Full 204: IHD association with DD,DD,IHD,1996.26309064423,-0.115576801851882,0.526660404730917,-0.219452233001895,JAM,TRUE
Japan,139.7495,35.687,Full 204: IHD association with DD,DD,IHD,1996.26309064423,0.398909634418703,0.297078709109338,1.34277422846848,JPN,FALSE
Kingdom of Bahrain,50.5875,26.2233,Full 204: IHD association with DD,DD,IHD,1996.26309064423,0.11900795345881,0.087610760450221,1.35837142432325,BHR,TRUE
Kingdom of Belgium,4.3525,50.8467,Full 204: IHD association with DD,DD,IHD,1996.26309064423,0.188155577283823,0.0819656881137615,2.29554075142612,BEL,FALSE
Kingdom of Bhutan,89.6361,27.4722,Full 204: IHD association with DD,DD,IHD,1996.26309064423,0.3769040037732,0.117248670722764,3.21456952517948,BTN,FALSE
Kingdom of Cambodia,104.921,11.5696,Full 204: IHD association with DD,DD,IHD,1996.26309064423,0.647906234382213,0.184299671201254,3.5155040166876,KHM,FALSE
Kingdom of Denmark,12.5615,55.6805,Full 204: IHD association with DD,DD,IHD,1996.26309064423,0.212097756547636,0.0883324917433131,2.40112955450158,DNK,FALSE
Kingdom of Eswatini,31.388,-26.495,Full 204: IHD association with DD,DD,IHD,1996.26309064423,-0.138249822662886,0.234717354686809,-0.589005541781762,SWZ,FALSE
Kingdom of Lesotho,27.48,-29.31,Full 204: IHD association with DD,DD,IHD,1996.26309064423,-0.154781761663659,0.276826936899225,-0.559128253187314,LSO,FALSE
Kingdom of Morocco,-7.5833,33.5333,Full 204: IHD association with DD,DD,IHD,1996.26309064423,0.198282271147045,0.0963188209532346,2.05860359569098,MAR,FALSE
Kingdom of Norway,10.7389,59.9133,Full 204: IHD association with DD,DD,IHD,1996.26309064423,0.212220918404752,0.0975199813049421,2.17617882576437,NOR,FALSE
Kingdom of Saudi Arabia,46.71,24.65,Full 204: IHD association with DD,DD,IHD,1996.26309064423,0.123375870372588,0.0862637886506011,1.43021622748688,SAU,FALSE
Kingdom of Spain,-3.7033,40.4169,Full 204: IHD association with DD,DD,IHD,1996.26309064423,0.185765519985263,0.0872705786860425,2.1286156546934,ESP,FALSE
Kingdom of Sweden,18.0547,59.3275,Full 204: IHD association with DD,DD,IHD,1996.26309064423,0.228391796338641,0.0975521603125936,2.34122745828271,SWE,FALSE
Kingdom of Thailand,100.4942,13.7525,Full 204: IHD association with DD,DD,IHD,1996.26309064423,0.581726541866399,0.163499112514595,3.55797981358749,THA,FALSE
Kingdom of Tonga,-175.2,-21.1333,Full 204: IHD association with DD,DD,IHD,1996.26309064423,-1.30723802863611,1.15701367918928,-1.12983800636834,TON,TRUE
Kingdom of the Netherlands,5.0911,51.5572,Full 204: IHD association with DD,DD,IHD,1996.26309064423,0.190036422348459,0.0824099947207788,2.30598755639215,NLD,FALSE
Kyrgyz Republic,74.5667,42.8667,Full 204: IHD association with DD,DD,IHD,1996.26309064423,0.127233217428344,0.103319150076961,1.23145822757513,KGZ,FALSE
Lao People's Democratic Republic,102.63,17.98,Full 204: IHD association with DD,DD,IHD,1996.26309064423,0.560191300511924,0.155015604470483,3.61377360960194,LAO,FALSE
Lebanese Republic,35.5058,33.8981,Full 204: IHD association with DD,DD,IHD,1996.26309064423,0.172138981594785,0.0776679676331084,2.21634461207925,LBN,FALSE
Malaysia,101.698,3.1686,Full 204: IHD association with DD,DD,IHD,1996.26309064423,0.700955522750696,0.212852181698805,3.29315639217914,MYS,FALSE
Mongolia,106.9055,47.9214,Full 204: IHD association with DD,DD,IHD,1996.26309064423,0.390691640207856,0.13013845126003,3.00212301917758,MNG,FALSE
Montenegro,19.2628,42.4414,Full 204: IHD association with DD,DD,IHD,1996.26309064423,0.209959817444104,0.0738181959729228,2.84428269584262,MNE,FALSE
New Zealand,174.7653,-36.8492,Full 204: IHD association with DD,DD,IHD,1996.26309064423,-1.60707749801011,0.907445175226382,-1.77099128617792,NZL,FALSE
North Macedonia,21.4317,41.9961,Full 204: IHD association with DD,DD,IHD,1996.26309064423,0.208882846590518,0.073903602164941,2.82642307643306,MKD,FALSE
Northern Mariana Islands,145.7546,15.2137,Full 204: IHD association with DD,DD,IHD,1996.26309064423,0.166092027954874,0.372099221318109,0.446364889898228,MNP,TRUE
Palestine,34.456,31.5069,Full 204: IHD association with DD,DD,IHD,1996.26309064423,0.173154635296184,0.0771555528299963,2.24422778329009,PSE,FALSE
People's Democratic Republic of Algeria,3.0872,36.7325,Full 204: IHD association with DD,DD,IHD,1996.26309064423,0.20842298910455,0.0804557072202209,2.59053081882756,DZA,FALSE
People's Republic of Bangladesh,90.3944,23.7289,Full 204: IHD association with DD,DD,IHD,1996.26309064423,0.402687446103996,0.121788796181859,3.30644081170397,BGD,FALSE
People's Republic of China,113.26,23.13,Full 204: IHD association with DD,DD,IHD,1996.26309064423,0.575349257602889,0.167956186266591,3.42559134255203,CHN,FALSE
Plurinational State of Bolivia,-63.1975,-17.7892,Full 204: IHD association with DD,DD,IHD,1996.26309064423,0.155951935934904,0.419079404726145,0.372129802076085,BOL,FALSE
Portuguese Republic,-9.134,38.7122,Full 204: IHD association with DD,DD,IHD,1996.26309064423,0.177560491977478,0.0955301307903794,1.85868574143478,PRT,FALSE
Principality of Andorra,1.5,42.5,Full 204: IHD association with DD,DD,IHD,1996.26309064423,0.192375679464496,0.0811123072523377,2.37171997667409,AND,FALSE
Principality of Monaco,7.4167,43.7333,Full 204: IHD association with DD,DD,IHD,1996.26309064423,0.201114442670223,0.0768675608995796,2.61637601501315,MCO,FALSE
Puerto Rico,-66.061,18.3985,Full 204: IHD association with DD,DD,IHD,1996.26309064423,-0.00803461650128995,0.457418762103609,-0.0175651223057397,PRI,TRUE
Republic of Albania,19.8186,41.3272,Full 204: IHD association with DD,DD,IHD,1996.26309064423,0.209813259561837,0.0733719510669611,2.85958403055626,ALB,FALSE
Republic of Angola,13.2344,-8.8383,Full 204: IHD association with DD,DD,IHD,1996.26309064423,0.0509665788868214,0.118223523590544,0.431103534549853,AGO,FALSE
Republic of Armenia,44.5144,40.1814,Full 204: IHD association with DD,DD,IHD,1996.26309064423,0.152813448831975,0.0825759119494135,1.85058142531431,ARM,FALSE
Republic of Austria,16.3725,48.2083,Full 204: IHD association with DD,DD,IHD,1996.26309064423,0.210815086517226,0.077763834356565,2.71096568554723,AUT,FALSE
Republic of Azerbaijan,49.8352,40.3667,Full 204: IHD association with DD,DD,IHD,1996.26309064423,0.1349538468569,0.0849460214947613,1.58870120674484,AZE,FALSE
Republic of Belarus,27.5586,53.9006,Full 204: IHD association with DD,DD,IHD,1996.26309064423,0.225365942041016,0.0887890548189062,2.53821760464363,BLR,FALSE
Republic of Benin,2.4333,6.3667,Full 204: IHD association with DD,DD,IHD,1996.26309064423,0.207230315939344,0.0890052666262608,2.32829273810861,BEN,FALSE
Republic of Botswana,25.9086,-24.6569,Full 204: IHD association with DD,DD,IHD,1996.26309064423,-0.120006644136841,0.209824565215818,-0.571938009324151,BWA,FALSE
Republic of Bulgaria,23.3217,42.6979,Full 204: IHD association with DD,DD,IHD,1996.26309064423,0.207743938694483,0.0746870535311957,2.7815254300762,BGR,FALSE
Republic of Burundi,29.3667,-3.3833,Full 204: IHD association with DD,DD,IHD,1996.26309064423,0.0326077034855796,0.108300710500316,0.301084852859616,BDI,FALSE
Republic of Cabo Verde,-24.988,16.886,Full 204: IHD association with DD,DD,IHD,1996.26309064423,0.24234447071299,0.141478560821664,1.71294130577472,CPV,TRUE
Republic of Cameroon,9.7,4.05,Full 204: IHD association with DD,DD,IHD,1996.26309064423,0.177014385426356,0.0874722332945777,2.02366372458138,CMR,FALSE
Republic of Chad,15.0447,12.1053,Full 204: IHD association with DD,DD,IHD,1996.26309064423,0.21238727679948,0.0780466589804168,2.72128595348036,TCD,FALSE
Republic of Chile,-70.6506,-33.4372,Full 204: IHD association with DD,DD,IHD,1996.26309064423,-0.415087943467779,0.631145319966293,-0.657674120898095,CHL,FALSE
Republic of Colombia,-74.0722,4.7111,Full 204: IHD association with DD,DD,IHD,1996.26309064423,0.540531327878034,0.4772769617638,1.13253178171533,COL,FALSE
Republic of Costa Rica,-84.08,9.9325,Full 204: IHD association with DD,DD,IHD,1996.26309064423,0.281018655621793,0.532814826056125,0.527422740282741,CRI,FALSE
Republic of Cote d'Ivoire,-4.0267,5.3364,Full 204: IHD association with DD,DD,IHD,1996.26309064423,0.213639348132201,0.100097786034178,2.13430642770914,CIV,FALSE
Republic of Croatia,15.9772,45.8131,Full 204: IHD association with DD,DD,IHD,1996.26309064423,0.209484068953644,0.0756874441048001,2.76775192281013,HRV,FALSE
Republic of Cuba,-82.3589,23.1367,Full 204: IHD association with DD,DD,IHD,1996.26309064423,-0.510084291726387,0.563777898683484,-0.904761064450237,CUB,TRUE
Republic of Cyprus,33.365,35.1725,Full 204: IHD association with DD,DD,IHD,1996.26309064423,0.180658303078351,0.0765356194701337,2.36044738814519,CYP,FALSE
Republic of Djibouti,43.1481,11.5944,Full 204: IHD association with DD,DD,IHD,1996.26309064423,0.0994245443514169,0.0933224264513226,1.06538747578833,DJI,FALSE
Republic of Ecuador,-79.8875,-2.19,Full 204: IHD association with DD,DD,IHD,1996.26309064423,0.555538061555397,0.465948332201424,1.19227395649362,ECU,FALSE
Republic of El Salvador,-89.1914,13.6989,Full 204: IHD association with DD,DD,IHD,1996.26309064423,0.00903091009112242,0.56377013407686,0.0160187806080043,SLV,FALSE
Republic of Equatorial Guinea,8.7744,3.7456,Full 204: IHD association with DD,DD,IHD,1996.26309064423,0.176939215843183,0.0880058600001925,2.01053902368315,GNQ,FALSE
Republic of Estonia,24.7453,59.4372,Full 204: IHD association with DD,DD,IHD,1996.26309064423,0.236042364329991,0.099398807321819,2.37470016683166,EST,FALSE
Republic of Fiji,178.4333,-18.1333,Full 204: IHD association with DD,DD,IHD,1996.26309064423,-1.17140787972919,0.993000250453005,-1.17966524096524,FJI,TRUE
Republic of Finland,24.9375,60.1708,Full 204: IHD association with DD,DD,IHD,1996.26309064423,0.23710902260649,0.101139558955199,2.34437469429267,FIN,FALSE
Republic of Ghana,-1.625,6.7,Full 204: IHD association with DD,DD,IHD,1996.26309064423,0.215405710499302,0.0947264350867737,2.27397674473848,GHA,FALSE
Republic of Guatemala,-90.5133,14.6417,Full 204: IHD association with DD,DD,IHD,1996.26309064423,-0.0651344913301551,0.572469850917106,-0.113778029053947,GTM,FALSE
Republic of Guinea,-13.7122,9.5092,Full 204: IHD association with DD,DD,IHD,1996.26309064423,0.248819977969436,0.121491402002521,2.04804598406292,GIN,FALSE
Republic of Guinea-Bissau,-15.5667,11.85,Full 204: IHD association with DD,DD,IHD,1996.26309064423,0.251016822568457,0.124865754193488,2.01029356839897,GNB,TRUE
Republic of Guyana,-58.155,6.8011,Full 204: IHD association with DD,DD,IHD,1996.26309064423,0.577107042796343,0.392921171996008,1.46876036194407,GUY,TRUE
Republic of Haiti,-72.3386,18.5425,Full 204: IHD association with DD,DD,IHD,1996.26309064423,-0.101642721641486,0.506809718417862,-0.200554010603408,HTI,TRUE
Republic of Honduras,-87.21,14.098,Full 204: IHD association with DD,DD,IHD,1996.26309064423,0.0101338417402942,0.555583618135987,0.0182399937822028,HND,FALSE
Republic of Iceland,-21.9425,64.1458,Full 204: IHD association with DD,DD,IHD,1996.26309064423,0.0660204056832119,0.113709733408929,0.580604700265944,ISL,FALSE
Republic of India,77.23,28.61,Full 204: IHD association with DD,DD,IHD,1996.26309064423,0.26331198004594,0.106165550287442,2.48020171640449,IND,FALSE
Republic of Indonesia,106.8275,-6.175,Full 204: IHD association with DD,DD,IHD,1996.26309064423,0.756949241336163,0.30212705773103,2.50540036705365,IDN,FALSE
Republic of Iraq,44.3661,33.3153,Full 204: IHD association with DD,DD,IHD,1996.26309064423,0.140885208411021,0.0825555839918931,1.70654971594478,IRQ,FALSE
Republic of Italy,12.4828,41.8931,Full 204: IHD association with DD,DD,IHD,1996.26309064423,0.208960237861513,0.0742372732677965,2.81476175866171,ITA,FALSE
Republic of Kazakhstan,76.915,43.24,Full 204: IHD association with DD,DD,IHD,1996.26309064423,0.141166074748477,0.105142928114015,1.34261121770737,KAZ,FALSE
Republic of Kenya,36.8172,-1.2864,Full 204: IHD association with DD,DD,IHD,1996.26309064423,0.0248525600271727,0.109534838270657,0.226891831124659,KEN,FALSE
Republic of Kiribati,173.0176,1.3382,Full 204: IHD association with DD,DD,IHD,1996.26309064423,-0.331830070168947,0.804927724647502,-0.412248280197162,KIR,TRUE
Republic of Korea,126.9833,37.5667,Full 204: IHD association with DD,DD,IHD,1996.26309064423,0.499675780955021,0.211275807545676,2.36504021335711,KOR,FALSE
Republic of Latvia,24.1069,56.9475,Full 204: IHD association with DD,DD,IHD,1996.26309064423,0.231514924971166,0.0937267288855246,2.47010567555315,LVA,FALSE
Republic of Liberia,-10.8014,6.3133,Full 204: IHD association with DD,DD,IHD,1996.26309064423,0.236965555934657,0.115696408174137,2.04816691956413,LBR,FALSE
Republic of Lithuania,25.28,54.6872,Full 204: IHD association with DD,DD,IHD,1996.26309064423,0.227290275529733,0.0895358202658074,2.53854016029529,LTU,FALSE
Republic of Madagascar,47.525,-18.91,Full 204: IHD association with DD,DD,IHD,1996.26309064423,-0.112546075814681,0.199003406910493,-0.565548487646252,MDG,FALSE
Republic of Malawi,33.7873,-13.9669,Full 204: IHD association with DD,DD,IHD,1996.26309064423,-0.0750492511809881,0.14455042162028,-0.519190814801879,MWI,FALSE
Republic of Maldives,73.5089,4.1753,Full 204: IHD association with DD,DD,IHD,1996.26309064423,0.359360926924676,0.115319903663337,3.11620904552424,MDV,TRUE
Republic of Mali,-7.9922,12.6458,Full 204: IHD association with DD,DD,IHD,1996.26309064423,0.238988529070029,0.106190255005227,2.2505693112637,MLI,FALSE
Republic of Malta,14.5125,35.8983,Full 204: IHD association with DD,DD,IHD,1996.26309064423,0.216925899661087,0.0725736384315497,2.98904539374428,MLT,FALSE
Republic of Mauritius,57.5042,-20.1644,Full 204: IHD association with DD,DD,IHD,1996.26309064423,-0.00220902802441328,0.220466156118159,-0.0100198055942398,MUS,TRUE
Republic of Moldova,28.8353,47.0228,Full 204: IHD association with DD,DD,IHD,1996.26309064423,0.208402561122053,0.0797885277047979,2.61193641638686,MDA,FALSE
Republic of Mozambique,32.5764,-25.9153,Full 204: IHD association with DD,DD,IHD,1996.26309064423,-0.13775847797869,0.228713454386218,-0.602319082401088,MOZ,FALSE
Republic of Namibia,17.0836,-22.57,Full 204: IHD association with DD,DD,IHD,1996.26309064423,-0.0901485712906931,0.194964802045603,-0.462383826951528,NAM,FALSE
Republic of Nauru,166.925,-0.5456,Full 204: IHD association with DD,DD,IHD,1996.26309064423,-0.316854778332088,0.656238711564248,-0.48283463433118,NRU,TRUE
Republic of Nicaragua,-86.2514,12.1364,Full 204: IHD association with DD,DD,IHD,1996.26309064423,0.137958408185838,0.547008400417755,0.252205282552293,NIC,FALSE
Republic of Niue,-169.921,-19.056,Full 204: IHD association with DD,DD,IHD,1996.26309064423,-1.30084904833139,1.31192444976165,-0.991557896925946,NIU,TRUE
Republic of Palau,134.4792,7.3419,Full 204: IHD association with DD,DD,IHD,1996.26309064423,0.298772465341347,0.348595642506071,0.857074584161343,PLW,TRUE
Republic of Panama,-79.5347,8.9711,Full 204: IHD association with DD,DD,IHD,1996.26309064423,0.373600441618671,0.513204316842862,0.727976030905181,PAN,FALSE
Republic of Paraguay,-57.6435,-25.2945,Full 204: IHD association with DD,DD,IHD,1996.26309064423,-0.0342220246797039,0.474086057916776,-0.0721852585795963,PRY,FALSE
Republic of Peru,-77.0375,-12.06,Full 204: IHD association with DD,DD,IHD,1996.26309064423,0.349044744772524,0.420637237423897,0.829799917168946,PER,FALSE
Republic of Poland,21.0111,52.23,Full 204: IHD association with DD,DD,IHD,1996.26309064423,0.220172756699877,0.0839536204496845,2.62255225588314,POL,FALSE
Republic of Rwanda,30.0606,-1.9536,Full 204: IHD association with DD,DD,IHD,1996.26309064423,0.0418635398277644,0.105389324338724,0.397227518920361,RWA,FALSE
Republic of San Marino,12.4817,43.9717,Full 204: IHD association with DD,DD,IHD,1996.26309064423,0.207168550048132,0.0749995270650912,2.76226475226081,SMR,FALSE
Republic of Senegal,-17.432,14.6726,Full 204: IHD association with DD,DD,IHD,1996.26309064423,0.247774395985958,0.127643211461223,1.94114824556282,SEN,FALSE
Republic of Serbia,20.4569,44.8178,Full 204: IHD association with DD,DD,IHD,1996.26309064423,0.210431152965956,0.0753931528222228,2.79111756291919,SRB,FALSE
Republic of Seychelles,55.4525,-4.6231,Full 204: IHD association with DD,DD,IHD,1996.26309064423,0.0799443838810566,0.13074139580091,0.61146956089404,SYC,TRUE
Republic of Sierra Leone,-13.2331,8.4833,Full 204: IHD association with DD,DD,IHD,1996.26309064423,0.24746907001435,0.120799107784555,2.0486001474093,SLE,FALSE
Republic of Singapore,103.8,1.3,Full 204: IHD association with DD,DD,IHD,1996.26309064423,0.729729766380219,0.232289963972962,3.14146058615412,SGP,TRUE
Republic of Slovenia,14.5061,46.0514,Full 204: IHD association with DD,DD,IHD,1996.26309064423,0.208310327211472,0.0758962480285073,2.74467226803133,SVN,FALSE
Republic of South Africa,28.0456,-26.2044,Full 204: IHD association with DD,DD,IHD,1996.26309064423,-0.133509600515763,0.228913395026249,-0.583231927080783,ZAF,FALSE
Republic of South Sudan,31.58,4.83,Full 204: IHD association with DD,DD,IHD,1996.26309064423,0.0910698972365202,0.0925988463522448,0.983488464749241,SSD,FALSE
Republic of Sudan,32.5265,15.6031,Full 204: IHD association with DD,DD,IHD,1996.26309064423,0.149656821889233,0.080524100911017,1.85853452812359,SDN,FALSE
Republic of Suriname,-55.2039,5.8522,Full 204: IHD association with DD,DD,IHD,1996.26309064423,0.594493071355953,0.367810606368607,1.61630214317467,SUR,TRUE
Republic of Tajikistan,68.78,38.5367,Full 204: IHD association with DD,DD,IHD,1996.26309064423,0.119611454048441,0.0980071469165286,1.22043603769338,TJK,FALSE
Republic of Trinidad and Tobago,-61.4,10.5167,Full 204: IHD association with DD,DD,IHD,1996.26309064423,0.468948380220373,0.418527641248084,1.1204717060549,TTO,TRUE
Republic of Tunisia,10.1817,36.8064,Full 204: IHD association with DD,DD,IHD,1996.26309064423,0.21520238935257,0.0745498802506176,2.88668994006582,TUN,FALSE
Republic of Turkey,28.955,41.0136,Full 204: IHD association with DD,DD,IHD,1996.26309064423,0.19834337567865,0.0757852007701885,2.61717820449018,TUR,FALSE
Republic of Uganda,32.5811,0.3136,Full 204: IHD association with DD,DD,IHD,1996.26309064423,0.0508270428599795,0.102150863356654,0.497568411952816,UGA,FALSE
Republic of Uzbekistan,69.2797,41.3111,Full 204: IHD association with DD,DD,IHD,1996.26309064423,0.110173204826123,0.098529140790975,1.11817888537007,UZB,FALSE
Republic of Vanuatu,168.3167,-17.7333,Full 204: IHD association with DD,DD,IHD,1996.26309064423,-1.02706550658895,0.782243686701737,-1.3129738520735,VUT,TRUE
Republic of Yemen,44.2064,15.3483,Full 204: IHD association with DD,DD,IHD,1996.26309064423,0.110691983920001,0.0903695092855496,1.22488198503144,YEM,FALSE
Republic of Zambia,28.2833,-15.4167,Full 204: IHD association with DD,DD,IHD,1996.26309064423,-0.0597690462905902,0.144476842231224,-0.413692916923907,ZMB,FALSE
Republic of Zimbabwe,31.0522,-17.8292,Full 204: IHD association with DD,DD,IHD,1996.26309064423,-0.0904307097751785,0.159062501753118,-0.568523120021943,ZWE,FALSE
Republic of the Congo,15.2667,-4.2667,Full 204: IHD association with DD,DD,IHD,1996.26309064423,0.0848955138559856,0.10579015603085,0.802489731003222,COG,FALSE
Republic of the Gambia,-16.5786,13.4581,Full 204: IHD association with DD,DD,IHD,1996.26309064423,0.249698824081481,0.126386272591682,1.97567994499044,GMB,FALSE
Republic of the Marshall Islands,171.3833,7.0833,Full 204: IHD association with DD,DD,IHD,1996.26309064423,-0.117238176500097,0.665632237516311,-0.176130556623205,MHL,TRUE
Republic of the Niger,2.1175,13.515,Full 204: IHD association with DD,DD,IHD,1996.26309064423,0.234082021784623,0.086339843748333,2.71117031977653,NER,FALSE
Republic of the Philippines,120.9772,14.5958,Full 204: IHD association with DD,DD,IHD,1996.26309064423,0.554802439679505,0.243537990217335,2.27809402214577,PHL,FALSE
Republic of the Union of Myanmar,96.16,16.795,Full 204: IHD association with DD,DD,IHD,1996.26309064423,0.502708337551549,0.144075719301993,3.48919540354912,MMR,FALSE
Romania,26.1039,44.4325,Full 204: IHD association with DD,DD,IHD,1996.26309064423,0.206852645116431,0.0766274849006186,2.69945758215484,ROU,FALSE
Russian Federation,37.6175,55.7506,Full 204: IHD association with DD,DD,IHD,1996.26309064423,0.217166709800398,0.0945044668137634,2.29795180188002,RUS,FALSE
Saint Kitts and Nevis,-62.7333,17.3,Full 204: IHD association with DD,DD,IHD,1996.26309064423,0.110000566626732,0.42058599764,0.261541200239593,KNA,TRUE
Saint Lucia,-60.9894,14.0108,Full 204: IHD association with DD,DD,IHD,1996.26309064423,0.319005412407552,0.407148770130219,0.783510686537316,LCA,TRUE
Saint Vincent and the Grenadines,-61.1928,13.1308,Full 204: IHD association with DD,DD,IHD,1996.26309064423,0.360673362800643,0.411811897018577,0.875820648727817,VCT,TRUE
Slovak Republic,17.1128,48.1447,Full 204: IHD association with DD,DD,IHD,1996.26309064423,0.211445977208205,0.0777725868119884,2.71877258910477,SVK,FALSE
Socialist Republic of Viet Nam,106.7019,10.7756,Full 204: IHD association with DD,DD,IHD,1996.26309064423,0.666438009079439,0.193320258372573,3.44732629001074,VNM,FALSE
Solomon Islands,159.95,-9.4333,Full 204: IHD association with DD,DD,IHD,1996.26309064423,-0.554735244248115,0.591994990124465,-0.937060707441939,SLB,TRUE
State of Eritrea,38.9411,15.3358,Full 204: IHD association with DD,DD,IHD,1996.26309064423,0.122024642575019,0.085983681976764,1.41916047056457,ERI,FALSE
State of Israel,35.2256,31.7789,Full 204: IHD association with DD,DD,IHD,1996.26309064423,0.170664329555053,0.0775900907389724,2.19956347427406,ISR,FALSE
State of Kuwait,47.9783,29.3697,Full 204: IHD association with DD,DD,IHD,1996.26309064423,0.125523774258472,0.085259766587233,1.47225097232753,KWT,FALSE
State of Libya,13.1914,32.8872,Full 204: IHD association with DD,DD,IHD,1996.26309064423,0.222124379391967,0.0729554742505278,3.04465678105519,LBY,FALSE
State of Qatar,51.5333,25.2867,Full 204: IHD association with DD,DD,IHD,1996.26309064423,0.118284460284246,0.0884419099025084,1.33742544020854,QAT,FALSE
Sultanate of Oman,58.5911,23.614,Full 204: IHD association with DD,DD,IHD,1996.26309064423,0.134315587081151,0.0924007734228806,1.45361972747179,OMN,FALSE
Swiss Confederation,8.5411,47.3744,Full 204: IHD association with DD,DD,IHD,1996.26309064423,0.199525215053955,0.0779131225235444,2.56086790763213,CHE,FALSE
Syrian Arab Republic,36.2981,33.502,Full 204: IHD association with DD,DD,IHD,1996.26309064423,0.168912472038345,0.0781225142343475,2.16214843689811,SYR,FALSE
Taiwan (Province of China),120.6794,24.1439,Full 204: IHD association with DD,DD,IHD,1996.26309064423,0.540635146952836,0.199402262434287,2.71127890101549,TWN,FALSE
Togolese Republic,1.2153,6.1308,Full 204: IHD association with DD,DD,IHD,1996.26309064423,0.20782758698236,0.0906653215283669,2.29225004090827,TGO,FALSE
Tokelau,-172.51591,-8.54212,Full 204: IHD association with DD,DD,IHD,1996.26309064423,-1.00453238747901,1.3047314024504,-0.769915084125678,TKL,TRUE
Turkmenistan,58.38,37.9375,Full 204: IHD association with DD,DD,IHD,1996.26309064423,0.110326764569321,0.0893299441873804,1.23504795142262,TKM,FALSE
Tuvalu,179.2,-8.5167,Full 204: IHD association with DD,DD,IHD,1996.26309064423,-0.860049821638955,1.03802576583712,-0.828543808780477,TUV,TRUE
Ukraine,30.5233,50.45,Full 204: IHD association with DD,DD,IHD,1996.26309064423,0.214630109672003,0.0843634236212182,2.54411331900975,UKR,FALSE
Union of the Comoros,44.3939,-12.1675,Full 204: IHD association with DD,DD,IHD,1996.26309064423,-0.074221391129575,0.154223639241817,-0.481258200717197,COM,TRUE
United Arab Emirates,55.2972,25.2631,Full 204: IHD association with DD,DD,IHD,1996.26309064423,0.120943500027908,0.0901477569062912,1.34161408090974,ARE,FALSE
United Kingdom of Great Britain and Northern Ireland,-0.1275,51.5072,Full 204: IHD association with DD,DD,IHD,1996.26309064423,0.174186016338788,0.0845150560830895,2.06100574751486,GBR,FALSE
United Mexican States,-99.1333,19.4333,Full 204: IHD association with DD,DD,IHD,1996.26309064423,-0.451745798540844,0.638775416508514,-0.707205986432671,MEX,FALSE
United Republic of Tanzania,39.2803,-6.8161,Full 204: IHD association with DD,DD,IHD,1996.26309064423,-0.0279064822318722,0.126860053913978,-0.219978483146437,TZA,FALSE
United States Virgin Islands,-64.9331,18.342,Full 204: IHD association with DD,DD,IHD,1996.26309064423,0.0124064614318519,0.445243048071173,0.0278644697218691,VIR,TRUE
United States of America,-73.9249,40.6943,Full 204: IHD association with DD,DD,IHD,1996.26309064423,-1.01977374938419,0.502235773567098,-2.0304681646656,USA,FALSE
American Samoa,-170.7046,-14.274,Full 204: DD association with IHD,IHD,DD,942.565312830121,-0.168266212868692,0.816050337713311,-0.206195874313585,ASM,TRUE
Antigua and Barbuda,-61.85,17.1167,Full 204: DD association with IHD,IHD,DD,942.565312830121,0.0717777437437628,0.197355866050892,0.363697037134197,ATG,TRUE
Arab Republic of Egypt,31.2358,30.0444,Full 204: DD association with IHD,IHD,DD,942.565312830121,0.381684043087037,0.114977500612059,3.31964115635859,EGY,FALSE
Argentine Republic,-58.3814,-34.6036,Full 204: DD association with IHD,IHD,DD,942.565312830121,-0.38220685386724,0.638371547329575,-0.598721630790221,ARG,FALSE
Australia,144.9631,-37.8142,Full 204: DD association with IHD,IHD,DD,942.565312830121,0.0548875063271865,0.772793872006425,0.0710247691078096,AUS,FALSE
Barbados,-59.6131,13.0969,Full 204: DD association with IHD,IHD,DD,942.565312830121,0.0644827307582943,0.192011582891057,0.335827296392219,BRB,TRUE
Belize,-88.1886,17.4986,Full 204: DD association with IHD,IHD,DD,942.565312830121,-0.155795945202174,0.420167153551976,-0.370795155892406,BLZ,TRUE
Bermuda,-64.7819,32.2942,Full 204: DD association with IHD,IHD,DD,942.565312830121,-0.363432194427967,0.274852347136677,-1.32228157486769,BMU,FALSE
Bolivarian Republic of Venezuela,-66.9036,10.4806,Full 204: DD association with IHD,IHD,DD,942.565312830121,0.096490193253007,0.181808758217584,0.530723570189783,VEN,FALSE
Bosnia and Herzegovina,18.4131,43.8564,Full 204: DD association with IHD,IHD,DD,942.565312830121,0.281914838465313,0.0915746890115254,3.0785235692128,BIH,FALSE
Brunei Darussalam,114.9422,4.8903,Full 204: DD association with IHD,IHD,DD,942.565312830121,0.303527844130921,0.492348646192473,0.616489649109876,BRN,FALSE
Burkina Faso,-1.5275,12.3686,Full 204: DD association with IHD,IHD,DD,942.565312830121,0.0181525553231355,0.183892269257415,0.0987129877533094,BFA,FALSE
Canada,-79.3733,43.7417,Full 204: DD association with IHD,IHD,DD,942.565312830121,-0.217353724411941,0.409868360452248,-0.530301300085991,CAN,FALSE
Central African Republic,18.5628,4.3733,Full 204: DD association with IHD,IHD,DD,942.565312830121,-0.00467658115585928,0.154863579486156,-0.0301980696260307,CAF,FALSE
Commonwealth of Dominica,-61.3883,15.3014,Full 204: DD association with IHD,IHD,DD,942.565312830121,0.0708177453696262,0.193109160569915,0.366723904555459,DMA,TRUE
Commonwealth of the Bahamas,-77.3503,25.0442,Full 204: DD association with IHD,IHD,DD,942.565312830121,-0.228808827635799,0.272196395202848,-0.840601975883201,BHS,TRUE
Cook Islands,-159.771,-21.207,Full 204: DD association with IHD,IHD,DD,942.565312830121,-0.170539668042248,1.05516887121275,-0.161623103841416,COK,TRUE
Czech Republic,14.4214,50.0875,Full 204: DD association with IHD,IHD,DD,942.565312830121,0.266746522602928,0.100833460088741,2.64541673337572,CZE,FALSE
Democratic People's Republic of Korea,125.7475,39.0167,Full 204: DD association with IHD,IHD,DD,942.565312830121,0.881450464683022,0.397690047010956,2.21642575998071,PRK,FALSE
Democratic Republic of Sao Tome and Principe,6.7306,0.3361,Full 204: DD association with IHD,IHD,DD,942.565312830121,-0.030974257323992,0.179163193737028,-0.172882926888741,STP,TRUE
Democratic Republic of Timor-Leste,125.5795,-8.5594,Full 204: DD association with IHD,IHD,DD,942.565312830121,1.04488685759698,0.676200453575494,1.54523241159039,TLS,FALSE
Democratic Republic of the Congo,15.3119,-4.3219,Full 204: DD association with IHD,IHD,DD,942.565312830121,-4.1925231262488e-4,0.14850219932526,-0.00282320608401638,COD,FALSE
Democratic Socialist Republic of Sri Lanka,79.8333,6.9167,Full 204: DD association with IHD,IHD,DD,942.565312830121,0.43527685936219,0.219488720930654,1.98313998786166,LKA,FALSE
Dominican Republic,-70.6889,19.4572,Full 204: DD association with IHD,IHD,DD,942.565312830121,0.0571117172704913,0.216099060427299,0.264284893962809,DOM,TRUE
Eastern Republic of Uruguay,-56.1842,-34.9056,Full 204: DD association with IHD,IHD,DD,942.565312830121,-0.373848749332225,0.638022488858234,-0.585949172420617,URY,FALSE
Federal Democratic Republic of Ethiopia,38.74,9.03,Full 204: DD association with IHD,IHD,DD,942.565312830121,-0.186131989255285,0.197836750465185,-0.940836264332192,ETH,FALSE
Federal Democratic Republic of Nepal,85.32,27.71,Full 204: DD association with IHD,IHD,DD,942.565312830121,0.227633586674991,0.207435123164276,1.09737243723532,NPL,FALSE
Federal Republic of Germany,13.405,52.52,Full 204: DD association with IHD,IHD,DD,942.565312830121,0.254307115880983,0.109504315290627,2.32234789292135,DEU,FALSE
Federal Republic of Nigeria,3.3841,6.455,Full 204: DD association with IHD,IHD,DD,942.565312830121,-0.0327772782278463,0.176220261814008,-0.186001756497451,NGA,FALSE
Federal Republic of Somalia,45.3419,2.0392,Full 204: DD association with IHD,IHD,DD,942.565312830121,-0.23561927819327,0.202786767983945,-1.16190657080705,SOM,FALSE
Federated States of Micronesia,151.8583,7.4417,Full 204: DD association with IHD,IHD,DD,942.565312830121,-0.103988664066029,1.66420719609995,-0.0624854070513127,FSM,TRUE
Federative Republic of Brazil,-46.6339,-23.5504,Full 204: DD association with IHD,IHD,DD,942.565312830121,-0.25264992082599,0.808888707700648,-0.312342005050576,BRA,FALSE
French Republic,2.3522,48.8567,Full 204: DD association with IHD,IHD,DD,942.565312830121,0.17122011656671,0.109817327932807,1.55913570098403,FRA,FALSE
Gabonese Republic,9.4544,0.3901,Full 204: DD association with IHD,IHD,DD,942.565312830121,-0.0224461394322935,0.177968317015166,-0.126124356339116,GAB,FALSE
Georgia,44.7925,41.7225,Full 204: DD association with IHD,IHD,DD,942.565312830121,0.299239702228441,0.112889944817677,2.65072059971089,GEO,FALSE
Grand Duchy of Luxembourg,6.1319,49.6117,Full 204: DD association with IHD,IHD,DD,942.565312830121,0.19169808382938,0.105762871477127,1.81252722389292,LUX,FALSE
Greenland,-51.7361,64.1767,Full 204: DD association with IHD,IHD,DD,942.565312830121,-0.0127454292174469,0.198883047709116,-0.0640850457807152,GRL,FALSE
Grenada,-61.75,12.05,Full 204: DD association with IHD,IHD,DD,942.565312830121,0.0708048345994631,0.18901300321251,0.374602981784572,GRD,TRUE
Guam,144.7332,13.4692,Full 204: DD association with IHD,IHD,DD,942.565312830121,-0.120800009491708,1.87371937177078,-0.0644707053316871,GUM,TRUE
Hashemite Kingdom of Jordan,35.9328,31.9497,Full 204: DD association with IHD,IHD,DD,942.565312830121,0.344800994136453,0.11898825633929801,2.89777331599216,JOR,FALSE
Hellenic Republic,23.7281,37.9842,Full 204: DD association with IHD,IHD,DD,942.565312830121,0.276835163701486,0.0930897410864938,2.97385254777179,GRC,FALSE
Hungary,19.0408,47.4983,Full 204: DD association with IHD,IHD,DD,942.565312830121,0.303269474318531,0.0939960480608859,3.22640664767192,HUN,FALSE
Independent State of Papua New Guinea,147.14940000000001,-9.4789,Full 204: DD association with IHD,IHD,DD,942.565312830121,-0.20082478227975,0.839118240472075,-0.239328348012992,PNG,TRUE
Independent State of Samoa,-171.75,-13.8333,Full 204: DD association with IHD,IHD,DD,942.565312830121,-0.167657972146843,0.817678901781048,-0.205041333195286,WSM,TRUE
Ireland,-6.2603,53.3497,Full 204: DD association with IHD,IHD,DD,942.565312830121,0.0408807472015717,0.149696405795951,0.273091040390747,IRL,FALSE
Islamic Republic of Afghanistan,69.1783,34.5253,Full 204: DD association with IHD,IHD,DD,942.565312830121,0.0711978188707831,0.24561943990565,0.289870455278835,AFG,FALSE
Islamic Republic of Iran,51.3897,35.6889,Full 204: DD association with IHD,IHD,DD,942.565312830121,0.197245672214729,0.142138594290847,1.38769961247204,IRN,FALSE
Islamic Republic of Mauritania,-15.9785,18.0858,Full 204: DD association with IHD,IHD,DD,942.565312830121,0.0955910469565529,0.274864012573076,0.347775782146594,MRT,FALSE
Islamic Republic of Pakistan,67.01,24.86,Full 204: DD association with IHD,IHD,DD,942.565312830121,0.543239021907327,0.235813577183533,2.30368000178602,PAK,FALSE
Jamaica,-76.7931,17.9714,Full 204: DD association with IHD,IHD,DD,942.565312830121,0.0172275681036016,0.244199817262369,0.0705470147223423,JAM,TRUE
Japan,139.7495,35.687,Full 204: DD association with IHD,IHD,DD,942.565312830121,0.658262972874692,0.653647410980267,1.00706124099459,JPN,FALSE
Kingdom of Bahrain,50.5875,26.2233,Full 204: DD association with IHD,IHD,DD,942.565312830121,0.233381383882607,0.151115554881387,1.54439021228352,BHR,TRUE
Kingdom of Belgium,4.3525,50.8467,Full 204: DD association with IHD,IHD,DD,942.565312830121,0.16855466898901,0.111419942689457,1.51278725262672,BEL,FALSE
Kingdom of Bhutan,89.6361,27.4722,Full 204: DD association with IHD,IHD,DD,942.565312830121,0.434556013525326,0.199857043307222,2.17433424579049,BTN,FALSE
Kingdom of Cambodia,104.921,11.5696,Full 204: DD association with IHD,IHD,DD,942.565312830121,0.323797995899058,0.264188700701698,1.22563150898973,KHM,FALSE
Kingdom of Denmark,12.5615,55.6805,Full 204: DD association with IHD,IHD,DD,942.565312830121,0.232929248882599,0.123934374446636,1.87945636489168,DNK,FALSE
Kingdom of Eswatini,31.388,-26.495,Full 204: DD association with IHD,IHD,DD,942.565312830121,-0.0318692707210906,0.195756041650387,-0.162800955987902,SWZ,FALSE
Kingdom of Lesotho,27.48,-29.31,Full 204: DD association with IHD,IHD,DD,942.565312830121,-0.0256266596394634,0.207013245031659,-0.123792367177009,LSO,FALSE
Kingdom of Morocco,-7.5833,33.5333,Full 204: DD association with IHD,IHD,DD,942.565312830121,0.401405181888866,0.142129114944731,2.82422909651523,MAR,FALSE
Kingdom of Norway,10.7389,59.9133,Full 204: DD association with IHD,IHD,DD,942.565312830121,0.179516304914217,0.143633866340452,1.24981878917548,NOR,FALSE
Kingdom of Saudi Arabia,46.71,24.65,Full 204: DD association with IHD,IHD,DD,942.565312830121,0.280837808620892,0.146378734813459,1.91856972243122,SAU,FALSE
Kingdom of Spain,-3.7033,40.4169,Full 204: DD association with IHD,IHD,DD,942.565312830121,0.178771113280877,0.116930829108332,1.52886210286983,ESP,FALSE
Kingdom of Sweden,18.0547,59.3275,Full 204: DD association with IHD,IHD,DD,942.565312830121,0.248687524411958,0.149118685417746,1.66771537527492,SWE,FALSE
Kingdom of Thailand,100.4942,13.7525,Full 204: DD association with IHD,IHD,DD,942.565312830121,0.381659231242041,0.206264491487074,1.85033899189555,THA,FALSE
Kingdom of Tonga,-175.2,-21.1333,Full 204: DD association with IHD,IHD,DD,942.565312830121,-0.17679736807254,0.693552150502109,-0.254915752109693,TON,TRUE
Kingdom of the Netherlands,5.0911,51.5572,Full 204: DD association with IHD,IHD,DD,942.565312830121,0.169679544428883,0.1124052305664,1.5095342411904,NLD,FALSE
Kyrgyz Republic,74.5667,42.8667,Full 204: DD association with IHD,IHD,DD,942.565312830121,-0.241742882618999,0.293153321604328,-0.824629519106327,KGZ,FALSE
Lao People's Democratic Republic,102.63,17.98,Full 204: DD association with IHD,IHD,DD,942.565312830121,0.358713973730666,0.198260950429019,1.80930219972435,LAO,FALSE
Lebanese Republic,35.5058,33.8981,Full 204: DD association with IHD,IHD,DD,942.565312830121,0.320368964082163,0.112217270662026,2.8548989134395,LBN,FALSE
Malaysia,101.698,3.1686,Full 204: DD association with IHD,IHD,DD,942.565312830121,0.448357135611457,0.43964309355908,1.0198207186239,MYS,FALSE
Mongolia,106.9055,47.9214,Full 204: DD association with IHD,IHD,DD,942.565312830121,0.80134291507514,0.36302450253622,2.20740723966749,MNG,FALSE
Montenegro,19.2628,42.4414,Full 204: DD association with IHD,IHD,DD,942.565312830121,0.280338136558185,0.0915689608170708,3.06149741196935,MNE,FALSE
New Zealand,174.7653,-36.8492,Full 204: DD association with IHD,IHD,DD,942.565312830121,-0.231405554705893,0.450844919098448,-0.513270849694023,NZL,FALSE
North Macedonia,21.4317,41.9961,Full 204: DD association with IHD,IHD,DD,942.565312830121,0.288803039585977,0.0909271034426972,3.17620410912993,MKD,FALSE
Northern Mariana Islands,145.7546,15.2137,Full 204: DD association with IHD,IHD,DD,942.565312830121,-0.0514015940970564,1.95970607262164,-0.0262292365243798,MNP,TRUE
Palestine,34.456,31.5069,Full 204: DD association with IHD,IHD,DD,942.565312830121,0.354479137025144,0.117638231308938,3.0132987641936,PSE,FALSE
People's Democratic Republic of Algeria,3.0872,36.7325,Full 204: DD association with IHD,IHD,DD,942.565312830121,0.298382187587338,0.113312446368533,2.63326931109484,DZA,FALSE
People's Republic of Bangladesh,90.3944,23.7289,Full 204: DD association with IHD,IHD,DD,942.565312830121,0.456370869951962,0.219989935382507,2.07450795036804,BGD,FALSE
People's Republic of China,113.26,23.13,Full 204: DD association with IHD,IHD,DD,942.565312830121,0.154046713905617,0.242593379737302,0.634999661047758,CHN,FALSE
Plurinational State of Bolivia,-63.1975,-17.7892,Full 204: DD association with IHD,IHD,DD,942.565312830121,-0.0112965891421772,0.295059381413892,-0.0382858158518641,BOL,FALSE
Portuguese Republic,-9.134,38.7122,Full 204: DD association with IHD,IHD,DD,942.565312830121,0.0915806965481815,0.136151541982449,0.672637968066397,PRT,FALSE
Principality of Andorra,1.5,42.5,Full 204: DD association with IHD,IHD,DD,942.565312830121,0.209094689095033,0.106183547141344,1.96918161734323,AND,FALSE
Principality of Monaco,7.4167,43.7333,Full 204: DD association with IHD,IHD,DD,942.565312830121,0.229910764025359,0.0997456483806286,2.30497036971499,MCO,FALSE
Puerto Rico,-66.061,18.3985,Full 204: DD association with IHD,IHD,DD,942.565312830121,0.0778371857508039,0.2048998650369,0.379879146024749,PRI,TRUE
Republic of Albania,19.8186,41.3272,Full 204: DD association with IHD,IHD,DD,942.565312830121,0.278045675533508,0.0918793929802399,3.02620279166739,ALB,FALSE
Republic of Angola,13.2344,-8.8383,Full 204: DD association with IHD,IHD,DD,942.565312830121,-0.00118170650017925,0.152712382730532,-0.00773811840958846,AGO,FALSE
Republic of Armenia,44.5144,40.1814,Full 204: DD association with IHD,IHD,DD,942.565312830121,0.289122952992693,0.115134021206217,2.51118609394215,ARM,FALSE
Republic of Austria,16.3725,48.2083,Full 204: DD association with IHD,IHD,DD,942.565312830121,0.28237142404207,0.095839588772349,2.94629210808486,AUT,FALSE
Republic of Azerbaijan,49.8352,40.3667,Full 204: DD association with IHD,IHD,DD,942.565312830121,0.213896757113543,0.13471409902521,1.58778300609438,AZE,FALSE
Republic of Belarus,27.5586,53.9006,Full 204: DD association with IHD,IHD,DD,942.565312830121,0.365989964359449,0.123989167847255,2.95178982740105,BLR,FALSE
Republic of Benin,2.4333,6.3667,Full 204: DD association with IHD,IHD,DD,942.565312830121,-0.0340441373730869,0.176688954873267,-0.192678356140063,BEN,FALSE
Republic of Botswana,25.9086,-24.6569,Full 204: DD association with IHD,IHD,DD,942.565312830121,-0.0225324947089682,0.191849836116648,-0.117448600244141,BWA,FALSE
Republic of Bulgaria,23.3217,42.6979,Full 204: DD association with IHD,IHD,DD,942.565312830121,0.303726275861335,0.0902615118966014,3.36495887869979,BGR,FALSE
Republic of Burundi,29.3667,-3.3833,Full 204: DD association with IHD,IHD,DD,942.565312830121,-0.144033994630675,0.170461718228222,-0.844963878856575,BDI,FALSE
Republic of Cabo Verde,-24.988,16.886,Full 204: DD association with IHD,IHD,DD,942.565312830121,0.0629061904290182,0.308093487845957,0.204178903192107,CPV,TRUE
Republic of Cameroon,9.7,4.05,Full 204: DD association with IHD,IHD,DD,942.565312830121,-0.018845580514329,0.176405429321852,-0.10683106856051,CMR,FALSE
Republic of Chad,15.0447,12.1053,Full 204: DD association with IHD,IHD,DD,942.565312830121,0.0290296586483034,0.16051560970028,0.180852558218535,TCD,FALSE
Republic of Chile,-70.6506,-33.4372,Full 204: DD association with IHD,IHD,DD,942.565312830121,-0.346479709964595,0.515824988580318,-0.671700126273827,CHL,FALSE
Republic of Colombia,-74.0722,4.7111,Full 204: DD association with IHD,IHD,DD,942.565312830121,0.153580170410493,0.222736659937129,0.689514561517819,COL,FALSE
Republic of Costa Rica,-84.08,9.9325,Full 204: DD association with IHD,IHD,DD,942.565312830121,0.0236264466308506,0.316426595431535,0.074666437562334,CRI,FALSE
Republic of Cote d'Ivoire,-4.0267,5.3364,Full 204: DD association with IHD,IHD,DD,942.565312830121,-0.0182391107107247,0.183702290506271,-0.0992862454815287,CIV,FALSE
Republic of Croatia,15.9772,45.8131,Full 204: DD association with IHD,IHD,DD,942.565312830121,0.272926051685618,0.0931591853589827,2.92967409100794,HRV,FALSE
Republic of Cuba,-82.3589,23.1367,Full 204: DD association with IHD,IHD,DD,942.565312830121,-0.221199075228455,0.340976782830812,-0.648721808540881,CUB,TRUE
Republic of Cyprus,33.365,35.1725,Full 204: DD association with IHD,IHD,DD,942.565312830121,0.306772905276671,0.104822603742231,2.92659115805838,CYP,FALSE
Republic of Djibouti,43.1481,11.5944,Full 204: DD association with IHD,IHD,DD,942.565312830121,0.0579637612665417,0.17070334481742,0.339558438814063,DJI,FALSE
Republic of Ecuador,-79.8875,-2.19,Full 204: DD association with IHD,IHD,DD,942.565312830121,0.156911969157899,0.309453254942788,0.507061944418419,ECU,FALSE
Republic of El Salvador,-89.1914,13.6989,Full 204: DD association with IHD,IHD,DD,942.565312830121,-0.116584917478005,0.418846797161233,-0.278347401169517,SLV,FALSE
Republic of Equatorial Guinea,8.7744,3.7456,Full 204: DD association with IHD,IHD,DD,942.565312830121,-0.0220869059393454,0.176707677222194,-0.124991207436749,GNQ,FALSE
Republic of Estonia,24.7453,59.4372,Full 204: DD association with IHD,IHD,DD,942.565312830121,0.270207331512854,0.160777493569986,1.68062908254776,EST,FALSE
Republic of Fiji,178.4333,-18.1333,Full 204: DD association with IHD,IHD,DD,942.565312830121,-0.140924649367619,0.692718373995947,-0.20343714654874,FJI,TRUE
Republic of Finland,24.9375,60.1708,Full 204: DD association with IHD,IHD,DD,942.565312830121,0.255014245822262,0.166409843183584,1.53244688501346,FIN,FALSE
Republic of Ghana,-1.625,6.7,Full 204: DD association with IHD,IHD,DD,942.565312830121,-0.0269252801831311,0.180380162721947,-0.149269630190078,GHA,FALSE
Republic of Guatemala,-90.5133,14.6417,Full 204: DD association with IHD,IHD,DD,942.565312830121,-0.138925512558539,0.453047217138712,-0.306646873224262,GTM,FALSE
Republic of Guinea,-13.7122,9.5092,Full 204: DD association with IHD,IHD,DD,942.565312830121,0.0641639428763734,0.254111889076245,0.252502718820532,GIN,FALSE
Republic of Guinea-Bissau,-15.5667,11.85,Full 204: DD association with IHD,IHD,DD,942.565312830121,0.0662235255198005,0.26891480571269,0.24626210276631,GNB,TRUE
Republic of Guyana,-58.155,6.8011,Full 204: DD association with IHD,IHD,DD,942.565312830121,0.0595972976434826,0.195766490028766,0.304430536782498,GUY,TRUE
Republic of Haiti,-72.3386,18.5425,Full 204: DD association with IHD,IHD,DD,942.565312830121,0.0618617112390211,0.216254291893055,0.286060039306012,HTI,TRUE
Republic of Honduras,-87.21,14.098,Full 204: DD association with IHD,IHD,DD,942.565312830121,-0.0974047051588455,0.381615572783487,-0.255243003969623,HND,FALSE
Republic of Iceland,-21.9425,64.1458,Full 204: DD association with IHD,IHD,DD,942.565312830121,-0.0372930132741158,0.190655357807907,-0.195604328684484,ISL,FALSE
Republic of India,77.23,28.61,Full 204: DD association with IHD,IHD,DD,942.565312830121,-0.00876264927824531,0.24703770641776,-0.0354708979665922,IND,FALSE
Republic of Indonesia,106.8275,-6.175,Full 204: DD association with IHD,IHD,DD,942.565312830121,0.406086017083608,0.628107683574362,0.646522925452371,IDN,FALSE
Republic of Iraq,44.3661,33.3153,Full 204: DD association with IHD,IHD,DD,942.565312830121,0.268970529739798,0.125840869478086,2.13738613580253,IRQ,FALSE
Republic of Italy,12.4828,41.8931,Full 204: DD association with IHD,IHD,DD,942.565312830121,0.25407029375309,0.0967444902312584,2.62619910597243,ITA,FALSE
Republic of Kazakhstan,76.915,43.24,Full 204: DD association with IHD,IHD,DD,942.565312830121,-0.296190345335871,0.302166462730605,-0.980222433221978,KAZ,FALSE
Republic of Kenya,36.8172,-1.2864,Full 204: DD association with IHD,IHD,DD,942.565312830121,-0.233034973706737,0.202469399914773,-1.15096391753435,KEN,FALSE
Republic of Kiribati,173.0176,1.3382,Full 204: DD association with IHD,IHD,DD,942.565312830121,0.273920302553464,1.5500780953089,0.176713872276788,KIR,TRUE
Republic of Korea,126.9833,37.5667,Full 204: DD association with IHD,IHD,DD,942.565312830121,0.844193013882649,0.402211524010453,2.0988782356736,KOR,FALSE
Republic of Latvia,24.1069,56.9475,Full 204: DD association with IHD,IHD,DD,942.565312830121,0.312439944373462,0.141893018495471,2.20194022007809,LVA,FALSE
Republic of Liberia,-10.8014,6.3133,Full 204: DD association with IHD,IHD,DD,942.565312830121,0.0474881597518945,0.226953039196759,0.20924222878868,LBR,FALSE
Republic of Lithuania,25.28,54.6872,Full 204: DD association with IHD,IHD,DD,942.565312830121,0.346300639659036,0.12754392987812,2.71514794933759,LTU,FALSE
Republic of Madagascar,47.525,-18.91,Full 204: DD association with IHD,IHD,DD,942.565312830121,0.0404634788938897,0.206736174639925,0.195725198864521,MDG,FALSE
Republic of Malawi,33.7873,-13.9669,Full 204: DD association with IHD,IHD,DD,942.565312830121,-0.0432235114911619,0.18029924608049,-0.239732070049066,MWI,FALSE
Republic of Maldives,73.5089,4.1753,Full 204: DD association with IHD,IHD,DD,942.565312830121,0.890460139391,0.441770510076316,2.01566224788787,MDV,TRUE
Republic of Mali,-7.9922,12.6458,Full 204: DD association with IHD,IHD,DD,942.565312830121,0.0717948563275938,0.223743084181017,0.320880784272683,MLI,FALSE
Republic of Malta,14.5125,35.8983,Full 204: DD association with IHD,IHD,DD,942.565312830121,0.282883602966745,0.100746397422173,2.80787809991195,MLT,FALSE
Republic of Mauritius,57.5042,-20.1644,Full 204: DD association with IHD,IHD,DD,942.565312830121,0.0128186152956485,0.435409225056655,0.0294403851778302,MUS,TRUE
Republic of Moldova,28.8353,47.0228,Full 204: DD association with IHD,IHD,DD,942.565312830121,0.379753775969274,0.0931108473385512,4.07851272782954,MDA,FALSE
Republic of Mozambique,32.5764,-25.9153,Full 204: DD association with IHD,IHD,DD,942.565312830121,-0.0331472705111855,0.194502593698136,-0.170420712037544,MOZ,FALSE
Republic of Namibia,17.0836,-22.57,Full 204: DD association with IHD,IHD,DD,942.565312830121,-7.8904788311491e-4,0.182485703578352,-0.00432388876302375,NAM,FALSE
Republic of Nauru,166.925,-0.5456,Full 204: DD association with IHD,IHD,DD,942.565312830121,0.378532576214925,2.00117638741333,0.189155028310227,NRU,TRUE
Republic of Nicaragua,-86.2514,12.1364,Full 204: DD association with IHD,IHD,DD,942.565312830121,-0.0515204449958792,0.35136992880879,-0.146627359861281,NIC,FALSE
Republic of Niue,-169.921,-19.056,Full 204: DD association with IHD,IHD,DD,942.565312830121,-0.164101404892399,0.772361893924194,-0.212466987539529,NIU,TRUE
Republic of Palau,134.4792,7.3419,Full 204: DD association with IHD,IHD,DD,942.565312830121,0.376851561472223,0.658287703322779,0.572472430473824,PLW,TRUE
Republic of Panama,-79.5347,8.9711,Full 204: DD association with IHD,IHD,DD,942.565312830121,0.104925316016602,0.278212745124763,0.377140579844927,PAN,FALSE
Republic of Paraguay,-57.6435,-25.2945,Full 204: DD association with IHD,IHD,DD,942.565312830121,-0.319289494155223,0.493562639068787,-0.646907745605768,PRY,FALSE
Republic of Peru,-77.0375,-12.06,Full 204: DD association with IHD,IHD,DD,942.565312830121,0.0241468210009669,0.283059426653764,0.0853065424685648,PER,FALSE
Republic of Poland,21.0111,52.23,Full 204: DD association with IHD,IHD,DD,942.565312830121,0.330301459924133,0.110484502875227,2.98957275752195,POL,FALSE
Republic of Rwanda,30.0606,-1.9536,Full 204: DD association with IHD,IHD,DD,942.565312830121,-0.181053450532862,0.178856910485516,-1.0122809906611001,RWA,FALSE
Republic of San Marino,12.4817,43.9717,Full 204: DD association with IHD,IHD,DD,942.565312830121,0.251033503611179,0.0954781638699359,2.62922424810292,SMR,FALSE
Republic of Senegal,-17.432,14.6726,Full 204: DD association with IHD,IHD,DD,942.565312830121,0.0674534671928879,0.282200314982838,0.23902690256384,SEN,FALSE
Republic of Serbia,20.4569,44.8178,Full 204: DD association with IHD,IHD,DD,942.565312830121,0.300240066793797,0.0909465826173219,3.30127925814568,SRB,FALSE
Republic of Seychelles,55.4525,-4.6231,Full 204: DD association with IHD,IHD,DD,942.565312830121,0.132947416132143,0.35985275356484,0.369449489590158,SYC,TRUE
Republic of Sierra Leone,-13.2331,8.4833,Full 204: DD association with IHD,IHD,DD,942.565312830121,0.0619590430277862,0.249086070956503,0.248745515113954,SLE,FALSE
Republic of Singapore,103.8,1.3,Full 204: DD association with IHD,IHD,DD,942.565312830121,0.459574559967413,0.506036692163065,0.908184262297169,SGP,TRUE
Republic of Slovenia,14.5061,46.0514,Full 204: DD association with IHD,IHD,DD,942.565312830121,0.263105190313602,0.094116118361463,2.79553805335573,SVN,FALSE
Republic of South Africa,28.0456,-26.2044,Full 204: DD association with IHD,IHD,DD,942.565312830121,-0.0267194575654735,0.195618868995923,-0.13658936738884,ZAF,FALSE
Republic of South Sudan,31.58,4.83,Full 204: DD association with IHD,IHD,DD,942.565312830121,-0.269636715342719,0.197759036118904,-1.36346090997631,SSD,FALSE
Republic of Sudan,32.5265,15.6031,Full 204: DD association with IHD,IHD,DD,942.565312830121,0.181586978430287,0.137982958987955,1.31601017808394,SDN,FALSE
Republic of Suriname,-55.2039,5.8522,Full 204: DD association with IHD,IHD,DD,942.565312830121,0.0545230281780501,0.201162368163209,0.271039900135863,SUR,TRUE
Republic of Tajikistan,68.78,38.5367,Full 204: DD association with IHD,IHD,DD,942.565312830121,-0.0447128943201953,0.255086018489931,-0.175285554986073,TJK,FALSE
Republic of Trinidad and Tobago,-61.4,10.5167,Full 204: DD association with IHD,IHD,DD,942.565312830121,0.0689728870236287,0.188988749859444,0.364957634118041,TTO,TRUE
Republic of Tunisia,10.1817,36.8064,Full 204: DD association with IHD,IHD,DD,942.565312830121,0.286206998238967,0.104665621759146,2.73448906554609,TUN,FALSE
Republic of Turkey,28.955,41.0136,Full 204: DD association with IHD,IHD,DD,942.565312830121,0.313877178794643,0.0909182429490213,3.45230141513664,TUR,FALSE
Republic of Uganda,32.5811,0.3136,Full 204: DD association with IHD,IHD,DD,942.565312830121,-0.250342071582798,0.196206146552736,-1.27591350210586,UGA,FALSE
Republic of Uzbekistan,69.2797,41.3111,Full 204: DD association with IHD,IHD,DD,942.565312830121,-0.120689313900026,0.263146117543122,-0.458639918486536,UZB,FALSE
Republic of Vanuatu,168.3167,-17.7333,Full 204: DD association with IHD,IHD,DD,942.565312830121,-0.271285572331397,0.57220850292563,-0.474102658286879,VUT,TRUE
Republic of Yemen,44.2064,15.3483,Full 204: DD association with IHD,IHD,DD,942.565312830121,0.306565843576341,0.154260765694643,1.98732219560731,YEM,FALSE
Republic of Zambia,28.2833,-15.4167,Full 204: DD association with IHD,IHD,DD,942.565312830121,-0.0256120198448772,0.171310859524527,-0.149506107878761,ZMB,FALSE
Republic of Zimbabwe,31.0522,-17.8292,Full 204: DD association with IHD,IHD,DD,942.565312830121,-0.0346698758751117,0.184344688790628,-0.18807092356476,ZWE,FALSE
Republic of the Congo,15.2667,-4.2667,Full 204: DD association with IHD,IHD,DD,942.565312830121,-5.9651519208351e-4,0.14893542878135,-0.00400519337114376,COG,FALSE
Republic of the Gambia,-16.5786,13.4581,Full 204: DD association with IHD,IHD,DD,942.565312830121,0.0669028512594579,0.276676023300583,0.241809356883715,GMB,FALSE
Republic of the Marshall Islands,171.3833,7.0833,Full 204: DD association with IHD,IHD,DD,942.565312830121,0.622627912772119,2.54417518716518,0.244726823810382,MHL,TRUE
Republic of the Niger,2.1175,13.515,Full 204: DD association with IHD,IHD,DD,942.565312830121,0.0164199464717395,0.175525070746466,0.0935475849797944,NER,FALSE
Republic of the Philippines,120.9772,14.5958,Full 204: DD association with IHD,IHD,DD,942.565312830121,0.199768646441836,0.619015574112212,0.32271990366049,PHL,FALSE
Republic of the Union of Myanmar,96.16,16.795,Full 204: DD association with IHD,IHD,DD,942.565312830121,0.422477065505528,0.207730822699459,2.0337716859513,MMR,FALSE
Romania,26.1039,44.4325,Full 204: DD association with IHD,IHD,DD,942.565312830121,0.336461628249375,0.0900660403277627,3.73572133320111,ROU,FALSE
Russian Federation,37.6175,55.7506,Full 204: DD association with IHD,IHD,DD,942.565312830121,0.341517685139004,0.144885934780898,2.35714864700608,RUS,FALSE
Saint Kitts and Nevis,-62.7333,17.3,Full 204: DD association with IHD,IHD,DD,942.565312830121,0.0740230785804641,0.198251126116998,0.373380368779239,KNA,TRUE
Saint Lucia,-60.9894,14.0108,Full 204: DD association with IHD,IHD,DD,942.565312830121,0.0690781855761621,0.191453238618076,0.360809699928681,LCA,TRUE
Saint Vincent and the Grenadines,-61.1928,13.1308,Full 204: DD association with IHD,IHD,DD,942.565312830121,0.0693236218124551,0.190419069992073,0.364058189210466,VCT,TRUE
Slovak Republic,17.1128,48.1447,Full 204: DD association with IHD,IHD,DD,942.565312830121,0.288767704304871,0.0955391957387669,3.02250507838112,SVK,FALSE
Socialist Republic of Viet Nam,106.7019,10.7756,Full 204: DD association with IHD,IHD,DD,942.565312830121,0.300374574714084,0.311297950542406,0.96491022247564,VNM,FALSE
Solomon Islands,159.95,-9.4333,Full 204: DD association with IHD,IHD,DD,942.565312830121,-0.319226143735761,1.25278369582972,-0.254813456463717,SLB,TRUE
State of Eritrea,38.9411,15.3358,Full 204: DD association with IHD,IHD,DD,942.565312830121,0.223791471445952,0.145359580494411,1.53957152796376,ERI,FALSE
State of Israel,35.2256,31.7789,Full 204: DD association with IHD,IHD,DD,942.565312830121,0.348978975276758,0.118253918255827,2.95109862255717,ISR,FALSE
State of Kuwait,47.9783,29.3697,Full 204: DD association with IHD,IHD,DD,942.565312830121,0.236651589294722,0.135750265274237,1.74328638560409,KWT,FALSE
State of Libya,13.1914,32.8872,Full 204: DD association with IHD,IHD,DD,942.565312830121,0.353070176879967,0.105976149895824,3.33160033863316,LBY,FALSE
State of Qatar,51.5333,25.2867,Full 204: DD association with IHD,IHD,DD,942.565312830121,0.241601978337825,0.159742763550975,1.51244396282607,QAT,FALSE
Sultanate of Oman,58.5911,23.614,Full 204: DD association with IHD,IHD,DD,942.565312830121,0.424435740255128,0.2106126615584,2.01524322951228,OMN,FALSE
Swiss Confederation,8.5411,47.3744,Full 204: DD association with IHD,IHD,DD,942.565312830121,0.220288465714831,0.0996025748578922,2.2116744073045,CHE,FALSE
Syrian Arab Republic,36.2981,33.502,Full 204: DD association with IHD,IHD,DD,942.565312830121,0.323763534092776,0.114815401661266,2.81986152910007,SYR,FALSE
Taiwan (Province of China),120.6794,24.1439,Full 204: DD association with IHD,IHD,DD,942.565312830121,-0.066847287566261,0.440706878800702,-0.15168196999369,TWN,FALSE
Togolese Republic,1.2153,6.1308,Full 204: DD association with IHD,IHD,DD,942.565312830121,-0.0349024714704113,0.177494404776688,-0.196639840643559,TGO,FALSE
Tokelau,-172.51591,-8.54212,Full 204: DD association with IHD,IHD,DD,942.565312830121,-0.199429951479411,0.879155581968615,-0.22684261531144,TKL,TRUE
Turkmenistan,58.38,37.9375,Full 204: DD association with IHD,IHD,DD,942.565312830121,0.104680918179732,0.177579404613512,0.589487944323063,TKM,FALSE
Tuvalu,179.2,-8.5167,Full 204: DD association with IHD,IHD,DD,942.565312830121,-0.14561775395814,0.836696515360309,-0.174038915287501,TUV,TRUE
Ukraine,30.5233,50.45,Full 204: DD association with IHD,IHD,DD,942.565312830121,0.404413541274089,0.105168716247397,3.84537869914428,UKR,FALSE
Union of the Comoros,44.3939,-12.1675,Full 204: DD association with IHD,IHD,DD,942.565312830121,0.0171958680782767,0.19565043706303,0.0878907726269834,COM,TRUE
United Arab Emirates,55.2972,25.2631,Full 204: DD association with IHD,IHD,DD,942.565312830121,0.289065223739775,0.180925055068343,1.59770698221196,ARE,FALSE
United Kingdom of Great Britain and Northern Ireland,-0.1275,51.5072,Full 204: DD association with IHD,IHD,DD,942.565312830121,0.125571305892826,0.122584013038087,1.02436935111441,GBR,FALSE
United Mexican States,-99.1333,19.4333,Full 204: DD association with IHD,IHD,DD,942.565312830121,-0.189836055046406,0.620249304252299,-0.306064116065798,MEX,FALSE
United Republic of Tanzania,39.2803,-6.8161,Full 204: DD association with IHD,IHD,DD,942.565312830121,-0.0856591884010109,0.191809985752013,-0.446583571054314,TZA,FALSE
United States Virgin Islands,-64.9331,18.342,Full 204: DD association with IHD,IHD,DD,942.565312830121,0.0763828733227635,0.203671217608091,0.375030277816384,VIR,TRUE
United States of America,-73.9249,40.6943,Full 204: DD association with IHD,IHD,DD,942.565312830121,-0.309008209771331,0.37256493614139,-0.829407654331864,USA,FALSE
