set_rank,id.exposure,trait,population,source_group,consortium,exposure_category,exposure_sample_size,exposure_ncase,exposure_ncontrol,direction,IHD.id.outcome,IHD.method,IHD.nsnp,IHD.b,IHD.se,IHD.p,IHD.q_BH_m11988,IHD.OR,IHD.CI95_lower,IHD.CI95_upper,DD.id.outcome,DD.method,DD.nsnp,DD.b,DD.se,DD.p,DD.q_BH_m11988,DD.OR,DD.CI95_lower,DD.CI95_upper,old50_overlap,old50_rank,downstream_marker,downstream_exclusion_reason
1,finn-b-RX_ANTIHYP,Antihypertensive medication - note that there are other indications,European,public,NA,Binary,,107287,111505,Positive,finn-b-I9_IHD,Inverse variance weighted,52,0.40881443892521302,0.036003698774446702,7.0208381848622306e-30,1.7176695542883351e-27,1.5050324191393474,1.4024871404138533,1.6150754736988406,finn-b-F5_DEPRESSIO,Inverse variance weighted,185,0.133202031838803,0.018613387551741901,8.2914617870247998e-13,3.2063885129952678e-10,1.142480792511531,1.101551667044018,1.1849306757988121,FALSE,,TRUE,Medication or treatment marker
2,ukb-b-6591,Age first had sexual intercourse,European,public,MRC-IEU,Continuous,406457,,,Negative,finn-b-I9_IHD,Inverse variance weighted,183,-0.37107937764631399,0.061239985419075403,1.36605136733847e-09,8.3128039551541001e-08,0.68998916966871549,0.61194690971298427,0.77798424455385695,finn-b-F5_DEPRESSIO,Inverse variance weighted,386,-0.46362915701102603,0.055516772549258103,6.7598802394014094e-17,3.68352019590655e-14,0.62899677026354361,0.56414609281788086,0.70130227265384915,FALSE,,FALSE,
3,ieu-a-1239,Years of schooling,European,public,SSGAC,Risk factor,766345,,,Negative,finn-b-I9_IHD,Inverse variance weighted,293,-0.45370970946251199,0.060292617728021601,5.2668409760008899e-14,5.4903382278520582e-12,0.63526711851526607,0.56446142066915928,0.71495464010325216,finn-b-F5_DEPRESSIO,Inverse variance weighted,509,-0.32616318569994501,0.055829676635838703,5.1543343743048702e-09,1.2358032095833357e-06,0.72168740875713988,0.64688331279965705,0.80514167803227843,FALSE,,FALSE,
4,ukb-b-6306,Overall health rating,European,public,MRC-IEU,Categorical Ordered,460844,,,Positive,finn-b-I9_IHD,Inverse variance weighted,100,0.76021255039131996,0.14827452600887001,2.94300070389785e-07,1.2555406561682358e-05,2.138730760248825,1.5993454941737237,2.8600257302114005,finn-b-F5_DEPRESSIO,Inverse variance weighted,294,0.92566428967012304,0.089303191075646202,3.56223302775179e-25,4.2704049536688457e-22,2.5235440679421237,2.118334221314595,3.0062652997664641,TRUE,4,TRUE,General health-status or multimorbidity marker
5,finn-b-I9_HYPTENSESS_EXNONE,"\Hypertension, essential\ (no controls excluded)",European,public,NA,Binary,,42857,175935,Positive,finn-b-I9_IHD,Inverse variance weighted,26,0.38050690895043798,0.067875285629580798,2.07090178072302e-08,1.0564242786088326e-06,1.4630260224843445,1.2807826663030242,1.6712008983106801,finn-b-F5_DEPRESSIO,Inverse variance weighted,116,0.104083982024001,0.019988755769660201,1.91787242310846e-07,3.8319091013707032e-05,1.1096936453207233,1.0670587382550811,1.1540320530797468,FALSE,,FALSE,
6,finn-b-PAIN,"Pain (limb, back, neck, head abdominally)",European,public,NA,Binary,,87242,131127,Positive,finn-b-I9_IHD,Inverse variance weighted,8,0.48471782518896001,0.098897242452191406,9.5239977912632599e-07,3.9370236386780678e-05,1.6237167722224695,1.3376030318535623,1.971030338308315,finn-b-F5_DEPRESSIO,Inverse variance weighted,72,0.38032812046701903,0.041131289724113,2.3156082181165099e-20,1.8506340879187146e-17,1.4627644736622374,1.3494684748766403,1.5855723532955879,FALSE,,FALSE,
7,finn-b-KRA_PSY_ANYMENTAL,Any mental disorder,European,public,NA,Binary,,52208,166584,Positive,finn-b-I9_IHD,Inverse variance weighted,2,0.47321910202002698,0.097795977050035607,1.30599017615554e-06,5.2013987480905692e-05,1.6051530367236275,1.325167659628556,1.9442945596976609,finn-b-F5_DEPRESSIO,Inverse variance weighted,45,0.76340183877998502,0.0521123885778704,1.36425341681782e-48,2.7257783268020045e-45,2.1455626781161929,1.9372347258231215,2.3762939742726075,FALSE,,FALSE,
8,finn-b-VWXY20_SUICI_OTHER_INTENTI_SELF_H,Suicide or other Intentional self-harm,European,public,NA,Binary,,52208,166584,Positive,finn-b-I9_IHD,Inverse variance weighted,2,0.47321910202002698,0.097795977050035607,1.30599017615554e-06,5.2013987480905692e-05,1.6051530367236275,1.325167659628556,1.9442945596976609,finn-b-F5_DEPRESSIO,Inverse variance weighted,45,0.76340183877998502,0.0521123885778704,1.36425341681782e-48,2.7257783268020045e-45,2.1455626781161929,1.9372347258231215,2.3762939742726075,FALSE,,FALSE,
9,finn-b-FG_CVD,Cardiovascular diseases (excluding rheumatic etc),European,public,NA,Binary,,101866,116926,Positive,finn-b-I9_IHD,Inverse variance weighted,14,0.63232402600420801,0.085574972739000096,1.4780005194035199e-13,1.4174616181287519e-11,1.8819792695849744,1.5913728628422514,2.2256543729303795,finn-b-F5_DEPRESSIO,Inverse variance weighted,76,0.16027130313879201,0.0316895903517323,4.2470411870350098e-07,7.9552390234649526e-05,1.1738292913667874,1.1031389490043946,1.2490495476695975,FALSE,,FALSE,
10,finn-b-I9_HYPTENSESS,"Hypertension, essential",European,public,NA,Binary,,42857,162837,Positive,finn-b-I9_IHD,Inverse variance weighted,40,0.337144915388983,0.045424025617714303,1.1521535235838899e-13,1.1414889620432787e-11,1.4009420670936203,1.281605802900962,1.5313902846803915,finn-b-F5_DEPRESSIO,Inverse variance weighted,140,0.083833372627559299,0.0168043687114246,6.07604086246845e-07,0.00011206088901426429,1.0874476801620563,1.0522143096370349,1.1238608392407821,FALSE,,FALSE,
11,ukb-b-14180,Mood swings,European,public,MRC-IEU,Binary,451619,204412,247207,Positive,finn-b-I9_IHD,Inverse variance weighted,54,1.1915709969705699,0.26105174934429898,5.0068357675171999e-06,0.00017003384470537164,3.2922492604368703,1.9736992390950181,5.4916701481918695,finn-b-F5_DEPRESSIO,Inverse variance weighted,181,1.24453544876633,0.16419923565833,3.4709536266968598e-14,1.4860640027443554e-11,3.4713218178766101,2.5160870753298723,4.7892122977048963,TRUE,6,FALSE,
12,finn-b-I9_CVD,Cardiovascular diseases,European,public,NA,Binary,,111108,107684,Positive,finn-b-I9_IHD,Inverse variance weighted,11,0.71974979875885803,0.117549188311537,9.1848733783979295e-10,5.795171687380757e-08,2.0539192532038171,1.6312610885890497,2.5860877380028526,finn-b-F5_DEPRESSIO,Inverse variance weighted,68,0.17649922350793201,0.037655112726884502,2.7688999063866402e-06,0.00043675752733898744,1.1930335003781882,1.1081535952208625,1.2844148493160401,FALSE,,FALSE,
13,ukb-b-12405,Age at first live birth,European,public,MRC-IEU,Continuous,170498,,,Negative,finn-b-I9_IHD,Inverse variance weighted,32,-0.41055231894739702,0.0968894130238485,2.2619457740298198e-05,0.00069887128708941962,0.66328380473540893,0.54856167175663983,0.80199807656167132,finn-b-F5_DEPRESSIO,Inverse variance weighted,151,-0.36783688166956002,0.060068307652511498,9.14595997997471e-10,2.3835167008681917e-07,0.69223008789616203,0.61534587882735869,0.77872057175695741,FALSE,,FALSE,
14,ukb-b-3656,Number of treatments/medications taken,European,public,MRC-IEU,Categorical Ordered,462933,,,Positive,finn-b-I9_IHD,Inverse variance weighted,38,1.77503227086154,0.41050199737285198,1.53188675417341e-05,0.00048326995813239052,5.9004715465469477,2.6391274627920627,13.192073881409664,finn-b-F5_DEPRESSIO,Inverse variance weighted,156,0.49620943821902402,0.109061562476887,5.3694257905191799e-06,0.0007882029827280953,1.6424835206213049,1.3263738308708635,2.0339304445876172,TRUE,16,TRUE,Medication or treatment marker
15,ukb-b-929,Frequency of tiredness / lethargy in last 2 weeks,European,public,MRC-IEU,Categorical Ordered,449019,,,Positive,finn-b-I9_IHD,Inverse variance weighted,38,0.83784783562644805,0.20038961995455101,2.9010990412584199e-05,0.00087382852529160643,2.3113871349388311,1.5606215642310806,3.4233222262265723,finn-b-F5_DEPRESSIO,Inverse variance weighted,161,0.94179325645231304,0.102176627858794,3.0465782219459201e-20,2.2826487327929808e-17,2.5645762401410992,2.0991385910723972,3.1332144144595064,TRUE,7,FALSE,
16,finn-b-I9_HYPTENS_EXNONE,Hypertension (no controls excluded),European,public,NA,Binary,,55917,162875,Positive,finn-b-I9_IHD,Inverse variance weighted,62,0.30570315912058299,0.050076503188004599,1.02979398294216e-09,6.4042079587135546e-08,1.3575792617088358,1.2306632022213149,1.4975839437591878,finn-b-F5_DEPRESSIO,Inverse variance weighted,199,0.072614395495800593,0.016397487105600898,9.4941061148823799e-06,0.0012788240910697748,1.0753158103397209,1.0413056107635097,1.1104368208663942,FALSE,,FALSE,
17,ukb-b-11615,Qualifications: A levels/AS levels or equivalent,European,public,MRC-IEU,Binary,458079,123661,334418,Negative,finn-b-I9_IHD,Inverse variance weighted,81,-1.0140748059760301,0.24940076812460801,4.78176573524694e-05,0.0013947398451129031,0.36273787754802628,0.22248395073617341,0.59140790772848162,finn-b-F5_DEPRESSIO,Inverse variance weighted,243,-0.729090157683982,0.15994682500783799,5.1562364520586803e-06,0.00078244256439594258,0.48234765080763681,0.35254185200006849,0.65994790382958768,FALSE,,FALSE,
18,ukb-b-14057,"Non-cancer illness code, self-reported: hypertension",European,public,MRC-IEU,Binary,462933,119731,343202,Positive,finn-b-I9_IHD,Inverse variance weighted,202,1.62152183533004,0.156268867763805,3.1723539024945502e-25,6.6719611549306435e-23,5.0607861423379923,3.7256258625602583,6.8744305851688345,finn-b-F5_DEPRESSIO,Inverse variance weighted,368,0.42138961884100701,0.096176321286373601,1.17904052556814e-05,0.001553223936319875,1.5240779722372402,1.2622350883245588,1.840238547434131,TRUE,2,TRUE,"Diagnosis, disease-history, or outcome-proxy marker"
19,finn-b-FG_HYPERTENSION,Hypertensive diseases (excluding secondary),European,public,NA,Binary,,55955,162837,Positive,finn-b-I9_IHD,Inverse variance weighted,63,0.31699388381819998,0.050117729954681903,2.5325739188429202e-10,1.7056458505106139e-08,1.3729941744177974,1.2445364522891902,1.5147109588616288,finn-b-F5_DEPRESSIO,Inverse variance weighted,195,0.069727179987073798,0.0162377611974651,1.7537373147312801e-05,0.0021674023638142874,1.0722156194685128,1.0386285781077527,1.1068887943818708,FALSE,,FALSE,
20,finn-b-I9_HYPERTENSION,Hypertensive diseases,European,public,NA,Binary,,55955,162837,Positive,finn-b-I9_IHD,Inverse variance weighted,63,0.31699388381819998,0.050117729954681903,2.5325739188429202e-10,1.7056458505106139e-08,1.3729941744177974,1.2445364522891902,1.5147109588616288,finn-b-F5_DEPRESSIO,Inverse variance weighted,195,0.069727179987073798,0.0162377611974651,1.7537373147312801e-05,0.0021674023638142874,1.0722156194685128,1.0386285781077527,1.1068887943818708,FALSE,,FALSE,
21,finn-b-I9_HYPTENS,Hypertension,European,public,NA,Binary,,55917,162837,Positive,finn-b-I9_IHD,Inverse variance weighted,62,0.31388030412005002,0.050627656327292901,5.6542332848691796e-10,3.6639431685952285e-08,1.3687258958915265,1.2394281423499283,1.5115120546900904,finn-b-F5_DEPRESSIO,Inverse variance weighted,196,0.070086328111789997,0.0163462254668677,1.80601434161851e-05,0.0022068363836332044,1.0726007728569551,1.0387808087526915,1.1075218258169004,FALSE,,FALSE,
22,ukb-b-12493,Diagnoses - secondary ICD10: I10 Essential (primary) hypertension,European,public,MRC-IEU,Binary,463010,54358,408652,Positive,finn-b-I9_IHD,Inverse variance weighted,61,4.1817369687373196,0.56197733695950103,9.9840358907192596e-14,1.0057867416633822e-11,65.47949032101117,21.764090531311869,197.00173763433401,finn-b-F5_DEPRESSIO,Inverse variance weighted,167,0.97061112689078999,0.229269758555325,2.30092879296759e-05,0.0026292765096752211,2.639557070854611,1.6841186997481206,4.137037093252756,TRUE,3,TRUE,"Diagnosis, disease-history, or outcome-proxy marker"
23,ukb-b-14177,Vascular/heart problems diagnosed by doctor: High blood pressure,European,public,MRC-IEU,Binary,461880,124227,337653,Positive,finn-b-I9_IHD,Inverse variance weighted,213,1.6842849408451701,0.15288159554335301,3.1669656481967798e-28,7.0306637389968501e-26,5.3885963892207744,3.9933761004092863,7.2712838249688367,finn-b-F5_DEPRESSIO,Inverse variance weighted,378,0.41766247310454802,0.098643854236777503,2.2952544753403099e-05,0.0026292765096752211,1.5184080843339047,1.2514720754803739,1.8422809072152686,TRUE,1,TRUE,"Diagnosis, disease-history, or outcome-proxy marker"
24,ukb-b-6134,Age completed full time education,European,public,MRC-IEU,Categorical Ordered,307897,,,Negative,finn-b-I9_IHD,Inverse variance weighted,37,-0.64269797685163899,0.15314434439667099,2.7085488325245999e-05,0.0008241137919874342,0.5258717186658316,0.38951188842339179,0.70996822616094535,finn-b-F5_DEPRESSIO,Inverse variance weighted,157,-0.41631322060083098,0.0996208386871031,2.92822945558795e-05,0.0032503346957026245,0.65947367739000717,0.54249844256066904,0.80167148336405158,FALSE,,FALSE,
25,ukb-b-4063,Number of self-reported non-cancer illnesses,European,public,MRC-IEU,Categorical Ordered,462933,,,Positive,finn-b-I9_IHD,Inverse variance weighted,34,1.1564732056050899,0.30381079270529299,0.00014091462821655301,0.0037707244711161552,3.17870285265569,1.7524311490906455,5.7657910444724578,finn-b-F5_DEPRESSIO,Inverse variance weighted,166,0.60318081502958298,0.103918214737324,6.4604580567680902e-09,1.518587670285017e-06,1.8279238507577817,1.4910806330177144,2.2408617818386358,TRUE,19,TRUE,"Diagnosis, disease-history, or outcome-proxy marker"
26,ukb-b-17729,Qualifications: None of the above,European,public,MRC-IEU,Binary,458079,79538,378541,Positive,finn-b-I9_IHD,Inverse variance weighted,86,0.95143722322677504,0.250493227222649,0.000145718202388253,0.0038819329116230599,2.5894285731104012,1.5848194637902917,4.2308543581389362,finn-b-F5_DEPRESSIO,Inverse variance weighted,266,0.78021032533337398,0.18261446011815499,1.9334083150964401e-05,0.0023177698881376124,2.1819311326336881,1.5254447143299767,3.1209413378492923,TRUE,28,FALSE,
27,ukb-b-7408,Average total household income before tax,European,public,MRC-IEU,Categorical Ordered,397751,,,Negative,finn-b-I9_IHD,Inverse variance weighted,43,-0.41927883805312599,0.11066617745460799,0.00015144926441981,0.0040078891431891443,0.65752082787656696,0.5293081270690545,0.81679010198738733,finn-b-F5_DEPRESSIO,Inverse variance weighted,178,-0.30581336519381702,0.068303697816755105,7.5607402097192902e-06,0.0010418178578633891,0.7365240676560082,0.64423699693390124,0.8420312785796269,FALSE,,FALSE,
28,ieu-b-102,Major depression,European,public,PGC,Disease,,170756,329443,Positive,finn-b-I9_IHD,Inverse variance weighted,43,0.27845937222382,0.073568673437212503,0.00015369225334661599,0.0040582879584124066,1.3210929312377413,1.1436955984582611,1.5260061639819467,finn-b-F5_DEPRESSIO,Inverse variance weighted,164,0.49414988890023998,0.046342471350379701,1.5162194107463299e-26,2.0196042551141115e-23,1.639104225911862,1.4967837584247052,1.7949571194102951,FALSE,,TRUE,"Diagnosis, disease-history, or outcome-proxy marker"
29,ukb-b-18994,Miserableness,European,public,MRC-IEU,Binary,454982,195435,259547,Positive,finn-b-I9_IHD,Inverse variance weighted,43,1.1587683387379599,0.31056031860713901,0.000190556021759453,0.0049338781616680835,3.1860067774260372,1.73337454789439,5.8559987500307384,finn-b-F5_DEPRESSIO,Inverse variance weighted,145,1.7534365317917999,0.19552223609515201,3.0204352623700002e-19,2.1299398779583273e-16,5.77441257022081,3.9361888138790917,8.4710978328968771,TRUE,12,FALSE,
30,ieu-b-4877,smoking initiation,European,public,GSCAN,Risk factor,607291,311629,321173,Positive,finn-b-I9_IHD,Inverse variance weighted,83,0.20263198412203101,0.054913257480229502,0.00022422091993130701,0.0056948313307976879,1.2246217050766108,1.0996610538530547,1.3637823357388335,finn-b-F5_DEPRESSIO,Inverse variance weighted,216,0.24604936728789101,0.043768621015780398,1.89204752916056e-08,4.2412295387118968e-06,1.2789627109036164,1.1738193924570104,1.3935241029354815,TRUE,21,FALSE,
31,finn-b-G6_SLEEPAPNO_INCLAVO,"Sleep apnoea, including avohilmo",European,public,NA,Binary,,16794,201998,Positive,finn-b-I9_IHD,Inverse variance weighted,5,0.228672038377845,0.062244674525087897,0.000239006593188333,0.0060575286239783,1.2569297466868468,1.1125698018307904,1.4200209150980911,finn-b-F5_DEPRESSIO,Inverse variance weighted,29,0.151291869744171,0.031916442564303801,2.1345623502513099e-06,0.00036041033034947469,1.1633361511603553,1.0927917302495296,1.2384345187966996,FALSE,,FALSE,
32,finn-b-G6_SLEEPAPNO,Sleep apnoea,European,public,NA,Binary,,16761,201194,Positive,finn-b-I9_IHD,Inverse variance weighted,5,0.22741458820042099,0.0619734761649628,0.000242980591588798,0.0061323185936137063,1.255350213454165,1.1117624789172764,1.4174827701994042,finn-b-F5_DEPRESSIO,Inverse variance weighted,31,0.14154895302871201,0.031074076615428901,5.23332014500891e-06,0.00078421302372958521,1.1520568995549187,1.0839846721803674,1.2244039365819093,FALSE,,FALSE,
33,ukb-b-17360,Illnesses of siblings: None of the above (group 1),European,public,MRC-IEU,Binary,364971,245626,119345,Negative,finn-b-I9_IHD,Inverse variance weighted,11,-5.7453272282386099,1.45792443401551,8.1224572092228794e-05,0.0023019389367414629,0.0031976880066088408,0.00018358016508701806,0.055698874563944387,finn-b-F5_DEPRESSIO,Inverse variance weighted,73,-0.96124572184703205,0.24315001586198301,7.7079682155573604e-05,0.0073922498374481308,0.38241620490963207,0.2374448832570687,0.61589936903023201,FALSE,,TRUE,"Diagnosis, disease-history, or outcome-proxy marker"
34,ukb-b-4630,Neuroticism score,European,public,MRC-IEU,Categorical Ordered,374323,,,Positive,finn-b-I9_IHD,Inverse variance weighted,108,0.096828449919335993,0.0274828284938128,0.00042631396023291997,0.010259690478736583,1.1016713655976698,1.0438983366921397,1.1626417584146087,finn-b-F5_DEPRESSIO,Inverse variance weighted,265,0.17775387197953399,0.0191044492821127,1.3485494954213099e-20,1.1547436679364759e-17,1.1945312774313765,1.1506294625712381,1.2401081487807752,TRUE,13,FALSE,
35,finn-b-E4_ENDONUTRMET,"Endocrine, nutritional and metabolic diseases",European,public,NA,Binary,,77918,140874,Positive,finn-b-I9_IHD,Inverse variance weighted,19,0.32845769814488801,0.056449845407447602,5.9351183416368603e-09,3.2788109990572662e-07,1.388824489233152,1.2433582700740209,1.5513094723525633,finn-b-F5_DEPRESSIO,Inverse variance weighted,80,0.11333283749733999,0.029974005233853001,0.00015617615138010201,0.01426059016820776,1.120004650462832,1.0561009604903271,1.1877750934683105,FALSE,,FALSE,
36,ukb-b-13352,Vascular/heart problems diagnosed by doctor: None of the above,European,public,MRC-IEU,Binary,461880,325118,136762,Negative,finn-b-I9_IHD,Inverse variance weighted,204,-1.95600236881649,0.20491749737909901,1.3569263113974999e-21,2.3921812677990041e-19,0.1414226479713927,0.094643255258641076,0.21132372618189715,finn-b-F5_DEPRESSIO,Inverse variance weighted,367,-0.37812329999111899,0.100040814273405,0.00015702351536565101,0.01426059016820776,0.68514601695975086,0.56315335667765198,0.8335652429121706,FALSE,,TRUE,"Diagnosis, disease-history, or outcome-proxy marker"
37,ukb-b-5076,Leisure/social activities: None of the above,European,public,MRC-IEU,Binary,461369,140035,321334,Positive,finn-b-I9_IHD,Inverse variance weighted,10,2.3703584046400001,0.65713447864885,0.00030962269034237502,0.0077007402734945883,10.701226966284473,2.9516809643431206,38.796963481932032,finn-b-F5_DEPRESSIO,Inverse variance weighted,78,1.25780110092033,0.33351182452816203,0.000162344735814165,0.014632997691279773,3.5176779580412161,1.8296376190095134,6.7631196953568322,TRUE,41,FALSE,
38,ukb-b-20292,Taking other prescription medications,European,public,MRC-IEU,Binary,461332,216598,244734,Positive,finn-b-I9_IHD,Inverse variance weighted,24,1.7492602176259999,0.50239545954044096,0.00049798258531008003,0.011821416302370772,5.7503470966720212,2.148060016560128,15.393653565209291,finn-b-F5_DEPRESSIO,Inverse variance weighted,85,0.89560742114181102,0.239630753445601,0.00018589770269998099,0.016148852608459219,2.4488228045384179,1.5310153525054042,3.9168340919731155,FALSE,,TRUE,Medication or treatment marker
39,ukb-b-16489,Qualifications: College or University degree,European,public,MRC-IEU,Binary,458079,148722,309357,Negative,finn-b-I9_IHD,Inverse variance weighted,238,-0.79393489714585697,0.121340430105172,6.0281996689877406e-11,4.3533769657725918e-09,0.4520624716225824,0.35637841822188332,0.57343673971380071,finn-b-F5_DEPRESSIO,Inverse variance weighted,472,-0.37962858493601997,0.101870475150819,0.00019409465736824099,0.016620048232360522,0.68411545281630226,0.56029339308180059,0.83530157335574029,FALSE,,FALSE,
40,finn-b-E4_DM2,Type 2 diabetes,European,public,NA,Binary,,32469,183185,Positive,finn-b-I9_IHD,Inverse variance weighted,61,0.12424604951941499,0.0233525675692388,1.03513785204362e-07,4.7363483092743951e-06,1.1322944372293429,1.0816363323947726,1.1853250988175759,finn-b-F5_DEPRESSIO,Inverse variance weighted,159,0.049858576203700398,0.013416261045380001,0.00020217790443814401,0.017068371256369511,1.0511224321392127,1.0238424983218652,1.0791292304794713,FALSE,,FALSE,
41,ukb-b-18009,"Medication for cholesterol, blood pressure, diabetes, or take exogenous hormones: Blood pressure medication",European,public,MRC-IEU,Binary,249710,43244,206466,Positive,finn-b-I9_IHD,Inverse variance weighted,89,1.6354045168095299,0.21799023864943401,6.2759589277905303e-14,6.3759487818943119e-12,5.1315333687438089,3.3472651826961273,7.8669102318690474,finn-b-F5_DEPRESSIO,Inverse variance weighted,195,0.45265613256307902,0.121789684707972,0.00020183917550533099,0.017068371256369511,1.5724833677092609,1.2385586822486456,1.9964366462095928,TRUE,22,TRUE,Medication or treatment marker
42,ukb-b-19809,Fed-up feelings,European,public,MRC-IEU,Binary,453071,184258,268813,Positive,finn-b-I9_IHD,Inverse variance weighted,53,0.82910613476299,0.247906540890757,0.00082451759205492904,0.018509956729502789,2.2912697382671334,1.4094637524181255,3.7247619915672163,finn-b-F5_DEPRESSIO,Inverse variance weighted,180,1.18886818533813,0.16765993471850699,1.3319463050127499e-12,4.9898038451540144e-10,3.2833629452665605,2.3637626988066431,4.5607252520703865,TRUE,17,FALSE,
43,ukb-b-20531,Leg fat percentage (right),European,public,MRC-IEU,Continuous,454854,,,Positive,finn-b-I9_IHD,Inverse variance weighted,352,0.39537107292631801,0.080087741650337704,7.9445794780578297e-07,3.318453616130915e-05,1.4849351079152884,1.2692156348186832,1.7373188717726396,finn-b-F5_DEPRESSIO,Inverse variance weighted,563,0.22951039005441501,0.062656510602393106,0.00024928488258773999,0.019790908426899515,1.257983937676961,1.1126044622188285,1.4223595547129662,TRUE,18,FALSE,
44,finn-b-I9_HEARTFAIL_AND_ANTIHYPERT,Heart failure and antihypertensive medication,European,public,NA,Binary,,22113,111505,Positive,finn-b-I9_IHD,Inverse variance weighted,8,0.24290512979020201,0.075582762366436795,0.00131007489148553,0.027846059927532859,1.2749476638284374,1.0993981740163712,1.4785285112519979,finn-b-F5_DEPRESSIO,Inverse variance weighted,46,0.089573403769844795,0.021512387699272099,3.1298640954004801e-05,0.0034422762179505467,1.0937076126277874,1.0485509085524858,1.1408090271661788,FALSE,,TRUE,Medication or treatment marker
45,finn-b-SLEEP,Sleep disorders (combined),European,public,NA,Binary,,19155,197545,Positive,finn-b-I9_IHD,Inverse variance weighted,3,0.252961079983272,0.079622398583420295,0.0014880239828858001,0.030650225956761121,1.2878331533713616,1.1017514917923343,1.505343304073359,finn-b-F5_DEPRESSIO,Inverse variance weighted,25,0.152514405698013,0.037790569440660601,5.4421307816339603e-05,0.0054366886508523263,1.1647592411436429,1.081603745898523,1.2543078691933434,FALSE,,FALSE,
46,finn-b-KELA_DIAB_INSUL,"Diabetes, insuline treatment (Kela reimbursement)",European,public,NA,Binary,,29071,189721,Positive,finn-b-I9_IHD,Inverse variance weighted,53,0.095184219087172006,0.022284512292016698,1.9432183854691799e-05,0.00060350523329027279,1.0998614519371217,1.0528561087928363,1.1489653746172617,finn-b-F5_DEPRESSIO,Inverse variance weighted,123,0.048827977989218202,0.0140301882561388,0.00050102403187228105,0.034126568716391505,1.0500397052614745,1.0215578938573919,1.0793156112398694,FALSE,,FALSE,
47,ukb-b-7212,Leg fat mass (left),European,public,MRC-IEU,Continuous,454823,,,Positive,finn-b-I9_IHD,Inverse variance weighted,385,0.24450089586002999,0.058427569021720603,2.8556343703869499e-05,0.00086447840485350382,1.2769838062225731,1.1388088646310268,1.4319239092707901,finn-b-F5_DEPRESSIO,Inverse variance weighted,611,0.15558605535827999,0.045014320121475201,0.00054750730242699699,0.036463986341637999,1.1683424738714643,1.0696783415650446,1.2761071092221319,TRUE,25,FALSE,
48,ukb-b-18096,Leg fat mass (right),European,public,MRC-IEU,Continuous,454846,,,Positive,finn-b-I9_IHD,Inverse variance weighted,385,0.231314808937086,0.056976389853486499,4.9107157504637699e-05,0.0014254155064542294,1.2602559168327971,1.127092248462179,1.4091526031512489,finn-b-F5_DEPRESSIO,Inverse variance weighted,602,0.157342315862042,0.045571477208491397,0.00055511077609511801,0.036503709718211368,1.1703961905160245,1.0703890928311099,1.2797470115762464,TRUE,23,FALSE,
49,finn-b-E4_NUTRIDEF,Other nutritional deficiencies,European,public,NA,Binary,,9185,209607,Positive,finn-b-I9_IHD,Inverse variance weighted,4,0.12652723472663099,0.040626930501436898,0.00184339073117175,0.036997876261741801,1.1348803589115215,1.0480155786829111,1.228944927194473,finn-b-F5_DEPRESSIO,Inverse variance weighted,37,0.077328710509477303,0.0219852261863764,0.00043595518787608602,0.03092444255774272,1.0803971559297789,1.0348305227603223,1.1279702220491075,FALSE,,FALSE,
