package_path,category,bytes,sha256,last_modified_utc
.gitignore,root,363,8993860189175585fc7754c7e849053154111cbadfd96221103173bc38589c32,2026-09-19T18:50:48.607195Z
.zenodo.json,root,3305,12987501ad27af41f6178f287dcc10bd68167170f44fbfc897d7a5cf778ad49e,2026-09-20T03:46:49.320868Z
CITATION.cff,root,2019,3576460575471885d8866669fbeb5129aa8b893c386ab171ce048b4717be7edd,2026-09-20T04:00:11.176126Z
code/figure2/01_correct_correlations_figure2.R,code,22094,ffcea76f668f96c2c6c2fb5a1e9ceac428eeae396ceb90f647c76d4213661165,2026-09-19T18:55:55.826950Z
code/figure2/02_compose_full_figure2.R,code,19954,29c20a7a7569f790331117480318f328b9a36aa8673587e5deb7be3c08fa066c,2026-09-17T21:19:57.820824Z
code/figure2/05_correlation_small_island_sensitivity.R,code,6867,e0e4d63a15a10bfab910e7b435f153103a1d99768617103eb4aa8b9e0921217b,2026-09-17T20:49:38.340672Z
code/forecast/01_build_source_data.R,code,2152,930ab3ae9dee80a424d5c3fcac2b78569d1974d157362766cd6d31f8b25cc032,2026-09-20T06:07:52.559237Z
code/forecast/02_draw_figure4_minimal.R,code,5694,802410e12a1b71b416507c87528762c77160da709f74ebbe5bff30db65ff9059,2026-09-20T06:09:44.809468Z
code/forecast/audit_archived_arimax.R,code,1740,1ea1bdb75768416a56a5cd62498dfa6008fc28f71b38d24344b5772f0683545f,2026-09-20T05:36:22.202307Z
code/forecast/prepare_forecast_report.R,code,18126,39ab7d7fcedea42028bf7ea96a32e4f312fdbf73ba6232d968a77797f219f19c,2026-09-20T05:38:15.436221Z
code/forecast/README.md,code,2220,883cf057157aee8e88126bf24a37f1a3b98094e3bb861421778c8bb63d7dd359,2026-09-20T06:31:09.288296Z
code/forecast/run_forecast_revision.R,code,23740,53f021b282a27e28cded92cd05fd8d8e3337364d7adb8d73957fc6858da47076,2026-09-20T05:36:22.079664Z
code/granger/03_correct_granger_sensitivity.R,code,23153,56b808a11c091c50890280a3a4eeefde2d9c30e0a8b55935f03db3724e03de52,2026-09-20T05:36:22.243232Z
code/granger/06_create_figure5_corrected.R,code,10788,43aa0c9c076f5578ae2b88772b26c221987042970639817143ff297445e206a8,2026-09-20T05:36:22.266931Z
code/granger/diagnostic_spec_probe.R,code,1951,3971988728bf9293e25527f691596d4c985d7959a65f6b42ddc178be9b3aa413,2026-09-20T05:36:22.267854Z
code/granger/README.md,code,867,279a1317ccd28e6ddcef53eb9ec4d64d1b98df62c428fea81171972c27aeaba5,2026-09-20T05:33:14.203429Z
code/gwr/04_gwr_small_island_sensitivity.R,code,14251,07eba8b8bd42a698423cc79d62e0a3d51a0cf36ea7569828b943e9563586334f,2026-09-17T20:49:38.338223Z
code/gwr/05_build_figure6.R,code,8767,d616a912aa8bda5f175be71782811d398dccebba160732c626c7151fdf4020d3,2026-09-19T19:38:06.951224Z
code/historical_reference/figure1/GBD_1_Female.R.txt,code,27131,b847c8bab15311ee13d36647bc2517b0e643ee77e28be5928167a2ab6290ddf5,2026-09-19T19:36:35.656484Z
code/historical_reference/figure1/GBD_1_Male.R.txt,code,27121,8ebb8ca4b3cbbced9bc02f8bb7c2111341cff39be3a29a1984f7adbb42dfd667,2026-09-19T19:36:35.659832Z
code/historical_reference/figure1/GBD_2_Female.R.txt,code,27129,7d2c47fa258e66486ef354ec3d72af32ee3271a5d9bb864ffb90856320780635,2026-09-19T19:36:35.661759Z
code/historical_reference/figure1/GBD_2_Male.R.txt,code,27115,79293461377578b536de72d9dda3d2d5d3e50a64fe01f83bf6b9cf6aaa8c769c,2026-09-19T19:36:35.664554Z
code/historical_reference/figure1/GBD_3_Female.R.txt,code,27964,0ee8873d1d8224da70a7133a299f71580fdde10c52e4296cda6715d0fa4ad883,2026-09-19T19:36:35.666579Z
code/historical_reference/figure1/GBD_3_Male.R.txt,code,27944,5e0d352bd278b66a4b0a1aba5a8080ae3b9554abf46c40f057ae45e2ca8c58a9,2026-09-19T19:36:35.668994Z
code/historical_reference/figure1/GBD_4_ALL.R.txt,code,3886,8d3279085d75b83ce33bd97a4817036b8aa43655106139f8eb3e067a13252a99,2026-09-19T19:36:35.671148Z
code/historical_reference/figure3/GBD_1_Female.R.txt,code,31947,96fd20866d1e35c76556e38767f056411543c8ccf145d9708cb9ed2706280348,2026-09-19T19:36:35.673455Z
code/historical_reference/figure3/GBD_1_Male.R.txt,code,31893,46996933f5a9e27deed0a7933820c564c4aa04136a41a0fd093e2a0d66a5202c,2026-09-19T19:36:35.675984Z
code/historical_reference/README.md,code,2994,1db3682d0e754cf9438248208e8afaebf3c4dd05b43b18efdb3a4a633f9ba319,2026-09-19T19:36:35.681369Z
code/historical_reference/sdi/204_SDI.R.txt,code,9036,6dae0dbc85033652ee38642af68a0c5625a8e4d503f85d663232ee369c406799,2026-09-19T19:36:35.678930Z
code/mr/00_catalogue_snapshot_provenance.R,code,2817,f6181ba1d9212aafd864a20e4170e28a8c7796ea0db1dfc2c5c2ae0ea5a2bd8a,2026-09-19T18:58:50.278824Z
code/mr/01_build_exploratory_mr_audit.R,code,27911,a72af4301420ad8b4da6e71d9b368f9005861f993d5a5905519e5aa36cab8b7b,2026-09-19T18:54:29.297574Z
code/mr/02_build_final_mr_reporting.R,code,8800,f76aaf6aeda060ff61a89f79f9a6b87635da68470fdec36f4eaba396f9f9ba02,2026-09-19T16:07:37.727775Z
code/mr/alternative_sets/build_alternative_mr_sets.py,code,21803,9d217fb33204bbd84352be068172c8a09b8d2443129e83423683f18a216056a7,2026-09-19T19:40:21.981261Z
code/mr/historical_reference/catalogue_capture_REFERENCE_ONLY.R.txt,code,887,469e5d964aa6ea763798b510e3122516b07a6922109cfd4814e96d18612184bb,2026-09-19T18:55:10.496983Z
code/mr/historical_reference/PROVENANCE.md,code,2337,0c4698169c83d04fedc9c808a0a9ea1f133e4b948c0dfc2891afeb9184b042c5,2026-09-19T18:55:10.499238Z
code/mr/historical_reference/self_developed_find_exposure_DD_REFERENCE_ONLY.R.txt,code,4689,d1bbc3b27920f8f5d62fb22e8a899bd467cde46191b680bc04db6e1188331991,2026-09-19T18:54:43.389884Z
code/mr/opengwas_sensitivity_rerun_RATE_LIMITED.R,code,9239,83432ad54c7aafe8852769f75da90b6dbb2bc1a853ba28ecfc4e19a82c6e6b41,2026-09-19T18:58:50.281868Z
code/mr/README.md,code,1724,1adc30ea3cf724ec42100acd15679696b1bb2e7d61a784ebba96093522fc6316,2026-09-19T18:53:06.782786Z
code/supplement/build_supplement_docx.py,code,10793,caff9a1e53e7389390970814543331ffa4ddd8981d4f28c313c754f2cd2b823f,2026-09-17T21:03:58.991305Z
code/supplement/validate_supplement_docx.py,code,2819,cf5566dcd42cb0b3e328e96b3ff319f2f9b3f293269256599d358019362462a6,2026-09-17T21:06:14.996083Z
data_access_protocol.md,root,16650,2fa578ad1284adbe359bde8b232e325ce20ee50dbfd8e94e03d5d15ee472a935,2026-09-20T04:07:02.978812Z
derived_data/figure2/01_correct_correlations_figure2.log,derived_data,8528,720886375a42c32665de924dda61a1eb5986e4d9171c5f7d9921eede8b1a5625,2026-09-19T18:55:55.894313Z
derived_data/figure2/02_compose_full_figure2.log,derived_data,819,24c838f705743a76beb0d64aa7584b7d16e7f467b8ab27546e7f9689e761410b,2026-09-17T21:20:22.140421Z
derived_data/figure2/calculation_notes.md,derived_data,1867,a3164ea399450c869e6c0d007c5350ca1b1b3175132a03ba2bf2687153a577cd,2026-09-17T20:45:09.832125Z
derived_data/figure2/correlation_correction_summary.csv,derived_data,622,7fe565776c0a3613be926c950848b727d89e56273a6a063d42fdcd56d780bc26,2026-09-17T20:45:09.828778Z
derived_data/figure2/derived_inputs/GBD_country_location_crosswalk.csv,derived_data,5229,1959b2b1d07146b57ca951b56e1d72bc27d48028e6f6f6d7728534a4d4e4c1a1,2026-09-17T20:44:43.163097Z
derived_data/figure2/Figure2_AB_cartographic_procedure.md,derived_data,1300,5a9db7f79a5627f7f924259c081425370ec8a6ff0a8941ec7cc193470e24561e,2026-09-19T19:49:02.465255Z
derived_data/figure2/Figure2_AB_corrected_counts.csv,derived_data,108,6617f2a126fd0f5241c92334e9332d5f7ae116411cfa949cde836302224d9e20,2026-09-17T21:20:21.944272Z
derived_data/figure2/Figure2_AB_corrected_source.csv,derived_data,43241,0bdc782e11efbbffd2546347ef7d94b72172a72b7bbc53034ab4350d8b02e8f1,2026-09-17T21:20:21.942609Z
derived_data/figure2/Figure2_AB_mapping_coverage.csv,derived_data,44093,d095a03df537d83aad26b6819b5d04a7b33df8cc013c9fdb15c435fcb01a6587,2026-09-17T21:20:21.945366Z
derived_data/figure2/Figure2_EF_weighted_correlations_corrected.csv,derived_data,1970659,4b6a14d9d66c85f9e4781f0e2388714a9a3ff216bdeae471ea586ae75fa9c783,2026-09-17T20:45:01.291394Z
derived_data/figure2/Figure2_full_geometry_audit.csv,derived_data,595,9eafa7836e80cfcb201951315fc6df6353ce4d1dc034ccd9afcde8cfac372cef,2026-09-17T21:20:21.940160Z
derived_data/figure2/Figure2_full_input_checksums_sha256.csv,derived_data,563,575d17bebae049e85d491f3d576bec62b13cfba88ff2b3a8ac494f6af13e4440,2026-09-17T21:20:22.078603Z
derived_data/figure2/Figure2_full_numerical_QA.csv,derived_data,641,fb737dfcdd56cabe16fe8ec135a1939bedc4c29d8c3d5858362705d0e18eaa5f,2026-09-17T21:20:21.937106Z
derived_data/figure2/Figure2_full_output_checksums_sha256.csv,derived_data,1323,e9f3d77f3dd21a0f450945addf5617a43f735b520323d1485188393dae20b5e7,2026-09-17T21:20:22.139652Z
derived_data/figure2/Figure2_full_sessionInfo.txt,derived_data,1458,c367e5ed52fe56a55e0075341faeb52c3a3d4b49097cf10f3cb79314cb1237e9,2026-09-17T21:20:22.020466Z
derived_data/figure2/Figure2_full_visual_QA.md,derived_data,1438,145868bfe713ed334a42622ad3f909ff6158b192eea5bb5e634e5a0065e640ee,2026-09-17T21:20:22.095148Z
derived_data/figure2/input_checksums_sha256.csv,derived_data,4231,ab007905424de4ab520046afe59af60a14720b2aed2623e9a35700b9e9452bf1,2026-09-19T18:55:55.900704Z
derived_data/figure2/output_checksums_sha256.csv,derived_data,2524,da148fee512bc6e32971ba62d90ab2b0188db18e715dd171e972825bb8f8ed01,2026-09-17T20:45:10.335600Z
derived_data/figure2/population_duplicate_keys.csv,derived_data,139,1923cf15778e9522ab068009e624b9dc80aa31df22dcaaac388fc9a4770deaa8,2026-09-17T20:44:55.961030Z
derived_data/figure2/population_merge_coverage.csv,derived_data,409319,5818d3b1d73a0284e7a46602152232dcd19c69b4356ef9c7ad2074ea30ee672e,2026-09-17T20:44:56.890822Z
derived_data/figure2/S1_original_vs_corrected.csv,derived_data,93262,5065900bfdd2062fae627b4735589812fc4334e5709b2c8cba7d0070a698a7ca,2026-09-17T20:44:43.516069Z
derived_data/figure2/sessionInfo.txt,derived_data,2179,2fc656d3e9a0cce562e6125f3787ef911dcc191789cae8e60b25b0e0064f7a6e,2026-09-17T20:45:09.874812Z
derived_data/figure2/small_island_sensitivity/correlation_small_island_sensitivity_execution.log,derived_data,2709,925297bbe4d333421509baff3e35cc3285f83aecdbcf703506c7ca7c28b7a850,2026-09-17T20:53:49.950298Z
derived_data/figure2/small_island_sensitivity/Figure2_EF_age_median_full_vs_SID_excluded.csv,derived_data,5496,9fb9155d27b323d4a65afc9752fa01aa977a9e17347484d03f91f674d2c1a12d,2026-09-17T20:53:49.460109Z
derived_data/figure2/small_island_sensitivity/Figure2_EF_SID_excluded_robustness.csv,derived_data,345,643cebc18a525cb8a949f159a311e6af86afef376e08ab2cad8b79544fe43f84,2026-09-17T20:53:49.530882Z
derived_data/figure2/small_island_sensitivity/Figure2_EF_SID_excluded_summary.csv,derived_data,360,f9f4c6d7f0a4255c4203d228e7c4290a6701610e465b6762e9a3800e3714dc78,2026-09-17T20:53:49.459064Z
derived_data/figure2/small_island_sensitivity/Figure2_EF_SID_excluded_weighted_correlations.csv,derived_data,1587397,a74f7de4a616a3a864cfb5d40d85dba7cc1767086509690ea3ce3d793e5c4760,2026-09-17T20:53:49.457969Z
derived_data/figure2/small_island_sensitivity/input_checksums_sha256.csv,derived_data,747,ad220c671b50ecd06479a9f27471c49c7c2a527e3a1d757a98f2e4eb472f3a80,2026-09-19T18:55:55.929252Z
derived_data/figure2/small_island_sensitivity/method_and_reporting_notes.md,derived_data,1005,b63957165d4e63de0dd9f203ea841b75fc89706297f3cfe876b4f9b9d15527ba,2026-09-17T20:53:49.843359Z
derived_data/figure2/small_island_sensitivity/output_checksums_sha256.csv,derived_data,1443,19327176c53a15a2ca242cce6ff6f85b1bba9edede3f29f56438c7e053feef17,2026-09-17T20:53:49.872811Z
derived_data/figure2/small_island_sensitivity/S1_SID_excluded_results.csv,derived_data,102339,c92d34757944739e59a709b7abeb6e3465c0101d49cf18a9539774a2968b8cf4,2026-09-17T20:53:49.341327Z
derived_data/figure2/small_island_sensitivity/S1_SID_excluded_summary.csv,derived_data,421,b5f1ec9a7278f7da244af250b9478b3d00362b23f33c42a7c054b726a17e84fd,2026-09-17T20:53:49.342379Z
derived_data/figure2/small_island_sensitivity/sessionInfo.txt,derived_data,578,5335543437ac6cc7a73488a17fa150d2207b64a8eda26225c0c5d0dcc868a939,2026-09-17T20:53:49.851017Z
derived_data/figure2/Supplementary_Table_S1_corrected.csv,derived_data,68924,b8e20608b7fe238db959076129fe9d18805f50e394bd1f87438656e9172645ce,2026-09-17T20:44:43.510498Z
derived_data/figure2/weighted_correlation_failures.csv,derived_data,96601,41983ac3b21ca7fb85f9792c836a1767407a753eab0af00654fdd2d19e3f819f,2026-09-17T20:45:01.257366Z
derived_data/figure6/Figure6_panel_summary.csv,derived_data,390,e754d43d23bb46892c8eab3f6656fa789a8c0ce030bbf3d82a5f9ada6b7f926a,2026-09-19T18:48:21.502267Z
derived_data/figure6/Figure6_point_display_audit.csv,derived_data,23058,a0bc082c5370a6af5775883eda9037008e1354abd0a62a5a3e374df61ba0afaa,2026-09-19T18:48:21.478004Z
derived_data/figure6/Figure6_source_data.csv,derived_data,64855,b85a3d343ff1ac0221611f337daffd7c024e02b4bd61acaa880c3c4e95c59910,2026-09-19T18:48:21.408505Z
derived_data/figure6/Figure6_visual_and_numerical_QA.md,derived_data,1210,57ef847744837c0d865c9f6191d938c7524b758cbb419853db5d941d0da9d814,2026-09-19T18:48:24.970639Z
derived_data/figure6/sessionInfo.txt,derived_data,1333,1bbb76b20989e922abcc8f21ee68e28382237fa00c96b641ac659185c37f5654,2026-09-19T18:48:24.999266Z
derived_data/figure7/Figure7_Table1_QA.csv,derived_data,205,11c34503f493fb316cc9cddeac96d928ac81996641aac6f4f41966a3b3f7425d,2026-09-19T16:07:45.964025Z
derived_data/figure7/README.md,derived_data,678,1aebb01c2ef582818f81edab2fb008f01acfc36e50b0b60e090a24bfda59e58d,2026-09-19T16:28:19.708447Z
derived_data/figure7/sessionInfo.txt,derived_data,1033,1b1e9a25e861ad28867bf7750ed3aacd2760a0100516998b3d1ec43e5e5712fb,2026-09-19T16:07:45.977531Z
derived_data/figure7/Table1_candidate_traits_29.csv,derived_data,18857,b9fb9f03ddaad91928f6f5221695be84364e3bb52172de368e096382e983eb67,2026-09-19T16:07:44.812782Z
derived_data/figure7/Table1_display_source_29.csv,derived_data,8864,ae29f55492fd82c8e240f7c11765e7c269541bb1aa727d6cb38987c081c2ee5d,2026-09-19T16:07:44.816103Z
derived_data/forecast/execution.log,derived_data,6291,7fa9363ed443b36262790d1878d1a9c314eae6c775d0c31e094766ab04b751c5,2026-09-19T18:55:55.907562Z
derived_data/forecast/Figure4_legend.txt,derived_data,1432,b57f5dcaeb61ee1f6aca6137de13c3833e4ececf25aeec5a6cd9d3449ac0a1d8,2026-09-20T05:36:22.311733Z
derived_data/forecast/Figure4_minimal_caption.txt,derived_data,870,8c703d51aa4515f8ba98aeaa7fe132fa577f6a2082df9ff45109757d1ad43540,2026-09-20T06:33:15.567008Z
derived_data/forecast/forecast_contract.md,derived_data,5578,7a139536ecf7963df17cf14bb5afd7fcb98dfc84458e250963d2ef8db6465323,2026-09-20T06:24:11.826440Z
derived_data/forecast/forecast_report.md,derived_data,13415,410f8d92b8936e3a50b3b630b0e4144609e98ffd14231d1889400a4ec399f59a,2026-09-20T06:31:09.289697Z
derived_data/forecast/input_checksums.csv,derived_data,408,cf66af74f92525f694ca47e2867a0e0b57a5a6325ae34566827aae9badb021b2,2026-09-19T18:55:55.909208Z
derived_data/forecast/manuscript_forecast_text.md,derived_data,1787,c67b354528abe4d4b859555b3fbf8737d0c3339915f9c866ebdad3ee5801b7b1,2026-09-20T06:24:31.970813Z
derived_data/forecast/output_checksums.csv,derived_data,18224,b7caa8c70c80a180e1668df47502f2ca2c7eea4de2cdb2f1cd7511844948dee9,2026-09-20T05:38:15.481586Z
derived_data/forecast/package_versions.csv,derived_data,222,1cd5ec0b7a0654abb517ed370ca5c970f1f5f0b6f09de9283cf92311cf2d546f,2026-09-17T20:10:50.732237Z
derived_data/forecast/qa/archived_arimax_logclipped_reconstruction.csv,derived_data,18337,81f00cb7c52efdaea5f2c1ea6aee2aee65cac477699ab8d7fe8b1c2621b83d86,2026-09-17T20:03:31.369514Z
derived_data/forecast/qa/archived_arimax_variant_comparison.csv,derived_data,347,f8d0351659fca07833074ed62c6ada1166b282de61d810a69b9e96e9e15b212d,2026-09-17T20:03:31.365389Z
derived_data/forecast/qa/auto_arima_defaults.txt,derived_data,778,43387fe3a486e20ffc37c773b9cbe411efb0c870ca54ae9ffd666ecc320edea1,2026-09-17T20:14:00.685348Z
derived_data/forecast/qa/baseline_saved_output_comparison.csv,derived_data,237,2d1a6d456c9c5b212925c7a40f853750543e560428fb66dec45a432a0d20393c,2026-09-17T20:10:50.849987Z
derived_data/forecast/qa/deterministic_gates.csv,derived_data,177,d1f0481d2dc4397b6a1dab77a151d23821b75f1c963386d5548de7daa908c54a,2026-09-17T20:10:53.764986Z
derived_data/forecast/qa/Figure4_geometry_audit.csv,derived_data,214,dcf32fca65fab3cdd62f6079be9ca2fb3f130a23713d89a1eb6278ab58c22d5d,2026-09-17T20:10:53.701001Z
derived_data/forecast/qa/Figure4_minimal_QA_checks.csv,derived_data,362,ef637b2ff728965b66a78dd4fc82c6376b3c47d98f6b51c045cf841014481394,2026-09-20T06:10:03.633469Z
derived_data/forecast/qa/Figure4_minimal_QA_REPORT.md,derived_data,3669,b6fb31c7cdac97b46537042efcfa28818deeb5422573ef0360f45125b37dba69,2026-09-20T06:31:09.286551Z
derived_data/forecast/qa/Figure4_minimal_release_checksums.csv,derived_data,1740,f1c591b1b71b67cfec967feda559d9d63b56933f1cf9470aaf589e1f04138728,2026-09-20T06:33:15.576147Z
derived_data/forecast/qa/Figure4_minimal_sessionInfo.txt,derived_data,981,1158991034cd90c7826e46a29b8a0f9370e077ddec55b3e82c6f5b4e2d45ebc7,2026-09-20T06:10:03.647465Z
derived_data/forecast/qa/Figure4_minimal_source_provenance_checksums.csv,derived_data,1720,45195f2673d6cb0f74d27de2b6181de71b7dce551a47c78c8fc5185a9db6d180,2026-09-20T06:10:40.261523Z
derived_data/forecast/qa/full_VARX_clipping_summary.csv,derived_data,84,10817aa7b12ea0e30d91b4ba79ca5b4fd04eb5ac9111aa948bc3efcc62db9bf7,2026-09-17T20:14:00.162360Z
derived_data/forecast/qa/independent_review.md,derived_data,2409,42234da43ac6f3218a2d6576465fd7a0394455544b598acaa50fc52f7afe8144,2026-09-20T06:22:26.217751Z
derived_data/forecast/qa/input_audit.csv,derived_data,152,fadeb3b79cc02788d134451d7ec72a8e539014f1d087e86a82aa8340cc21e6c3,2026-09-17T20:10:50.761169Z
derived_data/forecast/qa/run_summary.json,derived_data,946,80ee5da14417d6e573ab5ed1fa37bd7fd6ac8067ad330fe1c69e139ac149e75a,2026-09-20T03:52:28.564978Z
derived_data/forecast/qa/visual_review.md,derived_data,1533,e7a11690e543c2c740500ecba299cb9bf0ee854ada07ce745cacf73c3778311a,2026-09-20T05:38:15.447173Z
derived_data/forecast/qa/wrapper_baseline_equivalence.csv,derived_data,236,d394da96190050079de219a63b13b442db124bdea1d3dc80be72c8347f48df03,2026-09-17T20:10:51.300690Z
derived_data/forecast/results/all_country_counts.csv,derived_data,6176,7bf2fa9ffee1a1a9351bf4aa0289f25e81b4ba719b84914308c9cc0a29386ef5,2026-09-17T20:10:51.275225Z
derived_data/forecast/results/all_country_forecasts.csv,derived_data,2517530,b036c09322f19100992263f8e6c9369e8f315520569d076bceb669f14f232e50,2026-09-17T20:10:51.264360Z
derived_data/forecast/results/Figure4_minimal_source.csv,derived_data,4928,b080e743c289a03fbab36c125e531bf4e3f1e8da56c57234392c47d000f9b481,2026-09-20T06:08:08.181787Z
derived_data/forecast/results/Figure4_source.csv,derived_data,1387,2a685922a76bfacf69a332946a0231e38d6fc85a27a97958c9019e83b778be6d,2026-09-17T20:10:51.729050Z
derived_data/forecast/results/high_high_countries_2030.csv,derived_data,5550,f8af0cd03fa531c61da06ee63a7695cddc829b42705c6176f7c02a328241c599,2026-09-17T20:10:51.279052Z
derived_data/forecast/results/historical_country_source.csv,derived_data,303936,85a57b5285a8e26d85f8641cc8bb4356079381f7be9aa9144680003d38e7ad99,2026-09-17T20:10:50.823808Z
derived_data/forecast/results/historical_counts.csv,derived_data,287,48bd48a41966f2a2aa181b35502b90634cedb1fb58a05cbba9a5f4de99653012,2026-09-17T20:10:50.827836Z
derived_data/forecast/results/model_diagnostic_summary.csv,derived_data,1322,bbf38ddacbfcc9a9756812ca7f32c2fb639880064765e71eaabcea041a49ad36,2026-09-17T20:10:51.723888Z
derived_data/forecast/results/model_diagnostics.csv,derived_data,546864,0ec9bb32fed08ac2789f60b16bd61c4d5001f51974da8c1a11e21ad9439052a3,2026-09-17T20:10:50.954260Z
derived_data/forecast/results/rolling_origin_predictions.csv,derived_data,2677997,720a0f4d3f77d5dc63af217ecbd77bd380fe40f518a5bb1503c9e94bf0536d84,2026-09-17T20:10:51.680841Z
derived_data/forecast/results/validation_count_metrics.csv,derived_data,4880,ab8bdbdf327c54e5a0bfd3d8f61ecc103a2f4791c38308f89f938754d95c2137,2026-09-17T20:10:51.716922Z
derived_data/forecast/results/validation_rate_metrics_by_horizon.csv,derived_data,13542,17e0cb894ec5be1b398a0a8ff17c2c04d29992c5b24e894ebb2486fc34e37596,2026-09-17T20:10:51.713868Z
derived_data/forecast/results/validation_summary.csv,derived_data,1025,94a34a4a03ffd911a7160a88a0e5fee5c1071ae134c6ade0fc59232c08928c31,2026-09-17T20:10:51.718114Z
derived_data/forecast/sessionInfo.txt,derived_data,1970,1cfe8c42a4d3c5a048e76e05774826e0ca69a479485986d7693c1206b3d491e7,2026-09-17T20:10:50.722398Z
derived_data/forecast/source_artifact_checksums.csv,derived_data,529,d44778baa3baf81bf31bf5a07f79e6a621e87e6e88cd0fd302433e8112b716ed,2026-09-19T18:55:55.913121Z
derived_data/forecast/STATUS.md,derived_data,1726,7cea72670f3db8eec3457b215784deebdb5bd9aba6983f58c195d55db69cf917,2026-09-20T06:20:58.852218Z
derived_data/granger/diagnostic_spec_probe.R,derived_data,1867,48ffd7df1f328c47aba1ef8ccdcd3b89097736e1e78de948394cd71a791f41e0,2026-09-17T20:23:05.810943Z
derived_data/granger/Figure5_checksums_sha256.csv,derived_data,1011,b81f2f058546a0baf6433514e27165ae38e4dfa7ab271909e2325729a297df6b,2026-09-20T05:38:15.486021Z
derived_data/granger/Figure5_corrected_legend.txt,derived_data,1554,9dddb050b5c3a28c8872a891303478c6588f228024a72f4442420df1612ebbe1,2026-09-20T05:38:15.448362Z
derived_data/granger/Figure5_corrected_source.csv,derived_data,59647,a3b0d24d75b2303ac579a68328f339a7f8e257271b5bcc93b2c2ddd27e1b4acb,2026-09-20T04:54:58.421462Z
derived_data/granger/Figure5_execution.log,derived_data,1205,e4c04ed0f7a05da24e7d8014dec69a9e42b445a88d333e62fe89f392683925fc,2026-09-20T04:56:52.715527Z
derived_data/granger/Figure5_geometry_audit.csv,derived_data,209,8c7413bfef79d0e5b101d0b32efacfa60a1963558ee633a7566cb16f0b82311e,2026-09-20T04:55:03.874964Z
derived_data/granger/Figure5_visual_QA.md,derived_data,1093,94532ea027973debfddf16f23d3cb2da20cb86c684461d2d1df7bb6c67e682cf,2026-09-20T05:36:22.412462Z
derived_data/granger/Granger_classification_counts.csv,derived_data,1784,9095153cbd44e9683d3d5a6b8a949122d9b9fa7cb9a0f769b56275983ecd9467,2026-09-17T20:47:52.021985Z
derived_data/granger/granger_corrected_execution.log,derived_data,11575,6d9512f4256288fa891ddc13f619aab30d630a4b0376afc2ba4da1c405fd05ab,2026-09-17T20:47:52.461244Z
derived_data/granger/Granger_diagnostic_summary.csv,derived_data,278,ec787715e0dedafb356de51901c62d16a905204d4a8a94bb521e6c2838305174,2026-09-17T20:47:52.024503Z
derived_data/granger/Granger_lag1_sensitivity.csv,derived_data,35620,a555a056b3591a1a883e79204d8d2054def087550ff3916ff232ddd893005f9a,2026-09-17T20:47:52.014165Z
derived_data/granger/Granger_lag2_sensitivity.csv,derived_data,36448,19455b6fac0bdbeba132a81f69e412485a3ac2029300f19547c4e0172fc874e1,2026-09-17T20:47:52.015886Z
derived_data/granger/Granger_small_island_excluded_sensitivity.csv,derived_data,115173,85c6ded2b281c1432ce97cffeaa0250e19fc7171390aff0311bba55f1457a70b,2026-09-17T20:47:52.019518Z
derived_data/granger/Granger_submitted_vs_corrected.csv,derived_data,49744,034e75aa65fcbbda9040df0195bd9ec86d45fb5abf2df9d3645ea9af06407444,2026-09-17T20:47:52.020979Z
derived_data/granger/independent_review.md,derived_data,11955,ae5fba58b57cbb0d8efc75a7f7424bcb779267badc56d31e43ce9fd716f7a772,2026-09-20T05:38:15.460327Z
derived_data/granger/input_checksums_sha256.csv,derived_data,567,28e37b197fa34996748fc38f5ad19a895a1d25e93a2b1e1108a0f9beef206da1,2026-09-19T18:55:55.920030Z
derived_data/granger/method_and_reporting_notes.md,derived_data,2569,ba69d194f98d64d981a1247e8c8ae513b0fd6d084cdf06ca4533687a415b9892,2026-09-20T05:36:22.343623Z
derived_data/granger/output_checksums_sha256.csv,derived_data,1465,b57311b73da0c296f22492f8e4689f2e0da3b7f0729a409158aef644a0474308,2026-09-20T05:38:15.483918Z
derived_data/granger/sessionInfo.txt,derived_data,1243,f943169db98789a5090e4a403ad44fd6d398fc607497f51ee7553aec55d63bbf,2026-09-17T20:47:52.435332Z
derived_data/granger/small_island_exclusion_list.csv,derived_data,3487,b061ecc403f88b0084111ae1b2fdb627fa08e9677bec7b0e6ffb42d738380db7,2026-09-17T20:47:51.990079Z
derived_data/granger/STATUS.md,derived_data,849,96d52877e633decdf318b1dc8e79a82d3e98f7d0b2d641b3903940437c80b6d4,2026-09-20T05:33:14.157723Z
derived_data/granger/Supplementary_Table_S2_corrected.csv,derived_data,134931,fefb861d819ba53b89825743bf4b1a6d25f5b13679ec0cec87e5b5be60531068,2026-09-17T20:47:52.012803Z
derived_data/gwr/bandwidth_selection_trace.txt,derived_data,239,e7f16100a2bbbcde140414ecd43f1b3cd0c33104de9de45c95231e3b6714759a,2026-09-17T20:53:54.701800Z
derived_data/gwr/GWR_independent_coefficient_check.csv,derived_data,356,6a0eacbd3952d1a975ccf5ca9a8ee5215860aeb32cc65afc5473745531572a06,2026-09-17T20:53:54.700033Z
derived_data/gwr/GWR_local_coefficients_full_and_SID_excluded.csv,derived_data,321301,30caafa2d52da01e2fd0095ca5170b4a8406d720d5c1fb9ab4e28c96674150b4,2026-09-17T20:53:54.696198Z
derived_data/gwr/GWR_model_summary.csv,derived_data,1692,6a8fe71b131792a31f9e62b8c916d9f793941e3713b6cfcfc564781ded49bd72,2026-09-17T20:53:54.697813Z
derived_data/gwr/gwr_sensitivity_execution.log,derived_data,7822,eb2d12dd2d452c31d02299432f2da7b9b06b17b029b6397a2e110105c342ec78,2026-09-17T20:53:55.373996Z
derived_data/gwr/GWR_small_island_sensitivity_comparison.csv,derived_data,518,c5b06c2e6951a2327b4ed2c6cde60f8fe6f0fbd3d0f3db77fdc584fd39e7c552,2026-09-17T20:53:54.698930Z
derived_data/gwr/input_checksums_sha256.csv,derived_data,683,a8cb89dd0898b9ab0b8e9f3d110ce09fc802286417a02f89a35421de1ded520d,2026-09-19T18:55:55.924009Z
derived_data/gwr/method_and_reporting_notes.md,derived_data,1406,cfc53f2e31fc44ab48f81fb6411979901a6d8ee754b16d58cfd8a451254dd006,2026-09-17T20:53:54.702888Z
derived_data/gwr/output_checksums_sha256.csv,derived_data,1431,421d91c274440bb2385185e5ef6967e87da38697b2df602e0438baa631ddf049,2026-09-17T20:53:55.352890Z
derived_data/gwr/sessionInfo.txt,derived_data,1192,7bf1cce3a25baca3f535c4b5a2d54253637fe2c03aa4d46bd1b8c826254fc080,2026-09-17T20:53:55.329137Z
derived_data/gwr/small_island_exclusion_list.csv,derived_data,3487,b061ecc403f88b0084111ae1b2fdb627fa08e9677bec7b0e6ffb42d738380db7,2026-09-17T20:53:52.643767Z
derived_data/mr/alternative_sets/candidate_set_membership.csv,derived_data,26358,935c891e1c9d36dd752864dcc5f960e5231737e44aca4fdea05e8713c5d99c0b,2026-09-19T15:51:43.754914Z
derived_data/mr/alternative_sets/old50_id_map.csv,derived_data,2982,ff469a43681187a713607f81f38e442a1874e6cdc584a00764e098258f7755f9,2026-09-19T18:47:47.384995Z
derived_data/mr/alternative_sets/old50_status_against_sets.csv,derived_data,12815,e437cde5712a8c76a86895995295e601aa79d626d145c7b669a9ce98b0aaa8eb,2026-09-19T15:51:43.757212Z
derived_data/mr/alternative_sets/README.md,derived_data,2250,2f021d12ded5b7d777f01947818f77cd5ba6b897035cc5e663745de8bd1eae62,2026-09-19T19:40:21.979268Z
derived_data/mr/alternative_sets/set_A_bh_both_direction_consistent_ivw.csv,derived_data,25545,d07b2cba0489c2a8ad06ccd1940519a7495c2776b9a20672422af20cc78f7fba,2026-09-19T15:51:43.748880Z
derived_data/mr/alternative_sets/set_B_setA_excluding_finn_b_exposures.csv,derived_data,15508,a70641312c96efae15b3d16fdbe629f24a638fc969d9a301e7af7032712f18f1,2026-09-19T15:51:43.751047Z
derived_data/mr/alternative_sets/set_C_excluded_downstream_codes.csv,derived_data,6594,b06572b9eecac957da9ce4eca48c84592b75dda4b86e719b8138590bd9024da9,2026-09-19T15:51:43.753402Z
derived_data/mr/alternative_sets/set_C_setB_excluding_downstream_codes.csv,derived_data,9328,e6aff7e67d5600bdd6ba20da4f3d030a21907266d5ce6ea16534e29946e1601d,2026-09-19T15:51:43.752755Z
derived_data/mr/alternative_sets/SHA256SUMS.txt,derived_data,967,095738f045eeffcfbb761e3e1a1a3ff3a13e78548ded7c76f52ced0f97fd484d,2026-09-19T19:03:49.507986Z
derived_data/mr/alternative_sets/summary_counts.csv,derived_data,385,c595310f0e3842488d99f3c9214051e3b50c6aa2c734adde8d495b11f3dd8e65,2026-09-19T15:51:43.759911Z
derived_data/mr/final_reporting/Figure7_Table1_QA.csv,derived_data,205,11c34503f493fb316cc9cddeac96d928ac81996641aac6f4f41966a3b3f7425d,2026-09-19T16:07:45.964025Z
derived_data/mr/final_reporting/sessionInfo.txt,derived_data,1033,1b1e9a25e861ad28867bf7750ed3aacd2760a0100516998b3d1ec43e5e5712fb,2026-09-19T16:07:45.977531Z
derived_data/mr/final_reporting/Table1_candidate_traits_29.csv,derived_data,18857,b9fb9f03ddaad91928f6f5221695be84364e3bb52172de368e096382e983eb67,2026-09-19T16:07:44.812782Z
derived_data/mr/final_reporting/Table1_display_source_29.csv,derived_data,8864,ae29f55492fd82c8e240f7c11765e7c269541bb1aa727d6cb38987c081c2ee5d,2026-09-19T16:07:44.816103Z
derived_data/mr/manifest/01_gwas_catalog_manifest_15703.csv,derived_data,9621490,7f67f45a5f536be38c41610bb72605248f52ee3122d10031803c22fb2841d1be,2026-09-19T18:46:36.751736Z
derived_data/mr/manifest/02_candidate_dual_outcome_summary_11988_IHD_anchor.csv,derived_data,7034679,0854b83fc6ebb5c84c12580342f251a2c08506217613341ae14c53a7d8c2d081,2026-09-19T16:05:06.965845Z
derived_data/mr/manifest/02b_common_candidate_dual_outcome_summary_11987.csv,derived_data,6075247,6af7b597326449e0fab64b760feda765adc80a7ab5a0eacf3378d192e935c552,2026-09-19T16:05:07.142978Z
derived_data/mr/manifest/03_primary_bh_both_q05_concordant_ivw.csv,derived_data,39384,779117a9f808deb04d59b40b6a5dd7083daeb53f0bfcb7563d83a12d9574d9dd,2026-09-19T16:05:07.146480Z
derived_data/mr/manifest/04_table1_local_run_crosscheck.csv,derived_data,12539,f95137acb7e3d2092a666cee9d4678aa2aa1d4fbe29b6653a6ab6f3f291046d3,2026-09-19T16:05:07.196254Z
derived_data/mr/manifest/05_audit_summary.md,derived_data,4023,bbd8507430fff3a790b764046f866e2757d1622ff86b6a80bd424843a9c3ad9c,2026-09-19T19:52:01.940025Z
derived_data/mr/manifest/06_sessionInfo.txt,derived_data,1284,4fc7eae3284ee7db105bc9f0ec60e8584b87113b93034c21f5e5c7b9920ad80b,2026-09-19T19:40:21.968895Z
derived_data/mr/manifest/07_input_sha256.csv,derived_data,1738987,93f9e043e8ad9276d4b4317cca7a6d192681ad126bd967403905567b4d9760b6,2026-09-19T16:05:26.742443Z
derived_data/mr/manifest/08_output_sha256.csv,derived_data,1070,317346ea1ff2db49bf331db6fc514ee3bdd417257f85d92c245ca61545b2c029,2026-09-19T19:03:49.500533Z
derived_data/mr/manifest/FIELD_DICTIONARY.md,derived_data,2539,802fdb6601c4afa139325acf3985b08ea27d210a9cc63f181831413654652603,2026-09-19T18:50:48.604063Z
derived_data/mr/README.md,derived_data,945,412423291952984da5b6efafb7596dba687e2e41828c90b502c8bfdf944237ee,2026-09-19T18:53:06.786535Z
documents/Supplementary_Materials_Revised.docx,documents,65272,c634af97ef77dd614ca6859b033372409e6706cf5faf8f8cfa477e8673424a72,2026-09-17T21:04:06.834708Z
environment/package_versions_forecast.csv,environment,222,1cd5ec0b7a0654abb517ed370ca5c970f1f5f0b6f09de9283cf92311cf2d546f,2026-09-17T20:10:50.732237Z
environment/sessionInfo_correlation_SID_sensitivity.txt,environment,578,5335543437ac6cc7a73488a17fa150d2207b64a8eda26225c0c5d0dcc868a939,2026-09-17T20:53:49.851017Z
environment/sessionInfo_figure2.txt,environment,2179,2fc656d3e9a0cce562e6125f3787ef911dcc191789cae8e60b25b0e0064f7a6e,2026-09-17T20:45:09.874812Z
environment/sessionInfo_figure7.txt,environment,1033,1b1e9a25e861ad28867bf7750ed3aacd2760a0100516998b3d1ec43e5e5712fb,2026-09-19T16:07:45.977531Z
environment/sessionInfo_forecast.txt,environment,1970,1cfe8c42a4d3c5a048e76e05774826e0ca69a479485986d7693c1206b3d491e7,2026-09-17T20:10:50.722398Z
environment/sessionInfo_granger.txt,environment,1243,f943169db98789a5090e4a403ad44fd6d398fc607497f51ee7553aec55d63bbf,2026-09-17T20:47:52.435332Z
environment/sessionInfo_gwr.txt,environment,1192,7bf1cce3a25baca3f535c4b5a2d54253637fe2c03aa4d46bd1b8c826254fc080,2026-09-17T20:53:55.329137Z
figures/Figure2_corrected_full.pdf,figures,1892905,082fb8214e97f8466a6b6934350af8f36a1ed6065e3a3a466824ae6424bd2f9c,2026-09-17T21:20:21.067790Z
figures/Figure2_corrected_full.png,figures,1160866,03353214df08912d93f42a4fccf74e25da77b2d9a7f1db71cb60b06f528ae835,2026-09-17T21:20:18.211250Z
figures/Figure2_corrected_full.tif,figures,3774886,98b713c43806627de1c245700529b933c374ac639449994b721f0260c97efc9b,2026-09-17T21:20:19.627945Z
figures/Figure2_EF_corrected.pdf,figures,435003,c559411b4385a9ef2388ec9e84307e6225e29abaa1d1b42ab5304a54440f4b98,2026-09-17T20:45:07.049570Z
figures/Figure2_EF_corrected.png,figures,1537999,e13c2eac50ba6b177a63a55ef71a85b3b4b077fcbfc1c02781dfb4cd94d998be,2026-09-17T20:45:08.424118Z
figures/Figure2_EF_corrected.svg,figures,1844301,77bb843ede37b34d9de1923638e640a02d9c97bd113f7ffec3b4d8add45935bb,2026-09-17T20:45:06.344018Z
figures/Figure2_EF_corrected.tif,figures,26220552,430fc090510cc810620ac54c3b4b9374a5a2618dd8bb3cee8cbe1c8ff3b2d2b2,2026-09-17T20:45:09.817315Z
figures/Figure2E_corrected.pdf,figures,231279,1812e5f84ba56ab9a577f2d17c216cfe31bea7eb7cd3d7c4892b9c2eee00ad04,2026-09-17T20:45:02.265330Z
figures/Figure2E_corrected.png,figures,863234,a3f6a83ff4a03cc4b037984500870b94812b74f383847de0ef36425394ba3011,2026-09-17T20:45:03.049326Z
figures/Figure2E_corrected.svg,figures,920848,49900ddbc67ad9b5a6c23a8b52f2d35fa74cdd027f6572ca97250850e5720aa2,2026-09-17T20:45:01.734700Z
figures/Figure2E_corrected.tif,figures,13818846,758aa7c1435158108d1cb843e3bfbc9913272a319f965d33a0ab3b6a80076201,2026-09-17T20:45:03.847025Z
figures/Figure2F_corrected.pdf,figures,229579,a70c2090a9676a659ba5f51e705863e6bfb9b2bb12a2cb7bae3df405c6d3c974,2026-09-17T20:45:04.496252Z
figures/Figure2F_corrected.png,figures,841304,a622048849a1488e02cc18f94f8060008ecfae5da86da70be2d6ef5a1baf443e,2026-09-17T20:45:05.145826Z
figures/Figure2F_corrected.svg,figures,918139,21cc829b223af0850dea9a0e3da3b0fb653cd93f4f05b302f07ef33d013494e2,2026-09-17T20:45:04.066703Z
figures/Figure2F_corrected.tif,figures,14413230,af781bf81ea7688d1ce42d96a3fea94219641e2d1170c8f18c1017b590119e9b,2026-09-17T20:45:05.833634Z
figures/Figure4.pdf,figures,26863,2b697ffb2a075dc484a4406d26b87f71fc4e84ffdef2793ab6afd2954015631c,2026-09-20T06:10:03.214641Z
figures/Figure4.png,figures,87957,11e1fdb3fa77ade8d2fb78ff17a4e3231af5626851dcd99b22d9d388d265d400,2026-09-20T06:10:03.403152Z
figures/Figure4.svg,figures,18748,95d20f6a29a2a41f8e2c49803a7702bc30c2ebf44de5fc2284e57fa8955c4864,2026-09-20T06:10:03.068701Z
figures/Figure4.tif,figures,185896,57f90a6f180fd255791d6b37d8109ad9c7f1e22e7854ae689deed4ed764eabf9,2026-09-20T06:10:03.627813Z
figures/Figure5.tif,figures,4774944,4563e52bc9e13400f459be8bf750a404e6c0e3f8ef5a0480cb86e888e40b2ac3,2025-09-18T01:49:14.065128Z
figures/Figure6_revised.pdf,figures,1155905,71b0e265f3302d5b1806ccd2066668f7296754891f9806eb2c61fd283cf1a80f,2026-09-19T18:48:23.404325Z
figures/Figure6_revised.png,figures,855844,11c0a389aff12f6b1188abce1d90fe64ada7671246ec91ec951fc53f6258f728,2026-09-19T18:48:24.656710Z
figures/Figure6_revised.svg,figures,3136498,bcd1e171803a2ed967d96bcd5b1949560bb5b03b1374077144f971ea419a05b1,2026-09-19T18:48:22.487832Z
figures/Figure6_revised.tif,figures,2416058,86f5161ef7d29ffe907016e2dcfbc4c72a76a34027e600d0edbb999168e144c0,2026-09-19T18:48:24.110525Z
figures/Figure7_revised.pdf,figures,52245,7cd2237dd0f79ab5904fa1499688a9ee6a0311da843454c300e4799b0b13c539,2026-09-19T16:07:45.142550Z
figures/Figure7_revised.png,figures,141111,c7299e24918143eff9f7626ea7c2e367340e3b1b90c67cecd24e7b048d4aebb0,2026-09-19T16:07:45.347398Z
figures/Figure7_revised.tif,figures,622836,f23382a427d4a55e79dde37d4d70776ee43161360f90dea3d747c0bcb80e32d1,2026-09-19T16:07:45.952675Z
figures/Figure7_revised_preview.png,figures,141111,c7299e24918143eff9f7626ea7c2e367340e3b1b90c67cecd24e7b048d4aebb0,2026-09-19T16:07:45.347398Z
figures/internal_audit_not_for_submission/Figure4_forecast_revision.pdf,figures,43670,7bf8785433852f750d49b3851788799b6acf6edd3708828f010d21874c9f5b34,2026-09-17T20:10:52.790287Z
figures/internal_audit_not_for_submission/Figure4_forecast_revision.png,figures,132298,c989d7bf9a76dc8c2cf1eaf7b120ce45aed76f732a838c2159285744c6f3988e,2026-09-17T20:10:53.559178Z
figures/internal_audit_not_for_submission/Figure4_forecast_revision.svg,figures,19124,6045b6a61221f53fbe890680edb2ff829ef891de28610e63fe15ec04c23b22e5,2026-09-17T20:10:52.445318Z
figures/internal_audit_not_for_submission/Figure4_forecast_revision.tiff,figures,353086,7b63db6a3a583facf34469fcf2c947979f427dfd047ac921c977d9a15418633f,2026-09-17T20:10:53.185993Z
figures/internal_audit_not_for_submission/Figure5_corrected.pdf,figures,1092649,6c61a4e4c17beab7a7a38b06d153280e54a135a39aa11c7eb821e3532a8deb8e,2026-09-20T04:55:03.265574Z
figures/internal_audit_not_for_submission/Figure5_corrected.png,figures,612574,19a158f082b71e8168ce87a3095e0a1c734ad7c56a1f06fcccfa70d5488e1946,2026-09-20T04:55:02.161275Z
figures/internal_audit_not_for_submission/Figure5_corrected.svg,figures,3377007,271c72f5a5d8bb86eacb8fb9581f7f2e95645134990a25685a66772a622ae1d2,2026-09-20T04:56:53.125224Z
figures/internal_audit_not_for_submission/Figure5_corrected.tif,figures,478056,820291e695513c00459acc342a016bb214882ea972def557cb2264fab10f0d7d,2026-09-20T04:55:02.631291Z
figures/internal_audit_not_for_submission/README.md,figures,1070,3f738a1a3e4fcc57382b5797a0ac889f8be49abe87e8f0e40e8fc8d6a659d126,2026-09-20T06:20:25.372724Z
figures/original_submitted_not_for_resubmission/Figure4_original_submitted.tif,figures,3052280,2605ef5fa618dc7f20d8cd7af36922ed52bee3983562b39415dd6e05d565240c,2025-09-18T01:49:17.782134Z
figures/original_submitted_not_for_resubmission/README.md,figures,737,62fd8d481eab46a765c401ffb890ee333a6c3c6f2c6cc983cbb12661c5ec4870,2026-09-20T06:20:15.043444Z
figures/README.md,figures,1497,da2d1029437e56f06260b6c7a4f217405fcb50d78d5a80fd027ff62d7b357461,2026-09-20T06:20:15.040668Z
manifests/figure4_figure5_roles_and_checksums.csv,manifests,3424,82f95883ba7280b37014746d7f536c6ecedcb3ac2bc7b502b16accd474682996,2026-09-20T06:23:24.969561Z
manifests/input_data_inventory.csv,manifests,10718,100e07736994bfef1845702e4c0c369d64625490be9d55727e25f58b15be7495,2026-09-20T03:49:11.354780Z
manifests/legacy_script_parse_audit.csv,manifests,1091,89868aeef6333efd2f9052e0481259b2bbc65def312ea7601812652510667965,2026-09-19T18:55:55.821263Z
manifests/legacy_source_artifact_inventory.csv,manifests,9072,c7d44e03b8a8f3c7b92ef835af5d05329e9cca2c493283e68a04514c2d971c89,2026-09-20T03:52:28.567091Z
manifests/script_checksums.csv,manifests,8721,763cd07d26b89294ced4dc60ab78126d7a3e9b4ec6e26c5d2e4fca6a628c383f,2026-09-20T06:23:24.983042Z
manifests/script_manifest.csv,manifests,17482,00442cb1e0c6e5078e15102fbab7e788136982c863bbda548ef2ef7331018c4a,2026-09-20T06:25:03.914897Z
MR_RECONSTRUCTION_README.md,root,9728,271edf1a0ee6c7c3eaa5a118c3d7a2ad40840b49cfd09fad3429bcab04b97428,2026-09-20T04:00:11.177476Z
MR_SCREEN_FLOW.md,root,6196,42a1dfec7268b3271841ef5d246fbba57de1072b8172f2b1d114687805e321f8,2026-09-19T18:50:48.601547Z
PUBLIC_RELEASE_NOTES.md,root,3367,da7505e6e1f0463822eea9669667d28281c80f5388d0c3c8c5cba7ee376683c4,2026-09-20T06:22:26.215092Z
README.md,root,19863,96cd3d33363d3957c138eff08bed320e3d86a7fac9d174067faa9c9d68287dfa,2026-09-20T06:24:05.392749Z
RELEASE_CHECKLIST.md,root,2597,3885ec0f1255dc1e18dc3f63f2ea493ac2ad61b0ce1003a4b24bb7d8d18f53bf,2026-09-20T06:22:26.212728Z
reports/FAIR_readiness_audit.md,reports,4997,3a3c56c866f6dcd3dc18264f964e0365a1ba494dd905b2c4f3e85b372640510b,2026-09-20T04:05:30.929167Z
reports/Figure2_independent_review.md,reports,1723,a541ab2bb2677be23924e82ec7c19d904d14797bc8183c3081a085839903f4e2,2026-09-17T21:23:22.198328Z
reports/legacy_source_artifact_audit.md,reports,5079,a2c8fc16966679a60db77905cb22585fec691b1a6b47b7a6d65b5b8c44d5ccc7,2026-09-20T03:48:11.533918Z
reports/package_QA.md,reports,7468,24ee09dfebd2a9f4eb6e78d05b7f7758d3dc840dfbebf3a54817bf780b48840b,2026-09-20T06:28:03.488284Z
reports/packaging_resolution_log.md,reports,3223,df321ad5e4bc38a30019298c9cda31fbdf1b1cf06a51d35cde5ce02681dd0225,2026-09-19T19:47:59.818554Z
reports/reproducibility_scope_audit.md,reports,5749,d5c248362f9fb855a14e22c6b6599fc1c0d9b87484ebb33ea2f6865d9c508d02,2026-09-20T05:34:19.713116Z
reports/supplement_validation.md,reports,445,4f00d643dc1b933bf647611c5e54d34742aa1a14605f25ad96e54871c7af6dd4,2026-09-17T21:22:56.888252Z
RIGHTS_AND_LICENSING.md,root,1815,f008c0dc38e07ee77b06f979960962006ae7a085afd52726de20e6b44973595c,2026-09-20T03:47:24.466654Z
SECURITY_AND_ACCESS.md,root,1149,2bb17d6aa227f9025e1dd99a201611125545dca0a89977c439e7231b41316f9a,2026-09-19T18:50:48.605864Z
software_environment.md,root,4194,b7ec31a74d0007b2b2b49e774729231d45eefb60fd0cfd4e8284de64461eede2,2026-09-20T05:33:14.291524Z
source_data/legacy_figure1/ASMR_204_DD_Female.csv,source_data,13562,fd355723f39da73df102c090c02832a5dc5897ec6d5680e398fee5a1df92b0be,2026-09-19T19:36:35.683411Z
source_data/legacy_figure1/ASMR_204_DD_Male.csv,source_data,13517,e6f7951c74b76f8decb022e9a7bf67c380642728ca54ececad790d74cff77095,2026-09-19T19:36:35.685359Z
source_data/legacy_figure1/ASMR_204_IHD_Female.csv,source_data,12820,13706acdfbb0df6d512f7b28ea76218d0b6c0f2894661bd075e5b310a4f0947c,2026-09-19T19:36:35.687343Z
source_data/legacy_figure1/ASMR_204_IHD_Male.csv,source_data,12930,924a55ff677128a6dfd822ec750104bbd7856ee695737281d95efc6a2a6965fa,2026-09-19T19:36:35.689104Z
source_data/legacy_figure1/Match_updated_with_columns_Female.csv,source_data,12385,122ce1acb9eb9f6a78ac321151e0d661a596bdbe29001a17bdcd58b9719f35b3,2026-09-19T19:36:35.690817Z
source_data/legacy_figure1/Match_updated_with_columns_Male.csv,source_data,12385,e82f317752d818e1cba297453922c65ff9588ba6382f364df5ed565393b97865,2026-09-19T19:36:35.692370Z
source_data/legacy_figure1/README.md,source_data,247,b73002e3b75e3ad50c8612028af647ad9b7a36e537883a50f7e6afc8612a838a,2026-09-19T19:36:36.410881Z
source_data/legacy_figure3/IHD_DD_TrendType_Count_Female.csv,source_data,2094,2243bf696787d59e8eae5ba5fc1481d51d12f278640e0d24130219652f1cc878,2026-09-19T19:36:35.695202Z
source_data/legacy_figure3/IHD_DD_TrendType_Count_Male.csv,source_data,2094,c253e5326c0fccd1b0113c51e87d73e70e1e1080609b427181b2510809e9ec07,2026-09-19T19:36:35.696476Z
source_data/legacy_figure3/README.md,source_data,247,b7c068e1fa175e1c3fe29355161d03c4b8bfa5df7a85fe6a0c9879ba04b2c7b3,2026-09-19T19:36:36.412461Z
source_data/mr/ao.csv,source_data,3151410,31e78fcb84f2db5194fc412bf290df0cf51346c1a884e5e353ece93797a805e0,2024-12-20T02:24:50Z
source_data/mr/DD/bb.csv,source_data,2768564,a85a9b8821d524a2ab3e3826cad4782cd2906118758e7e00ea71ac6604a7d836,2025-12-11T17:31:04Z
source_data/mr/DD/END.csv,source_data,239244,1941ae485bad8072583c8fd5f31c084eea07ffcce5f862f19c7b99fd294200f0,2025-12-11T17:31:04Z
source_data/mr/IHD/bb.csv,source_data,1440755,5034e02ebc393d09f26ec29e056d9b8ac70632c69327a9f847b867f1e52f533f,2025-11-11T06:35:42Z
source_data/mr/IHD/END.csv,source_data,214626,c9df716b98b1aaf199311bfde1c2efb20e2bab043b59009964872c1228fb74a1,2025-11-11T06:35:42Z
source_data/mr/README.md,source_data,1362,3b08263b7f02fb9e988e82d31a6336637784901a90a79adbdc695c13cd86df5f,2026-09-19T18:53:06.785609Z
source_data/mr/SHA256SUMS.csv,source_data,524,d7741d544467b62ca78c0cf9169802b125a67bfe6155476a525454bb218c0eca,2026-09-19T16:18:27.841892Z
ZENODO_METADATA.md,root,3327,ff164b7287770a405efa4570763fc95927367434f8bc5e83370992136c0436e5,2026-09-20T04:00:11.179791Z
