"script_id","component","package_path","source_workspace_path","purpose","principal_inputs","principal_outputs","required_working_directory","execution_command","status","notes"
"F2-01","Figure 2 and Supplementary Table S1","code/figure2/01_correct_correlations_figure2.R","02_analysis/01_correct_correlations_figure2.R","Recompute 2021 within-country age-profile correlations using unrounded P values; apply sex-specific BH correction; compute country-sex-age population-weighted temporal correlations for 1992-2021; export QA and panels E-F","F2-IHD-FEMALE; F2-IHD-MALE; GBD-IHD-RAW; GBD-POP-21","Supplementary_Table_S1_corrected.csv; Figure2_EF_weighted_correlations_corrected.csv; panels E-F; QA/checksums","<revision-root>/02_analysis","Rscript 01_correct_correlations_figure2.R","AVAILABLE","Scientific logic is the executed revision script; absolute input paths must be changed or recreated on another system"
"F2-02","Figure 2 composite","code/figure2/02_compose_full_figure2.R","02_analysis/02_compose_full_figure2.R","Regenerate A-B from corrected unrounded-P sex-specific BH q values; retain only submitted C-D; compose corrected E-F","FIG2-ORIGINAL; Supplementary_Table_S1_corrected.csv; Figure2_EF_weighted_correlations_corrected.csv; GBD country-location crosswalk","Figure2_corrected_full.pdf/png/tif; A-B source/counts; 204-row display crosswalk; cartographic procedure; numerical/geometry/visual/checksum audits","<revision-root>/02_analysis","Rscript 02_compose_full_figure2.R","AVAILABLE_INDEPENDENTLY_CHECKED","A-B display 46/204 female and 109/204 male q<0.05 values; 203/204 locations map to the bundled geometry and Tokelau is explicitly unmatched; C-D crop is pixel-identical to source"
"F2-03","Figure 2/S1 cartographic/SID sensitivity","code/figure2/05_correlation_small_island_sensitivity.R","02_analysis/05_correlation_small_island_sensitivity.R","Exclude 45 pre-specified units (44 SID-classified plus Tokelau absent from the bundled geometry); recompute S1 BH within 159 tests per sex; compare Figure 2E-F distributions and age medians with the full analysis","Corrected S1 and Figure2 E-F machine-readable results; shared exclusion list","Excluded-set S1 and Figure2 E-F tables/summaries; CSV outputs (execution-time XLSX omitted from release); checksums/session information","<revision-root>/02_analysis","Rscript 05_correlation_small_island_sensitivity.R","AVAILABLE","All 17 estimable age-specific median signs are preserved; Pearson correlations of full versus excluded-set age medians are 0.883 female and 0.941 male"
"FC-01","Internal forecast sensitivity audit (not manuscript Figure 4)","code/forecast/run_forecast_revision.R","02_analysis/forecast/run_forecast_revision.R","Reproduce the historical VARX/ARIMAX specifications; run common-scale sensitivity and rolling-origin validation; export an internal diagnostic display without replacing the archived trajectories used in the revised minimal Figure 4","FC-IHD; FC-DD; FC-SDI","Audit-only country forecasts, diagnostics, validation outputs, source table and sensitivity display","<revision-root>/02_analysis/forecast","Rscript run_forecast_revision.R <project-root>/Part5","AVAILABLE_INTERNAL_AUDIT_ONLY","Use a clean output directory; Figure4_forecast_revision is an audit artifact stored under figures/internal_audit_not_for_submission and is not the manuscript figure"
"FC-02","Internal forecast archive audit","code/forecast/audit_archived_arimax.R","02_analysis/forecast/audit_archived_arimax.R","Compare archived ARIMAX output with reconstructed log-scale variants","FC-IHD; FC-DD; cached harmonised ARIMAX full fit; archived ARIMAX output","archived_arimax_variant_comparison.csv; archived_arimax_logclipped_reconstruction.csv","<revision-root>/02_analysis/forecast","Rscript audit_archived_arimax.R","AVAILABLE_INTERNAL_AUDIT_ONLY","Supports the post-submission forecast audit only; it does not generate the manuscript Figure 4"
"FC-03","Internal forecast audit report","code/forecast/prepare_forecast_report.R","02_analysis/forecast/prepare_forecast_report.R","Generate internal forecast-audit documentation, display legend, interpretation draft, validation summary and file hashes","Outputs from FC-01 and FC-02","forecast_report.md; Figure4_legend.txt; validation_summary.csv; output_checksums.csv","<revision-root>/02_analysis/forecast","Rscript prepare_forecast_report.R","AVAILABLE_INTERNAL_AUDIT_ONLY","Historical filenames such as manuscript_forecast_text do not indicate approved manuscript content"
"GRANGER-01","Internal temporal-precedence sensitivity audit","code/granger/03_correct_granger_sensitivity.R","02_analysis/03_correct_granger_sensitivity.R","Fit separate directional annual-log-change equations with SDI change as an exogenous control; select common lag 1-3 by BIC; apply Newey-West(2) joint tests and directional BH correction; run lag, HC3 and 45-unit exclusion sensitivities","GR-IHD; GR-DD; GR-SDI; submitted legacy result for comparison","Supplementary_Table_S2_corrected.csv (execution-time XLSX omitted from release); directional classifications; lag/covariance/excluded-set sensitivities; diagnostics; checksums/session information","<revision-root>/02_analysis","Rscript 03_correct_granger_sensitivity.R","AVAILABLE_INTERNAL_AUDIT_ONLY","Post-submission methodological audit; outputs do not replace the submitted Figure 5 or define a new manuscript primary analysis"
"GRANGER-QA-01","Internal temporal-precedence specification probe","code/granger/diagnostic_spec_probe.R","02_analysis/granger_corrected/diagnostic_spec_probe.R","Probe alternative directional specifications/covariance behaviour during QA","GR-IHD; GR-DD; GR-SDI","Console/diagnostic comparison output","<revision-root>/02_analysis","Rscript granger_corrected/diagnostic_spec_probe.R","AVAILABLE_INTERNAL_AUDIT_ONLY","Diagnostic helper for the post-submission audit; not a manuscript analysis entry point"
"GRANGER-FIG-01","Internal Figure 5 specification-sensitivity display","code/granger/06_create_figure5_corrected.R","02_analysis/06_create_figure5_corrected.R","Render an audit-only comparison of Newey-West and HC3 classifications; do not use as the manuscript Figure 5","Corrected Supplementary Table S2; ISO3 world geometry; country coordinates","Audit-only Figure5_corrected files, source table, legend, geometry/visual QA and checksums","<revision-root>/02_analysis","Rscript 06_create_figure5_corrected.R","AVAILABLE_INTERNAL_AUDIT_ONLY","Stored under figures/internal_audit_not_for_submission; the submitted artwork remains figures/Figure5.tif"
"GWR-01","GWR / Figure 6 and cartographic/SID sensitivity","code/gwr/04_gwr_small_island_sensitivity.R","02_analysis/04_gwr_small_island_sensitivity.R","Reproduce the submitted 2021 fixed-bandwidth great-circle GWRs; independently reconstruct local WLS coefficients; repeat after excluding 45 units (44 SID-classified plus Tokelau absent from geometry)","GWR-IHD; GWR-DD; GWR-SDI; GWR-PM25; GWR-LATLON","Model summary; full/excluded-set local coefficients; independent coefficient check; bandwidth trace; CSV outputs (execution-time XLSX omitted from release); QA/session/checksums","<revision-root>/02_analysis","Rscript 04_gwr_small_island_sensitivity.R","AVAILABLE_VERIFIED","Retained n=159; coefficient correlations 0.882/0.829 and sign agreement 88.05%/93.08%; actual model uses Gaussian fixed bandwidth selected by leave-one-out CV and adjusts for SDI and PM2.5"
"GWR-FIG-01","Minimally revised Figure 6","code/gwr/05_build_figure6.R","03_figures/figure6_revised/build_figure6.R (parameterised for release)","Rebuild the original-style two-panel coordinate-point GWR display with a shared complete colour scale and no coefficient saturation","derived_data/figure6/Figure6_source_data.csv","Figure6_revised.pdf/png/svg/tif; panel summary; point-display audit; visual/numerical QA; session information","Package root or any directory with explicit paths","Rscript code/gwr/05_build_figure6.R derived_data/figure6/Figure6_source_data.csv figures derived_data/figure6","AVAILABLE_EXECUTED_OFFLINE_VISUALLY_CHECKED","Preserves the submitted evidence form; shared symmetric limit is ±1.7; all 408 coefficients are displayed without truncation; no network request"
"SUPP-01","Supplementary DOCX","code/supplement/build_supplement_docx.py","01_working/build_supplement_docx.py","Build paginated fixed-grid supplementary tables from corrected S1 and S2 CSV files","Supplementary_Table_S1_corrected.csv; Supplementary_Table_S2_corrected.csv","documents/Supplementary_Materials_Revised.docx","Any directory","python code/supplement/build_supplement_docx.py --s1 <S1.csv> --s2 <S2.csv> --output <supplement.docx>","AVAILABLE","Uses 23 data rows per page and repeats column headers"
"SUPP-QA-01","Supplementary DOCX validation","code/supplement/validate_supplement_docx.py","04_qa/validate_supplement_docx.py","Verify S1/S2 displayed row counts and exact formatted-cell agreement with source CSVs","Supplementary DOCX; corrected S1/S2 CSVs; builder module","reports/supplement_validation.md","Any directory","python code/supplement/validate_supplement_docx.py --docx <supplement.docx> --s1 <S1.csv> --s2 <S2.csv> --builder code/supplement/build_supplement_docx.py --report <report.md>","AVAILABLE_VALIDATED","Packaged validation passes: 18 tables; 204 S1 rows; 204 S2 rows; no inline shapes"
"PREPROCESS-01","GBD extraction and harmonisation","NOT_INCLUDED","Part0/IHD_country.csv; Part0/DD_country.csv; Part0/Data preprocessing.R (unrelated RA/AD example); see manifests/legacy_source_artifact_inventory.csv","Convert provider downloads into analysis-ready incidence population and SDI files","GBD-IHD-RAW; GBD-DD-RAW; GBD-POP-21; SDI-SOURCE","NOT_AVAILABLE_IN_V1.0.0","NOT_APPLICABLE","NOT_APPLICABLE","NOT_INCLUDED_PROVENANCE_LIMITATION","Raw extracts are fingerprinted, but no valid consolidated IHD/DD raw-to-final entry point was found"
"FIG1-01","Figure 1 historical code record","code/historical_reference/figure1/*.R.txt","Original paths and hashes in manifests/legacy_source_artifact_inventory.csv","Preserve the seven located path-redacted Figure 1 scripts for inspection without presenting them as corrected rerun code","Historical scripts only","Reference record and derived audit tables","Not executable","DO NOT EXECUTE; see code/historical_reference/README.md","REFERENCE_ONLY_NOT_CORRECTED","The scripts parse but contain pre-quartile rounding, manual cartographic operations, and unresolved disease-axis/display logic; a clean parameterised Figure 1 workflow remains unavailable; historical TIFF/Illustrator assets are omitted because their metadata retains local paths"
"FIG3-01","Figure 3 historical code record","code/historical_reference/figure3/*.R.txt","Original paths and hashes in manifests/legacy_source_artifact_inventory.csv","Preserve the two located path-redacted Figure 3 scripts for inspection without presenting them as corrected rerun code","Historical scripts only","Reference record and derived count tables","Not executable","DO NOT EXECUTE; see code/historical_reference/README.md","REFERENCE_ONLY_NOT_CORRECTED","The scripts parse but contain obsolete paths and unrelated analysis blocks; no clean parameterised workflow has reproduced the exact submitted Figure 3; historical TIFF/Illustrator assets are omitted because their metadata retains local paths"
"SDI-HIST-REF","SDI preprocessing historical code record","code/historical_reference/sdi/204_SDI.R.txt","Original path and hash in manifests/legacy_source_artifact_inventory.csv","Preserve the located path-redacted SDI transformation script for inspection without presenting it as corrected rerun code","Historical script only","Reference record","Not executable","DO NOT EXECUTE; see code/historical_reference/README.md","REFERENCE_ONLY_NOT_CORRECTED","The script parses but deletes source row 105 by position without a recorded identifier-based reason; a corrected provider-to-analysis SDI entry point remains unavailable"
"MR-CATALOG-00","OpenGWAS catalogue provenance","code/mr/00_catalogue_snapshot_provenance.R","Public safety wrapper","Validate the preserved ao.csv snapshot offline by default; permit only an explicit one-shot refresh to a new path","source_data/mr/ao.csv","Offline row/ID validation; optional separately named catalogue file","Any directory","Rscript code/mr/00_catalogue_snapshot_provenance.R","AVAILABLE_OFFLINE_DEFAULT","Default makes no request; never overwrites the historical snapshot; JWT remains in user environment"
"MR-HIST-REF","Historical MR code provenance","code/mr/historical_reference/*.txt","Safety-disabled and local-path-redacted reference copies","Document the historical ao.csv cache/fetch logic and the self-developed DD-configured runner without enabling catalogue-scale replay","None for inspection","None","Not executable","Do not execute; see code/mr/historical_reference/PROVENANCE.md","REFERENCE_ONLY","Exact IHD-configured historical script was not retained; no credential is included"
"MR-AUDIT-01","Exploratory MR reconstruction","code/mr/01_build_exploratory_mr_audit.R","02_analysis/mr_recovery/01_build_exploratory_mr_audit.R","Reconstruct the full catalogue-to-analysis status manifest and verify preserved one-row summaries against compact aggregate results","Historical MR source archive: ao.csv; IHD/DD numbered outputs and bb.csv","15,703-row manifest; 11,988-row outcome-specific summary; 11,987-row common summary; audit; source/output hashes","Any directory","Rscript 01_build_exploratory_mr_audit.R <historical-MR-root> <new-output-directory>","AVAILABLE_EXECUTED_OFFLINE","Executed offline against the complete historical local archive; technical scheduling statuses are not manual phenotype inclusion/exclusion; no network requests"
"MR-SETS-01","Exploratory MR candidate sets","code/mr/alternative_sets/build_alternative_mr_sets.py","02_analysis/mr_recovery/alternative_sets/build_alternative_mr_sets.py","Derive post-analysis aggregate-result Sets A-C using fixed-family BH adjustment and explicit reporting/sensitivity rules","Packaged ao.csv; packaged IHD/DD bb.csv; packaged old50 ID map","Set A/B/C CSVs; membership/status tables; counts; hashes","Any directory","python code/mr/alternative_sets/build_alternative_mr_sets.py --output-dir <new-output-directory>","AVAILABLE_EXECUTED_OFFLINE","Fully parameterised public-release version; no network requests; Set B finn-b-* safeguard is post-screen"
"MR-REPORT-01","Final 29-candidate MR reporting","code/mr/02_build_final_mr_reporting.R","02_analysis/mr_recovery/02_build_final_mr_reporting.R","Validate Set B and create final Table 1/Figure 7 source tables and figure exports","set_B_setA_excluding_finn_b_exposures.csv","Table1_candidate_traits_29.csv; Table1_display_source_29.csv; Figure7 QA/session and figure exports","Package root or any directory with explicit paths","Rscript code/mr/02_build_final_mr_reporting.R derived_data/mr/alternative_sets/set_B_setA_excluding_finn_b_exposures.csv <new-output-directory>","AVAILABLE_EXECUTED_OFFLINE","Fully offline; verifies n=29, IVW for both outcomes, q<0.05, concordant directions, and no finn-b-* exposures"
"MR-OPTIONAL-01","Optional MR SNP-level sensitivity rerun","code/mr/opengwas_sensitivity_rerun_RATE_LIMITED.R","Public safety wrapper; historical catalogue-wide runner is not replayed","Optional future SNP-level sensitivity workflow for the final 29 candidates","Set B candidate CSV; user-held OPENGWAS_JWT; current provider access","Cached instruments, harmonised objects, primary/sensitivity summaries, logs and session information","Package root or any directory with explicit paths","Disabled unless RUN_OPENGWAS_SENSITIVITY=YES; see MR_RECONSTRUCTION_README.md","AVAILABLE_NOT_EXECUTED_DISABLED_DEFAULT","Not a crawler; sequential and cached; every top-level API operation is paced at a default 90 s plus jitter with a hard minimum 60 s; prevents back-to-back exposure/outcome requests; override_429=FALSE; stops on 429/Retry-After; no request was made for this revision"
"FC-FIG-SOURCE","Figure 4 locked source assembly","code/forecast/01_build_source_data.R","04_qa/figure4_minimal_redraw/01_build_source_data.R","Assemble the exact archived historical and model-projection count trajectories used by the revised Figure 4","archived historical counts; archived VARX/ARIMAX annual counts; archived ARIMAX 2030 classification","derived_data/forecast/results/Figure4_minimal_source.csv","Any directory with explicit paths","Rscript code/forecast/01_build_source_data.R <historical_counts.csv> <VARX_annual_count.csv> <ARIMAX_annual_count.csv> <archived_ARIMAX_2030.csv> <output.csv>","AVAILABLE_WITH_ARCHIVED_INPUTS","Locks the submitted ARIMAX 2030 count of 14; does not refit either model"
"FC-FIG-DRAW","Revised minimal Figure 4","code/forecast/02_draw_figure4_minimal.R","04_qa/figure4_minimal_redraw/02_draw_figure4_minimal.R","Render the minimal two-panel manuscript Figure 4 from the locked archived trajectory table","derived_data/forecast/results/Figure4_minimal_source.csv","figures/Figure4.tif/pdf/png/svg; QA checks; session information","Package root or any directory with explicit paths","Rscript code/forecast/02_draw_figure4_minimal.R derived_data/forecast/results/Figure4_minimal_source.csv <review-output-directory>/Figure4","AVAILABLE_EXECUTED_OFFLINE_VISUALLY_CHECKED","R-only; A=VARX, B=ARIMAX; identical historical series; archived endpoints 19/14; no in-panel prose or unsupported ribbon"
