id.exposure,outcome,component,status,detail
ukb-b-6591,IHD,estimates,RETURNED_CHECK_NUMERIC_FIELDS,""
ukb-b-6591,IHD,heterogeneity,RETURNED_CHECK_NUMERIC_FIELDS,""
ukb-b-6591,IHD,pleiotropy,RETURNED_CHECK_NUMERIC_FIELDS,""
ukb-b-6591,IHD,single,RETURNED_CHECK_NUMERIC_FIELDS,""
ukb-b-6591,IHD,loo,RETURNED_CHECK_NUMERIC_FIELDS,""
ukb-b-6591,IHD,strength,RETURNED_CHECK_NUMERIC_FIELDS,""
ukb-b-6591,DD,estimates,RETURNED_CHECK_NUMERIC_FIELDS,""
ukb-b-6591,DD,heterogeneity,RETURNED_CHECK_NUMERIC_FIELDS,""
ukb-b-6591,DD,pleiotropy,RETURNED_CHECK_NUMERIC_FIELDS,""
ukb-b-6591,DD,single,RETURNED_CHECK_NUMERIC_FIELDS,""
ukb-b-6591,DD,loo,RETURNED_CHECK_NUMERIC_FIELDS,""
ukb-b-6591,DD,strength,RETURNED_CHECK_NUMERIC_FIELDS,""
ieu-a-1239,IHD,estimates,RETURNED_CHECK_NUMERIC_FIELDS,""
ieu-a-1239,IHD,heterogeneity,RETURNED_CHECK_NUMERIC_FIELDS,""
ieu-a-1239,IHD,pleiotropy,RETURNED_CHECK_NUMERIC_FIELDS,""
ieu-a-1239,IHD,single,RETURNED_CHECK_NUMERIC_FIELDS,""
ieu-a-1239,IHD,loo,RETURNED_CHECK_NUMERIC_FIELDS,""
ieu-a-1239,IHD,strength,RETURNED_CHECK_NUMERIC_FIELDS,""
ieu-a-1239,DD,estimates,RETURNED_CHECK_NUMERIC_FIELDS,""
ieu-a-1239,DD,heterogeneity,RETURNED_CHECK_NUMERIC_FIELDS,""
ieu-a-1239,DD,pleiotropy,RETURNED_CHECK_NUMERIC_FIELDS,""
ieu-a-1239,DD,single,RETURNED_CHECK_NUMERIC_FIELDS,""
ieu-a-1239,DD,loo,RETURNED_CHECK_NUMERIC_FIELDS,""
ieu-a-1239,DD,strength,RETURNED_CHECK_NUMERIC_FIELDS,""
ukb-b-6306,IHD,estimates,RETURNED_CHECK_NUMERIC_FIELDS,""
ukb-b-6306,IHD,heterogeneity,RETURNED_CHECK_NUMERIC_FIELDS,""
ukb-b-6306,IHD,pleiotropy,RETURNED_CHECK_NUMERIC_FIELDS,""
ukb-b-6306,IHD,single,RETURNED_CHECK_NUMERIC_FIELDS,""
ukb-b-6306,IHD,loo,RETURNED_CHECK_NUMERIC_FIELDS,""
ukb-b-6306,IHD,strength,RETURNED_CHECK_NUMERIC_FIELDS,""
ukb-b-6306,DD,estimates,RETURNED_CHECK_NUMERIC_FIELDS,""
ukb-b-6306,DD,heterogeneity,RETURNED_CHECK_NUMERIC_FIELDS,""
ukb-b-6306,DD,pleiotropy,RETURNED_CHECK_NUMERIC_FIELDS,""
ukb-b-6306,DD,single,RETURNED_CHECK_NUMERIC_FIELDS,""
ukb-b-6306,DD,loo,RETURNED_CHECK_NUMERIC_FIELDS,""
ukb-b-6306,DD,strength,RETURNED_CHECK_NUMERIC_FIELDS,""
ukb-b-14180,IHD,estimates,RETURNED_CHECK_NUMERIC_FIELDS,""
ukb-b-14180,IHD,heterogeneity,RETURNED_CHECK_NUMERIC_FIELDS,""
ukb-b-14180,IHD,pleiotropy,RETURNED_CHECK_NUMERIC_FIELDS,""
ukb-b-14180,IHD,single,RETURNED_CHECK_NUMERIC_FIELDS,""
ukb-b-14180,IHD,loo,RETURNED_CHECK_NUMERIC_FIELDS,""
ukb-b-14180,IHD,strength,RETURNED_CHECK_NUMERIC_FIELDS,""
ukb-b-14180,DD,estimates,RETURNED_CHECK_NUMERIC_FIELDS,""
ukb-b-14180,DD,heterogeneity,RETURNED_CHECK_NUMERIC_FIELDS,""
ukb-b-14180,DD,pleiotropy,RETURNED_CHECK_NUMERIC_FIELDS,""
ukb-b-14180,DD,single,RETURNED_CHECK_NUMERIC_FIELDS,""
ukb-b-14180,DD,loo,RETURNED_CHECK_NUMERIC_FIELDS,""
ukb-b-14180,DD,strength,RETURNED_CHECK_NUMERIC_FIELDS,""
ukb-b-12405,IHD,estimates,RETURNED_CHECK_NUMERIC_FIELDS,""
ukb-b-12405,IHD,heterogeneity,RETURNED_CHECK_NUMERIC_FIELDS,""
ukb-b-12405,IHD,pleiotropy,RETURNED_CHECK_NUMERIC_FIELDS,""
ukb-b-12405,IHD,single,RETURNED_CHECK_NUMERIC_FIELDS,""
ukb-b-12405,IHD,loo,RETURNED_CHECK_NUMERIC_FIELDS,""
ukb-b-12405,IHD,strength,RETURNED_CHECK_NUMERIC_FIELDS,""
ukb-b-12405,DD,estimates,RETURNED_CHECK_NUMERIC_FIELDS,""
ukb-b-12405,DD,heterogeneity,RETURNED_CHECK_NUMERIC_FIELDS,""
ukb-b-12405,DD,pleiotropy,RETURNED_CHECK_NUMERIC_FIELDS,""
ukb-b-12405,DD,single,RETURNED_CHECK_NUMERIC_FIELDS,""
ukb-b-12405,DD,loo,RETURNED_CHECK_NUMERIC_FIELDS,""
ukb-b-12405,DD,strength,RETURNED_CHECK_NUMERIC_FIELDS,""
ukb-b-3656,IHD,estimates,RETURNED_CHECK_NUMERIC_FIELDS,""
ukb-b-3656,IHD,heterogeneity,RETURNED_CHECK_NUMERIC_FIELDS,""
ukb-b-3656,IHD,pleiotropy,RETURNED_CHECK_NUMERIC_FIELDS,""
ukb-b-3656,IHD,single,RETURNED_CHECK_NUMERIC_FIELDS,""
ukb-b-3656,IHD,loo,RETURNED_CHECK_NUMERIC_FIELDS,""
ukb-b-3656,IHD,strength,RETURNED_CHECK_NUMERIC_FIELDS,""
ukb-b-3656,DD,estimates,RETURNED_CHECK_NUMERIC_FIELDS,""
ukb-b-3656,DD,heterogeneity,RETURNED_CHECK_NUMERIC_FIELDS,""
ukb-b-3656,DD,pleiotropy,RETURNED_CHECK_NUMERIC_FIELDS,""
ukb-b-3656,DD,single,RETURNED_CHECK_NUMERIC_FIELDS,""
ukb-b-3656,DD,loo,RETURNED_CHECK_NUMERIC_FIELDS,""
ukb-b-3656,DD,strength,RETURNED_CHECK_NUMERIC_FIELDS,""
ukb-b-929,IHD,estimates,RETURNED_CHECK_NUMERIC_FIELDS,""
ukb-b-929,IHD,heterogeneity,RETURNED_CHECK_NUMERIC_FIELDS,""
ukb-b-929,IHD,pleiotropy,RETURNED_CHECK_NUMERIC_FIELDS,""
ukb-b-929,IHD,single,RETURNED_CHECK_NUMERIC_FIELDS,""
ukb-b-929,IHD,loo,RETURNED_CHECK_NUMERIC_FIELDS,""
ukb-b-929,IHD,strength,RETURNED_CHECK_NUMERIC_FIELDS,""
ukb-b-929,DD,estimates,RETURNED_CHECK_NUMERIC_FIELDS,""
ukb-b-929,DD,heterogeneity,RETURNED_CHECK_NUMERIC_FIELDS,""
ukb-b-929,DD,pleiotropy,RETURNED_CHECK_NUMERIC_FIELDS,""
ukb-b-929,DD,single,RETURNED_CHECK_NUMERIC_FIELDS,""
ukb-b-929,DD,loo,RETURNED_CHECK_NUMERIC_FIELDS,""
ukb-b-929,DD,strength,RETURNED_CHECK_NUMERIC_FIELDS,""
ukb-b-11615,IHD,estimates,RETURNED_CHECK_NUMERIC_FIELDS,""
ukb-b-11615,IHD,heterogeneity,RETURNED_CHECK_NUMERIC_FIELDS,""
ukb-b-11615,IHD,pleiotropy,RETURNED_CHECK_NUMERIC_FIELDS,""
ukb-b-11615,IHD,single,RETURNED_CHECK_NUMERIC_FIELDS,""
ukb-b-11615,IHD,loo,RETURNED_CHECK_NUMERIC_FIELDS,""
ukb-b-11615,IHD,strength,RETURNED_CHECK_NUMERIC_FIELDS,""
ukb-b-11615,DD,estimates,RETURNED_CHECK_NUMERIC_FIELDS,""
ukb-b-11615,DD,heterogeneity,RETURNED_CHECK_NUMERIC_FIELDS,""
ukb-b-11615,DD,pleiotropy,RETURNED_CHECK_NUMERIC_FIELDS,""
ukb-b-11615,DD,single,RETURNED_CHECK_NUMERIC_FIELDS,""
ukb-b-11615,DD,loo,RETURNED_CHECK_NUMERIC_FIELDS,""
ukb-b-11615,DD,strength,RETURNED_CHECK_NUMERIC_FIELDS,""
ukb-b-14057,IHD,estimates,RETURNED_CHECK_NUMERIC_FIELDS,""
ukb-b-14057,IHD,heterogeneity,RETURNED_CHECK_NUMERIC_FIELDS,""
ukb-b-14057,IHD,pleiotropy,RETURNED_CHECK_NUMERIC_FIELDS,""
ukb-b-14057,IHD,single,RETURNED_CHECK_NUMERIC_FIELDS,""
ukb-b-14057,IHD,loo,RETURNED_CHECK_NUMERIC_FIELDS,""
ukb-b-14057,IHD,strength,RETURNED_CHECK_NUMERIC_FIELDS,""
ukb-b-14057,DD,estimates,RETURNED_CHECK_NUMERIC_FIELDS,""
ukb-b-14057,DD,heterogeneity,RETURNED_CHECK_NUMERIC_FIELDS,""
ukb-b-14057,DD,pleiotropy,RETURNED_CHECK_NUMERIC_FIELDS,""
ukb-b-14057,DD,single,RETURNED_CHECK_NUMERIC_FIELDS,""
ukb-b-14057,DD,loo,RETURNED_CHECK_NUMERIC_FIELDS,""
ukb-b-14057,DD,strength,RETURNED_CHECK_NUMERIC_FIELDS,""
ukb-b-12493,IHD,estimates,RETURNED_CHECK_NUMERIC_FIELDS,""
ukb-b-12493,IHD,heterogeneity,RETURNED_CHECK_NUMERIC_FIELDS,""
ukb-b-12493,IHD,pleiotropy,RETURNED_CHECK_NUMERIC_FIELDS,""
ukb-b-12493,IHD,single,RETURNED_CHECK_NUMERIC_FIELDS,""
ukb-b-12493,IHD,loo,RETURNED_CHECK_NUMERIC_FIELDS,""
ukb-b-12493,IHD,strength,RETURNED_CHECK_NUMERIC_FIELDS,""
ukb-b-12493,DD,estimates,RETURNED_CHECK_NUMERIC_FIELDS,""
ukb-b-12493,DD,heterogeneity,RETURNED_CHECK_NUMERIC_FIELDS,""
ukb-b-12493,DD,pleiotropy,RETURNED_CHECK_NUMERIC_FIELDS,""
ukb-b-12493,DD,single,RETURNED_CHECK_NUMERIC_FIELDS,""
ukb-b-12493,DD,loo,RETURNED_CHECK_NUMERIC_FIELDS,""
ukb-b-12493,DD,strength,RETURNED_CHECK_NUMERIC_FIELDS,""
ukb-b-14177,IHD,estimates,RETURNED_CHECK_NUMERIC_FIELDS,""
ukb-b-14177,IHD,heterogeneity,RETURNED_CHECK_NUMERIC_FIELDS,""
ukb-b-14177,IHD,pleiotropy,RETURNED_CHECK_NUMERIC_FIELDS,""
ukb-b-14177,IHD,single,RETURNED_CHECK_NUMERIC_FIELDS,""
ukb-b-14177,IHD,loo,RETURNED_CHECK_NUMERIC_FIELDS,""
ukb-b-14177,IHD,strength,RETURNED_CHECK_NUMERIC_FIELDS,""
ukb-b-14177,DD,estimates,RETURNED_CHECK_NUMERIC_FIELDS,""
ukb-b-14177,DD,heterogeneity,RETURNED_CHECK_NUMERIC_FIELDS,""
ukb-b-14177,DD,pleiotropy,RETURNED_CHECK_NUMERIC_FIELDS,""
ukb-b-14177,DD,single,RETURNED_CHECK_NUMERIC_FIELDS,""
ukb-b-14177,DD,loo,RETURNED_CHECK_NUMERIC_FIELDS,""
ukb-b-14177,DD,strength,RETURNED_CHECK_NUMERIC_FIELDS,""
ukb-b-6134,IHD,estimates,RETURNED_CHECK_NUMERIC_FIELDS,""
ukb-b-6134,IHD,heterogeneity,RETURNED_CHECK_NUMERIC_FIELDS,""
ukb-b-6134,IHD,pleiotropy,RETURNED_CHECK_NUMERIC_FIELDS,""
ukb-b-6134,IHD,single,RETURNED_CHECK_NUMERIC_FIELDS,""
ukb-b-6134,IHD,loo,RETURNED_CHECK_NUMERIC_FIELDS,""
ukb-b-6134,IHD,strength,RETURNED_CHECK_NUMERIC_FIELDS,""
ukb-b-6134,DD,estimates,RETURNED_CHECK_NUMERIC_FIELDS,""
ukb-b-6134,DD,heterogeneity,RETURNED_CHECK_NUMERIC_FIELDS,""
ukb-b-6134,DD,pleiotropy,RETURNED_CHECK_NUMERIC_FIELDS,""
ukb-b-6134,DD,single,RETURNED_CHECK_NUMERIC_FIELDS,""
ukb-b-6134,DD,loo,RETURNED_CHECK_NUMERIC_FIELDS,""
ukb-b-6134,DD,strength,RETURNED_CHECK_NUMERIC_FIELDS,""
ukb-b-4063,IHD,estimates,RETURNED_CHECK_NUMERIC_FIELDS,""
ukb-b-4063,IHD,heterogeneity,RETURNED_CHECK_NUMERIC_FIELDS,""
ukb-b-4063,IHD,pleiotropy,RETURNED_CHECK_NUMERIC_FIELDS,""
ukb-b-4063,IHD,single,RETURNED_CHECK_NUMERIC_FIELDS,""
ukb-b-4063,IHD,loo,RETURNED_CHECK_NUMERIC_FIELDS,""
ukb-b-4063,IHD,strength,RETURNED_CHECK_NUMERIC_FIELDS,""
ukb-b-4063,DD,estimates,RETURNED_CHECK_NUMERIC_FIELDS,""
ukb-b-4063,DD,heterogeneity,RETURNED_CHECK_NUMERIC_FIELDS,""
ukb-b-4063,DD,pleiotropy,RETURNED_CHECK_NUMERIC_FIELDS,""
ukb-b-4063,DD,single,RETURNED_CHECK_NUMERIC_FIELDS,""
ukb-b-4063,DD,loo,RETURNED_CHECK_NUMERIC_FIELDS,""
ukb-b-4063,DD,strength,RETURNED_CHECK_NUMERIC_FIELDS,""
ukb-b-17729,IHD,estimates,RETURNED_CHECK_NUMERIC_FIELDS,""
ukb-b-17729,IHD,heterogeneity,RETURNED_CHECK_NUMERIC_FIELDS,""
ukb-b-17729,IHD,pleiotropy,RETURNED_CHECK_NUMERIC_FIELDS,""
ukb-b-17729,IHD,single,RETURNED_CHECK_NUMERIC_FIELDS,""
ukb-b-17729,IHD,loo,RETURNED_CHECK_NUMERIC_FIELDS,""
ukb-b-17729,IHD,strength,RETURNED_CHECK_NUMERIC_FIELDS,""
ukb-b-17729,DD,estimates,RETURNED_CHECK_NUMERIC_FIELDS,""
ukb-b-17729,DD,heterogeneity,RETURNED_CHECK_NUMERIC_FIELDS,""
ukb-b-17729,DD,pleiotropy,RETURNED_CHECK_NUMERIC_FIELDS,""
ukb-b-17729,DD,single,RETURNED_CHECK_NUMERIC_FIELDS,""
ukb-b-17729,DD,loo,RETURNED_CHECK_NUMERIC_FIELDS,""
ukb-b-17729,DD,strength,RETURNED_CHECK_NUMERIC_FIELDS,""
ukb-b-7408,IHD,estimates,RETURNED_CHECK_NUMERIC_FIELDS,""
ukb-b-7408,IHD,heterogeneity,RETURNED_CHECK_NUMERIC_FIELDS,""
ukb-b-7408,IHD,pleiotropy,RETURNED_CHECK_NUMERIC_FIELDS,""
ukb-b-7408,IHD,single,RETURNED_CHECK_NUMERIC_FIELDS,""
ukb-b-7408,IHD,loo,RETURNED_CHECK_NUMERIC_FIELDS,""
ukb-b-7408,IHD,strength,RETURNED_CHECK_NUMERIC_FIELDS,""
ukb-b-7408,DD,estimates,RETURNED_CHECK_NUMERIC_FIELDS,""
ukb-b-7408,DD,heterogeneity,RETURNED_CHECK_NUMERIC_FIELDS,""
ukb-b-7408,DD,pleiotropy,RETURNED_CHECK_NUMERIC_FIELDS,""
ukb-b-7408,DD,single,RETURNED_CHECK_NUMERIC_FIELDS,""
ukb-b-7408,DD,loo,RETURNED_CHECK_NUMERIC_FIELDS,""
ukb-b-7408,DD,strength,RETURNED_CHECK_NUMERIC_FIELDS,""
ieu-b-102,IHD,estimates,RETURNED_CHECK_NUMERIC_FIELDS,""
ieu-b-102,IHD,heterogeneity,RETURNED_CHECK_NUMERIC_FIELDS,""
ieu-b-102,IHD,pleiotropy,RETURNED_CHECK_NUMERIC_FIELDS,""
ieu-b-102,IHD,single,RETURNED_CHECK_NUMERIC_FIELDS,""
ieu-b-102,IHD,loo,RETURNED_CHECK_NUMERIC_FIELDS,""
ieu-b-102,IHD,strength,RETURNED_CHECK_NUMERIC_FIELDS,""
ieu-b-102,DD,estimates,RETURNED_CHECK_NUMERIC_FIELDS,""
ieu-b-102,DD,heterogeneity,RETURNED_CHECK_NUMERIC_FIELDS,""
ieu-b-102,DD,pleiotropy,RETURNED_CHECK_NUMERIC_FIELDS,""
ieu-b-102,DD,single,RETURNED_CHECK_NUMERIC_FIELDS,""
ieu-b-102,DD,loo,RETURNED_CHECK_NUMERIC_FIELDS,""
ieu-b-102,DD,strength,RETURNED_CHECK_NUMERIC_FIELDS,""
ukb-b-18994,IHD,estimates,RETURNED_CHECK_NUMERIC_FIELDS,""
ukb-b-18994,IHD,heterogeneity,RETURNED_CHECK_NUMERIC_FIELDS,""
ukb-b-18994,IHD,pleiotropy,RETURNED_CHECK_NUMERIC_FIELDS,""
ukb-b-18994,IHD,single,RETURNED_CHECK_NUMERIC_FIELDS,""
ukb-b-18994,IHD,loo,RETURNED_CHECK_NUMERIC_FIELDS,""
ukb-b-18994,IHD,strength,RETURNED_CHECK_NUMERIC_FIELDS,""
ukb-b-18994,DD,estimates,RETURNED_CHECK_NUMERIC_FIELDS,""
ukb-b-18994,DD,heterogeneity,RETURNED_CHECK_NUMERIC_FIELDS,""
ukb-b-18994,DD,pleiotropy,RETURNED_CHECK_NUMERIC_FIELDS,""
ukb-b-18994,DD,single,RETURNED_CHECK_NUMERIC_FIELDS,""
ukb-b-18994,DD,loo,RETURNED_CHECK_NUMERIC_FIELDS,""
ukb-b-18994,DD,strength,RETURNED_CHECK_NUMERIC_FIELDS,""
ieu-b-4877,IHD,estimates,RETURNED_CHECK_NUMERIC_FIELDS,""
ieu-b-4877,IHD,heterogeneity,RETURNED_CHECK_NUMERIC_FIELDS,""
ieu-b-4877,IHD,pleiotropy,RETURNED_CHECK_NUMERIC_FIELDS,""
ieu-b-4877,IHD,single,RETURNED_CHECK_NUMERIC_FIELDS,""
ieu-b-4877,IHD,loo,RETURNED_CHECK_NUMERIC_FIELDS,""
ieu-b-4877,IHD,strength,RETURNED_CHECK_NUMERIC_FIELDS,""
ieu-b-4877,DD,estimates,RETURNED_CHECK_NUMERIC_FIELDS,""
ieu-b-4877,DD,heterogeneity,RETURNED_CHECK_NUMERIC_FIELDS,""
ieu-b-4877,DD,pleiotropy,RETURNED_CHECK_NUMERIC_FIELDS,""
ieu-b-4877,DD,single,RETURNED_CHECK_NUMERIC_FIELDS,""
ieu-b-4877,DD,loo,RETURNED_CHECK_NUMERIC_FIELDS,""
ieu-b-4877,DD,strength,RETURNED_CHECK_NUMERIC_FIELDS,""
ukb-b-17360,IHD,estimates,RETURNED_CHECK_NUMERIC_FIELDS,""
ukb-b-17360,IHD,heterogeneity,RETURNED_CHECK_NUMERIC_FIELDS,""
ukb-b-17360,IHD,pleiotropy,RETURNED_CHECK_NUMERIC_FIELDS,""
ukb-b-17360,IHD,single,RETURNED_CHECK_NUMERIC_FIELDS,""
ukb-b-17360,IHD,loo,RETURNED_CHECK_NUMERIC_FIELDS,""
ukb-b-17360,IHD,strength,RETURNED_CHECK_NUMERIC_FIELDS,""
ukb-b-17360,DD,estimates,RETURNED_CHECK_NUMERIC_FIELDS,""
ukb-b-17360,DD,heterogeneity,RETURNED_CHECK_NUMERIC_FIELDS,""
ukb-b-17360,DD,pleiotropy,RETURNED_CHECK_NUMERIC_FIELDS,""
ukb-b-17360,DD,single,RETURNED_CHECK_NUMERIC_FIELDS,""
ukb-b-17360,DD,loo,RETURNED_CHECK_NUMERIC_FIELDS,""
ukb-b-17360,DD,strength,RETURNED_CHECK_NUMERIC_FIELDS,""
ukb-b-4630,IHD,estimates,RETURNED_CHECK_NUMERIC_FIELDS,""
ukb-b-4630,IHD,heterogeneity,RETURNED_CHECK_NUMERIC_FIELDS,""
ukb-b-4630,IHD,pleiotropy,RETURNED_CHECK_NUMERIC_FIELDS,""
ukb-b-4630,IHD,single,RETURNED_CHECK_NUMERIC_FIELDS,""
ukb-b-4630,IHD,loo,RETURNED_CHECK_NUMERIC_FIELDS,""
ukb-b-4630,IHD,strength,RETURNED_CHECK_NUMERIC_FIELDS,""
ukb-b-4630,DD,estimates,RETURNED_CHECK_NUMERIC_FIELDS,""
ukb-b-4630,DD,heterogeneity,RETURNED_CHECK_NUMERIC_FIELDS,""
ukb-b-4630,DD,pleiotropy,RETURNED_CHECK_NUMERIC_FIELDS,""
ukb-b-4630,DD,single,RETURNED_CHECK_NUMERIC_FIELDS,""
ukb-b-4630,DD,loo,RETURNED_CHECK_NUMERIC_FIELDS,""
ukb-b-4630,DD,strength,RETURNED_CHECK_NUMERIC_FIELDS,""
ukb-b-13352,IHD,estimates,RETURNED_CHECK_NUMERIC_FIELDS,""
ukb-b-13352,IHD,heterogeneity,RETURNED_CHECK_NUMERIC_FIELDS,""
ukb-b-13352,IHD,pleiotropy,RETURNED_CHECK_NUMERIC_FIELDS,""
ukb-b-13352,IHD,single,RETURNED_CHECK_NUMERIC_FIELDS,""
ukb-b-13352,IHD,loo,RETURNED_CHECK_NUMERIC_FIELDS,""
ukb-b-13352,IHD,strength,RETURNED_CHECK_NUMERIC_FIELDS,""
ukb-b-13352,DD,estimates,RETURNED_CHECK_NUMERIC_FIELDS,""
ukb-b-13352,DD,heterogeneity,RETURNED_CHECK_NUMERIC_FIELDS,""
ukb-b-13352,DD,pleiotropy,RETURNED_CHECK_NUMERIC_FIELDS,""
ukb-b-13352,DD,single,RETURNED_CHECK_NUMERIC_FIELDS,""
ukb-b-13352,DD,loo,RETURNED_CHECK_NUMERIC_FIELDS,""
ukb-b-13352,DD,strength,RETURNED_CHECK_NUMERIC_FIELDS,""
ukb-b-5076,IHD,estimates,RETURNED_CHECK_NUMERIC_FIELDS,""
ukb-b-5076,IHD,heterogeneity,RETURNED_CHECK_NUMERIC_FIELDS,""
ukb-b-5076,IHD,pleiotropy,RETURNED_CHECK_NUMERIC_FIELDS,""
ukb-b-5076,IHD,single,RETURNED_CHECK_NUMERIC_FIELDS,""
ukb-b-5076,IHD,loo,RETURNED_CHECK_NUMERIC_FIELDS,""
ukb-b-5076,IHD,strength,RETURNED_CHECK_NUMERIC_FIELDS,""
ukb-b-5076,DD,estimates,RETURNED_CHECK_NUMERIC_FIELDS,""
ukb-b-5076,DD,heterogeneity,RETURNED_CHECK_NUMERIC_FIELDS,""
ukb-b-5076,DD,pleiotropy,RETURNED_CHECK_NUMERIC_FIELDS,""
ukb-b-5076,DD,single,RETURNED_CHECK_NUMERIC_FIELDS,""
ukb-b-5076,DD,loo,RETURNED_CHECK_NUMERIC_FIELDS,""
ukb-b-5076,DD,strength,RETURNED_CHECK_NUMERIC_FIELDS,""
ukb-b-20292,IHD,estimates,RETURNED_CHECK_NUMERIC_FIELDS,""
ukb-b-20292,IHD,heterogeneity,RETURNED_CHECK_NUMERIC_FIELDS,""
ukb-b-20292,IHD,pleiotropy,RETURNED_CHECK_NUMERIC_FIELDS,""
ukb-b-20292,IHD,single,RETURNED_CHECK_NUMERIC_FIELDS,""
ukb-b-20292,IHD,loo,RETURNED_CHECK_NUMERIC_FIELDS,""
ukb-b-20292,IHD,strength,RETURNED_CHECK_NUMERIC_FIELDS,""
ukb-b-20292,DD,estimates,RETURNED_CHECK_NUMERIC_FIELDS,""
ukb-b-20292,DD,heterogeneity,RETURNED_CHECK_NUMERIC_FIELDS,""
ukb-b-20292,DD,pleiotropy,RETURNED_CHECK_NUMERIC_FIELDS,""
ukb-b-20292,DD,single,RETURNED_CHECK_NUMERIC_FIELDS,""
ukb-b-20292,DD,loo,RETURNED_CHECK_NUMERIC_FIELDS,""
ukb-b-20292,DD,strength,RETURNED_CHECK_NUMERIC_FIELDS,""
ukb-b-16489,IHD,estimates,RETURNED_CHECK_NUMERIC_FIELDS,""
ukb-b-16489,IHD,heterogeneity,RETURNED_CHECK_NUMERIC_FIELDS,""
ukb-b-16489,IHD,pleiotropy,RETURNED_CHECK_NUMERIC_FIELDS,""
ukb-b-16489,IHD,single,RETURNED_CHECK_NUMERIC_FIELDS,""
ukb-b-16489,IHD,loo,RETURNED_CHECK_NUMERIC_FIELDS,""
ukb-b-16489,IHD,strength,RETURNED_CHECK_NUMERIC_FIELDS,""
ukb-b-16489,DD,estimates,RETURNED_CHECK_NUMERIC_FIELDS,""
ukb-b-16489,DD,heterogeneity,RETURNED_CHECK_NUMERIC_FIELDS,""
ukb-b-16489,DD,pleiotropy,RETURNED_CHECK_NUMERIC_FIELDS,""
ukb-b-16489,DD,single,RETURNED_CHECK_NUMERIC_FIELDS,""
ukb-b-16489,DD,loo,RETURNED_CHECK_NUMERIC_FIELDS,""
ukb-b-16489,DD,strength,RETURNED_CHECK_NUMERIC_FIELDS,""
ukb-b-18009,IHD,estimates,RETURNED_CHECK_NUMERIC_FIELDS,""
ukb-b-18009,IHD,heterogeneity,RETURNED_CHECK_NUMERIC_FIELDS,""
ukb-b-18009,IHD,pleiotropy,RETURNED_CHECK_NUMERIC_FIELDS,""
ukb-b-18009,IHD,single,RETURNED_CHECK_NUMERIC_FIELDS,""
ukb-b-18009,IHD,loo,RETURNED_CHECK_NUMERIC_FIELDS,""
ukb-b-18009,IHD,strength,RETURNED_CHECK_NUMERIC_FIELDS,""
ukb-b-18009,DD,estimates,RETURNED_CHECK_NUMERIC_FIELDS,""
ukb-b-18009,DD,heterogeneity,RETURNED_CHECK_NUMERIC_FIELDS,""
ukb-b-18009,DD,pleiotropy,RETURNED_CHECK_NUMERIC_FIELDS,""
ukb-b-18009,DD,single,RETURNED_CHECK_NUMERIC_FIELDS,""
ukb-b-18009,DD,loo,RETURNED_CHECK_NUMERIC_FIELDS,""
ukb-b-18009,DD,strength,RETURNED_CHECK_NUMERIC_FIELDS,""
ukb-b-19809,IHD,estimates,RETURNED_CHECK_NUMERIC_FIELDS,""
ukb-b-19809,IHD,heterogeneity,RETURNED_CHECK_NUMERIC_FIELDS,""
ukb-b-19809,IHD,pleiotropy,RETURNED_CHECK_NUMERIC_FIELDS,""
ukb-b-19809,IHD,single,RETURNED_CHECK_NUMERIC_FIELDS,""
ukb-b-19809,IHD,loo,RETURNED_CHECK_NUMERIC_FIELDS,""
ukb-b-19809,IHD,strength,RETURNED_CHECK_NUMERIC_FIELDS,""
ukb-b-19809,DD,estimates,RETURNED_CHECK_NUMERIC_FIELDS,""
ukb-b-19809,DD,heterogeneity,RETURNED_CHECK_NUMERIC_FIELDS,""
ukb-b-19809,DD,pleiotropy,RETURNED_CHECK_NUMERIC_FIELDS,""
ukb-b-19809,DD,single,RETURNED_CHECK_NUMERIC_FIELDS,""
ukb-b-19809,DD,loo,RETURNED_CHECK_NUMERIC_FIELDS,""
ukb-b-19809,DD,strength,RETURNED_CHECK_NUMERIC_FIELDS,""
ukb-b-20531,IHD,estimates,RETURNED_CHECK_NUMERIC_FIELDS,""
ukb-b-20531,IHD,heterogeneity,RETURNED_CHECK_NUMERIC_FIELDS,""
ukb-b-20531,IHD,pleiotropy,RETURNED_CHECK_NUMERIC_FIELDS,""
ukb-b-20531,IHD,single,RETURNED_CHECK_NUMERIC_FIELDS,""
ukb-b-20531,IHD,loo,RETURNED_CHECK_NUMERIC_FIELDS,""
ukb-b-20531,IHD,strength,RETURNED_CHECK_NUMERIC_FIELDS,""
ukb-b-20531,DD,estimates,RETURNED_CHECK_NUMERIC_FIELDS,""
ukb-b-20531,DD,heterogeneity,RETURNED_CHECK_NUMERIC_FIELDS,""
ukb-b-20531,DD,pleiotropy,RETURNED_CHECK_NUMERIC_FIELDS,""
ukb-b-20531,DD,single,RETURNED_CHECK_NUMERIC_FIELDS,""
ukb-b-20531,DD,loo,RETURNED_CHECK_NUMERIC_FIELDS,""
ukb-b-20531,DD,strength,RETURNED_CHECK_NUMERIC_FIELDS,""
ukb-b-7212,IHD,estimates,RETURNED_CHECK_NUMERIC_FIELDS,""
ukb-b-7212,IHD,heterogeneity,RETURNED_CHECK_NUMERIC_FIELDS,""
ukb-b-7212,IHD,pleiotropy,RETURNED_CHECK_NUMERIC_FIELDS,""
ukb-b-7212,IHD,single,RETURNED_CHECK_NUMERIC_FIELDS,""
ukb-b-7212,IHD,loo,RETURNED_CHECK_NUMERIC_FIELDS,""
ukb-b-7212,IHD,strength,RETURNED_CHECK_NUMERIC_FIELDS,""
ukb-b-7212,DD,estimates,RETURNED_CHECK_NUMERIC_FIELDS,""
ukb-b-7212,DD,heterogeneity,RETURNED_CHECK_NUMERIC_FIELDS,""
ukb-b-7212,DD,pleiotropy,RETURNED_CHECK_NUMERIC_FIELDS,""
ukb-b-7212,DD,single,RETURNED_CHECK_NUMERIC_FIELDS,""
ukb-b-7212,DD,loo,RETURNED_CHECK_NUMERIC_FIELDS,""
ukb-b-7212,DD,strength,RETURNED_CHECK_NUMERIC_FIELDS,""
ukb-b-18096,IHD,estimates,RETURNED_CHECK_NUMERIC_FIELDS,""
ukb-b-18096,IHD,heterogeneity,RETURNED_CHECK_NUMERIC_FIELDS,""
ukb-b-18096,IHD,pleiotropy,RETURNED_CHECK_NUMERIC_FIELDS,""
ukb-b-18096,IHD,single,RETURNED_CHECK_NUMERIC_FIELDS,""
ukb-b-18096,IHD,loo,RETURNED_CHECK_NUMERIC_FIELDS,""
ukb-b-18096,IHD,strength,RETURNED_CHECK_NUMERIC_FIELDS,""
ukb-b-18096,DD,estimates,RETURNED_CHECK_NUMERIC_FIELDS,""
ukb-b-18096,DD,heterogeneity,RETURNED_CHECK_NUMERIC_FIELDS,""
ukb-b-18096,DD,pleiotropy,RETURNED_CHECK_NUMERIC_FIELDS,""
ukb-b-18096,DD,single,RETURNED_CHECK_NUMERIC_FIELDS,""
ukb-b-18096,DD,loo,RETURNED_CHECK_NUMERIC_FIELDS,""
ukb-b-18096,DD,strength,RETURNED_CHECK_NUMERIC_FIELDS,""
