id.exposure,id.outcome,outcome,exposure,method,nsnp,b,se,pval,outcome_code,method_status,ci_critical,ci_lower,ci_upper,OR,OR_lower,OR_upper,OR_overflow,q_sensitivity_58
ukb-b-6591,finn-b-I9_IHD,"Ischaemic heart disease, wide definition || id:finn-b-I9_IHD",Age first had sexual intercourse || id:ukb-b-6591,Inverse variance weighted,385,-0.354242828814859,0.0483295542682069,2.30608151060017e-13,IHD,ESTIMATED,1.95996398454005,-0.448967014569418,-0.259518643060299,0.701704552580539,0.638287152523093,0.771422826177657,FALSE,8.35954547592562e-13
ukb-b-6591,finn-b-I9_IHD,"Ischaemic heart disease, wide definition || id:finn-b-I9_IHD",Age first had sexual intercourse || id:ukb-b-6591,MR Egger,385,-0.513053737316554,0.187414901058105,0.0064789403617203,IHD,ESTIMATED,1.96617719114659,-0.881544641057996,-0.144562833575113,0.598664620111131,0.414142715529961,0.865400534485259,FALSE,0.0234861588112361
ukb-b-6591,finn-b-I9_IHD,"Ischaemic heart disease, wide definition || id:finn-b-I9_IHD",Age first had sexual intercourse || id:ukb-b-6591,Weighted median,385,-0.337278521265523,0.068541308546531,8.61882807859863e-07,IHD,ESTIMATED,1.95996398454005,-0.471617017469971,-0.202940025061075,0.713710028797008,0.6239924453668,0.816327199131388,FALSE,3.3326135237248e-06
ukb-b-6591,finn-b-I9_IHD,"Ischaemic heart disease, wide definition || id:finn-b-I9_IHD",Age first had sexual intercourse || id:ukb-b-6591,Weighted mode,385,-0.33033615335926,0.266763984242634,0.216358123270933,IHD,ESTIMATED,1.96616096070719,-0.854837084899837,0.194164778181316,0.718682105418191,0.425352481780044,1.21429635601707,FALSE,0.568837167416555
ukb-b-6591,finn-b-F5_DEPRESSIO,Depression || id:finn-b-F5_DEPRESSIO,Age first had sexual intercourse || id:ukb-b-6591,Inverse variance weighted,385,-0.466582107986567,0.0555399807866822,4.43322181978665e-17,DD,ESTIMATED,1.95996398454005,-0.57543847003051,-0.357725745942623,0.627142113340372,0.562458193669741,0.699264824926644,FALSE,2.14272387956355e-16
ukb-b-6591,finn-b-F5_DEPRESSIO,Depression || id:finn-b-F5_DEPRESSIO,Age first had sexual intercourse || id:ukb-b-6591,MR Egger,385,-0.597462439003608,0.215738219928878,0.00588942109807435,DD,ESTIMATED,1.96617719114659,-1.02164200628633,-0.173282871720882,0.550206047549963,0.360003326863805,0.840899714449247,FALSE,0.0234861588112361
ukb-b-6591,finn-b-F5_DEPRESSIO,Depression || id:finn-b-F5_DEPRESSIO,Age first had sexual intercourse || id:ukb-b-6591,Weighted median,385,-0.444934839511715,0.0709022911136735,3.48907259571379e-10,DD,ESTIMATED,1.95996398454005,-0.583900776515889,-0.305968902507541,0.640866033815514,0.557718582355323,0.736409519589512,FALSE,2.24851345057111e-09
ukb-b-6591,finn-b-F5_DEPRESSIO,Depression || id:finn-b-F5_DEPRESSIO,Age first had sexual intercourse || id:ukb-b-6591,Weighted mode,385,-0.422624354886975,0.340739020601841,0.215615535699995,DD,ESTIMATED,1.96616096070719,-1.09257211498392,0.247323405209968,0.655324756423597,0.335352817438922,1.28059319632781,FALSE,0.568837167416555
ieu-a-1239,finn-b-I9_IHD,"Ischaemic heart disease, wide definition || id:finn-b-I9_IHD",Years of schooling || id:ieu-a-1239,Inverse variance weighted,508,-0.377724849924498,0.0504777987894139,7.2650561066978e-14,IHD,ESTIMATED,1.95996398454005,-0.476659517570609,-0.278790182278388,0.68541906783081,0.62085388314869,0.756698655347772,FALSE,2.80915502792315e-13
ieu-a-1239,finn-b-I9_IHD,"Ischaemic heart disease, wide definition || id:finn-b-I9_IHD",Years of schooling || id:ieu-a-1239,MR Egger,508,-0.718872686796298,0.176486091070616,5.38046187864409e-05,IHD,ESTIMATED,1.96466331119118,-1.06560843485828,-0.372136938734314,0.487301287612219,0.344518174118735,0.689259849689923,FALSE,0.000520111314935596
ieu-a-1239,finn-b-I9_IHD,"Ischaemic heart disease, wide definition || id:finn-b-I9_IHD",Years of schooling || id:ieu-a-1239,Weighted median,508,-0.339262856474495,0.0693275428998503,9.89964086406407e-07,IHD,ESTIMATED,1.95996398454005,-0.475142343694857,-0.203383369254133,0.712295193076291,0.62179654134824,0.815965365422382,FALSE,3.58861981322323e-06
ieu-a-1239,finn-b-I9_IHD,"Ischaemic heart disease, wide definition || id:finn-b-I9_IHD",Years of schooling || id:ieu-a-1239,Weighted mode,508,-0.355366631921625,0.289214793784738,0.219743412648826,IHD,ESTIMATED,1.96465402052421,-0.92357363932589,0.212840375482639,0.700916417761442,0.397097419461596,1.23718715007929,FALSE,0.568837167416555
ieu-a-1239,finn-b-F5_DEPRESSIO,Depression || id:finn-b-F5_DEPRESSIO,Years of schooling || id:ieu-a-1239,Inverse variance weighted,508,-0.322853393069432,0.0557663316320651,7.06398594572754e-09,DD,ESTIMATED,1.95996398454005,-0.432153394618197,-0.213553391520668,0.724080001733295,0.649109799098209,0.8077090341857,FALSE,1.57581224943153e-08
ieu-a-1239,finn-b-F5_DEPRESSIO,Depression || id:finn-b-F5_DEPRESSIO,Years of schooling || id:ieu-a-1239,MR Egger,508,-0.534965305670732,0.195458361774065,0.00641879167435871,DD,ESTIMATED,1.96466331119118,-0.918975177913769,-0.150955433427695,0.585689609900477,0.398927661545475,0.859886019977758,FALSE,0.0234861588112361
ieu-a-1239,finn-b-F5_DEPRESSIO,Depression || id:finn-b-F5_DEPRESSIO,Years of schooling || id:ieu-a-1239,Weighted median,508,-0.297622386707451,0.0719459972015932,3.52264166855265e-05,DD,ESTIMATED,1.95996398454005,-0.438633950054393,-0.156610823360509,0.742581695530444,0.644916808190604,0.855036754405531,FALSE,7.56715617689088e-05
ieu-a-1239,finn-b-F5_DEPRESSIO,Depression || id:finn-b-F5_DEPRESSIO,Years of schooling || id:ieu-a-1239,Weighted mode,508,-0.26565694500856,0.358869932928227,0.459485092849283,DD,ESTIMATED,1.96465402052421,-0.970712201581254,0.439398311564133,0.766702103374357,0.378813150682767,1.55177325353981,FALSE,0.689641122660445
ukb-b-6306,finn-b-I9_IHD,"Ischaemic heart disease, wide definition || id:finn-b-I9_IHD",Overall health rating || id:ukb-b-6306,Inverse variance weighted,294,0.73922896990881,0.0879667348689542,4.33343264915718e-17,IHD,ESTIMATED,1.95996398454005,0.566817337728076,0.911640602089543,2.09432010798704,1.76264820079735,2.4884016633238,FALSE,2.14272387956355e-16
ukb-b-6306,finn-b-I9_IHD,"Ischaemic heart disease, wide definition || id:finn-b-I9_IHD",Overall health rating || id:ukb-b-6306,MR Egger,294,0.278903848902609,0.372257671975637,0.454326203715031,IHD,ESTIMATED,1.96812140700962,-0.453744444236205,1.01155214204142,1.32168025675277,0.635245053038892,2.74986588676845,FALSE,0.585575995899373
ukb-b-6306,finn-b-I9_IHD,"Ischaemic heart disease, wide definition || id:finn-b-I9_IHD",Overall health rating || id:ukb-b-6306,Weighted median,294,0.554709552213294,0.11720709038534,2.21519702623171e-06,IHD,ESTIMATED,1.95996398454005,0.324987876325296,0.784431228101291,1.74143511533836,1.38401386654513,2.19116031583101,FALSE,7.1378570845244e-06
ukb-b-6306,finn-b-I9_IHD,"Ischaemic heart disease, wide definition || id:finn-b-I9_IHD",Overall health rating || id:ukb-b-6306,Weighted mode,294,0.296376971189095,0.43846651995368,0.499612031966139,IHD,ESTIMATED,1.96809345268382,-0.566566115952802,1.15932005833099,1.34497707888728,0.567470725514957,3.18776504477935,FALSE,0.704542095426442
ukb-b-6306,finn-b-F5_DEPRESSIO,Depression || id:finn-b-F5_DEPRESSIO,Overall health rating || id:ukb-b-6306,Inverse variance weighted,294,0.925664289670123,0.0893031910756462,3.56223302775179e-25,DD,ESTIMATED,1.95996398454005,0.750633251457358,1.10069532788289,2.52354406794212,2.11834103451438,3.00625563074446,FALSE,4.13219031219208e-24
ukb-b-6306,finn-b-F5_DEPRESSIO,Depression || id:finn-b-F5_DEPRESSIO,Overall health rating || id:ukb-b-6306,MR Egger,294,1.17619939332835,0.379065649781628,0.00210408212933849,DD,ESTIMATED,1.96812140700962,0.430152173331122,1.92224661332559,3.24202908091864,1.53749147094626,6.83629975199357,FALSE,0.0122036763501632
ukb-b-6306,finn-b-F5_DEPRESSIO,Depression || id:finn-b-F5_DEPRESSIO,Overall health rating || id:ukb-b-6306,Weighted median,294,0.819253044683467,0.1181506518394,4.09192216188616e-12,DD,ESTIMATED,1.95996398454005,0.587682022328313,1.05082406703862,2.26880450885378,1.79981165322187,2.86000698472015,FALSE,3.39044979127711e-11
ukb-b-6306,finn-b-F5_DEPRESSIO,Depression || id:finn-b-F5_DEPRESSIO,Overall health rating || id:ukb-b-6306,Weighted mode,294,0.704045706789105,0.444078718748619,0.113952431883443,DD,ESTIMATED,1.96809345268382,-0.169942712056272,1.57803412563448,2.0219162630118,0.843713149803364,4.84542095329955,FALSE,0.568837167416555
ukb-b-14180,finn-b-I9_IHD,"Ischaemic heart disease, wide definition || id:finn-b-I9_IHD",Mood swings || id:ukb-b-14180,Inverse variance weighted,181,0.910374596162403,0.164653877741573,3.22024489055315e-08,IHD,ESTIMATED,1.95996398454005,0.587658925874058,1.23309026645075,2.48525332539667,1.7997700844344,3.43181839992425,FALSE,6.67050727328867e-08
ukb-b-14180,finn-b-I9_IHD,"Ischaemic heart disease, wide definition || id:finn-b-I9_IHD",Mood swings || id:ukb-b-14180,MR Egger,181,0.763413456192625,0.680436403667921,0.263387806855562,IHD,ESTIMATED,1.97330543384147,-0.579295396548832,2.10612230893408,2.14558760414796,0.560293011904694,8.21631908530109,FALSE,0.391704943528784
ukb-b-14180,finn-b-I9_IHD,"Ischaemic heart disease, wide definition || id:finn-b-I9_IHD",Mood swings || id:ukb-b-14180,Weighted median,181,0.974171408172874,0.224030392828551,1.37140884873817e-05,IHD,ESTIMATED,1.95996398454005,0.535079906786554,1.41326290955919,2.64897138534646,1.70758468440771,4.10934196380326,FALSE,3.74151027737298e-05
ukb-b-14180,finn-b-I9_IHD,"Ischaemic heart disease, wide definition || id:finn-b-I9_IHD",Mood swings || id:ukb-b-14180,Weighted mode,181,1.94819727242721,0.818982342201938,0.0184157580085764,IHD,ESTIMATED,1.97323082307154,0.332156071243022,3.5642384736114,7.01602818583564,1.39397039022761,35.3125517224241,FALSE,0.552445080620226
ukb-b-14180,finn-b-F5_DEPRESSIO,Depression || id:finn-b-F5_DEPRESSIO,Mood swings || id:ukb-b-14180,Inverse variance weighted,181,1.24453544876633,0.16419923565833,3.47095362669686e-14,DD,ESTIMATED,1.95996398454005,0.922710860586998,1.56636003694566,3.47132181787661,2.51610195478567,4.78918397577122,FALSE,1.4379665024887e-13
ukb-b-14180,finn-b-F5_DEPRESSIO,Depression || id:finn-b-F5_DEPRESSIO,Mood swings || id:ukb-b-14180,MR Egger,181,1.1103467458065,0.677837974698558,0.103163505186583,DD,ESTIMATED,1.97330543384147,-0.227234612930258,2.44792810454327,3.03541072791994,0.796733836301054,11.5643617320778,FALSE,0.19301559034909
ukb-b-14180,finn-b-F5_DEPRESSIO,Depression || id:finn-b-F5_DEPRESSIO,Mood swings || id:ukb-b-14180,Weighted median,181,1.03198120710463,0.215314685893021,1.64389672927002e-06,DD,ESTIMATED,1.95996398454005,0.609972177411753,1.4539902367975,2.8066208272096,1.84038019392896,4.28015933539805,FALSE,5.60858884103889e-06
ukb-b-14180,finn-b-F5_DEPRESSIO,Depression || id:finn-b-F5_DEPRESSIO,Mood swings || id:ukb-b-14180,Weighted mode,181,0.881356457907689,0.677242128242863,0.194788060598397,DD,ESTIMATED,1.97323082307154,-0.4549985842237,2.21771150003908,2.41417220939312,0.634448866185261,9.18628398163798,FALSE,0.568837167416555
ukb-b-12405,finn-b-I9_IHD,"Ischaemic heart disease, wide definition || id:finn-b-I9_IHD",Age at first live birth || id:ukb-b-12405,Inverse variance weighted,150,-0.343046651690654,0.0536018665785423,1.55477497488757e-10,IHD,ESTIMATED,1.95996398454005,-0.448104379688719,-0.23798892369259,0.709605106510096,0.638837998840227,0.788211421517429,FALSE,4.29414040683234e-10
ukb-b-12405,finn-b-I9_IHD,"Ischaemic heart disease, wide definition || id:finn-b-I9_IHD",Age at first live birth || id:ukb-b-12405,MR Egger,150,-0.154544511819568,0.227115760172709,0.497272685169791,IHD,ESTIMATED,1.97612249361374,-0.603353074151042,0.294264050511906,0.856805353327997,0.546974511711636,1.3421382491741,FALSE,0.613655654039316
ukb-b-12405,finn-b-I9_IHD,"Ischaemic heart disease, wide definition || id:finn-b-I9_IHD",Age at first live birth || id:ukb-b-12405,Weighted median,150,-0.23047362594767,0.0762013275619283,0.00249015185338592,IHD,ESTIMATED,1.95996398454005,-0.379825483543188,-0.0811217683521508,0.794157379874326,0.683980764696887,0.922081404275088,FALSE,0.0035226538413752
ukb-b-12405,finn-b-I9_IHD,"Ischaemic heart disease, wide definition || id:finn-b-I9_IHD",Age at first live birth || id:ukb-b-12405,Weighted mode,150,-0.161482247767941,0.520583404546522,0.756846297567613,IHD,ESTIMATED,1.97601317768919,-1.19016191523817,0.867197419702286,0.850881636379564,0.304172009995877,2.38023070938637,FALSE,0.860727161939638
ukb-b-12405,finn-b-F5_DEPRESSIO,Depression || id:finn-b-F5_DEPRESSIO,Age at first live birth || id:ukb-b-12405,Inverse variance weighted,150,-0.370461439807041,0.0603702603348572,8.43651911130092e-10,DD,ESTIMATED,1.95996398454005,-0.488784975800668,-0.252137903813414,0.690415671847688,0.613371202466914,0.777137560445882,FALSE,2.22417322025206e-09
ukb-b-12405,finn-b-F5_DEPRESSIO,Depression || id:finn-b-F5_DEPRESSIO,Age at first live birth || id:ukb-b-12405,MR Egger,150,-0.59617706975253,0.255548746561464,0.0209986945359155,DD,ESTIMATED,1.97612249361374,-1.10117269604743,-0.0911814434576243,0.550913720198139,0.3324809558893,0.91285206483708,FALSE,0.060896214154155
ukb-b-12405,finn-b-F5_DEPRESSIO,Depression || id:finn-b-F5_DEPRESSIO,Age at first live birth || id:ukb-b-12405,Weighted median,150,-0.310511121318865,0.076632647370503,5.07940350292375e-05,DD,ESTIMATED,1.95996398454005,-0.460708350205009,-0.160313892432721,0.733072171637062,0.630836633946269,0.85187634945508,FALSE,0.000100968311640138
ukb-b-12405,finn-b-F5_DEPRESSIO,Depression || id:finn-b-F5_DEPRESSIO,Age at first live birth || id:ukb-b-12405,Weighted mode,150,-0.295168087601624,0.503716012388937,0.558774765338213,DD,ESTIMATED,1.97601317768919,-1.29051756589521,0.700181390691964,0.74440645145424,0.275128349183122,2.01411801659837,FALSE,0.704542095426442
ukb-b-3656,finn-b-I9_IHD,"Ischaemic heart disease, wide definition || id:finn-b-I9_IHD",Number of treatments/medications taken || id:ukb-b-3656,Inverse variance weighted,156,1.14734928303659,0.175753596710257,6.65782949100498e-11,IHD,ESTIMATED,1.95996398454005,0.802878563331114,1.49182000274207,3.14983251957951,2.23195651841203,4.44517839821511,FALSE,1.93077055239145e-10
ukb-b-3656,finn-b-I9_IHD,"Ischaemic heart disease, wide definition || id:finn-b-I9_IHD",Number of treatments/medications taken || id:ukb-b-3656,MR Egger,156,2.11106882695908,0.544763685983542,0.000157256243223075,IHD,ESTIMATED,1.97548805823434,1.03489467073887,3.18724298317929,8.25706194031423,2.81480973817947,24.2215560652003,FALSE,0.0013029803009912
ukb-b-3656,finn-b-I9_IHD,"Ischaemic heart disease, wide definition || id:finn-b-I9_IHD",Number of treatments/medications taken || id:ukb-b-3656,Weighted median,156,0.851217454799619,0.160705700992158,1.17883784993881e-07,IHD,ESTIMATED,1.95996398454005,0.536240068744727,1.16619484085451,2.34249700082697,1.70956690882727,3.20975574021115,FALSE,4.88375680688935e-07
ukb-b-3656,finn-b-I9_IHD,"Ischaemic heart disease, wide definition || id:finn-b-I9_IHD",Number of treatments/medications taken || id:ukb-b-3656,Weighted mode,156,0.835792506975123,0.595695110376905,0.162600673922302,IHD,ESTIMATED,1.97538713105511,-0.340935948095869,2.01252096204611,2.30664135347706,0.711104454342073,7.48215582265362,FALSE,0.568837167416555
ukb-b-3656,finn-b-F5_DEPRESSIO,Depression || id:finn-b-F5_DEPRESSIO,Number of treatments/medications taken || id:ukb-b-3656,Inverse variance weighted,156,0.496209438219024,0.109061562476887,5.36942579051918e-06,DD,ESTIMATED,1.95996398454005,0.282452703666661,0.709966172771387,1.6424835206213,1.32637904074796,2.03392245552316,FALSE,8.41693772567871e-06
ukb-b-3656,finn-b-F5_DEPRESSIO,Depression || id:finn-b-F5_DEPRESSIO,Number of treatments/medications taken || id:ukb-b-3656,MR Egger,156,0.673194769968077,0.34106364629859,0.0501925285862132,DD,ESTIMATED,1.97548805823434,-0.000572390392646671,1.3469619303288,1.96049064298288,0.999427773391483,3.84572418693221,FALSE,0.116446666320015
ukb-b-3656,finn-b-F5_DEPRESSIO,Depression || id:finn-b-F5_DEPRESSIO,Number of treatments/medications taken || id:ukb-b-3656,Weighted median,156,0.584778524678123,0.146550154378092,6.59908305274416e-05,DD,ESTIMATED,1.95996398454005,0.297545500168278,0.872011549187969,1.79459348345368,1.34654964219425,2.39171707446773,FALSE,0.000119608380330988
ukb-b-3656,finn-b-F5_DEPRESSIO,Depression || id:finn-b-F5_DEPRESSIO,Number of treatments/medications taken || id:ukb-b-3656,Weighted mode,156,0.919355914918962,0.530402326664475,0.0850278202024051,DD,ESTIMATED,1.97538713105511,-0.128394015455731,1.96710584529366,2.50767471380445,0.879506771603332,7.14995344355391,FALSE,0.568837167416555
ukb-b-929,finn-b-I9_IHD,"Ischaemic heart disease, wide definition || id:finn-b-I9_IHD",Frequency of tiredness / lethargy in last 2 weeks || id:ukb-b-929,Inverse variance weighted,160,0.593663290692229,0.110383089062923,7.52305779701032e-08,IHD,ESTIMATED,1.95996398454005,0.377316411626622,0.810010169757836,1.81060906865367,1.45836568023292,2.24793084747258,FALSE,1.50461155940206e-07
ukb-b-929,finn-b-I9_IHD,"Ischaemic heart disease, wide definition || id:finn-b-I9_IHD",Frequency of tiredness / lethargy in last 2 weeks || id:ukb-b-929,MR Egger,160,1.00893713049407,0.44189214548564,0.0237502500353823,IHD,ESTIMATED,1.97509207271208,0.13615945695165,1.88171480403649,2.74268434971449,1.1458645951033,6.56475247975583,FALSE,0.0626142955478261
ukb-b-929,finn-b-I9_IHD,"Ischaemic heart disease, wide definition || id:finn-b-I9_IHD",Frequency of tiredness / lethargy in last 2 weeks || id:ukb-b-929,Weighted median,160,0.607240552162642,0.150348431774302,5.37050848286234e-05,IHD,ESTIMATED,1.95996398454005,0.312563040752933,0.90191806357235,1.83535982492836,1.3669241103828,2.46432531358139,FALSE,0.000100968311640138
ukb-b-929,finn-b-I9_IHD,"Ischaemic heart disease, wide definition || id:finn-b-I9_IHD",Frequency of tiredness / lethargy in last 2 weeks || id:ukb-b-929,Weighted mode,160,0.691516684231404,0.903188765978666,0.445026094446253,IHD,ESTIMATED,1.97499621276747,-1.09227770799059,2.4753110764534,1.99674166441688,0.335451562188468,11.8854038073559,FALSE,0.689641122660445
ukb-b-929,finn-b-F5_DEPRESSIO,Depression || id:finn-b-F5_DEPRESSIO,Frequency of tiredness / lethargy in last 2 weeks || id:ukb-b-929,Inverse variance weighted,160,0.953212414128587,0.10201778260335,9.31212184165857e-21,DD,ESTIMATED,1.95996398454005,0.753261234443383,1.15316359381379,2.59402938560631,2.12391532006734,3.16819997003256,FALSE,6.00114518684664e-20
ukb-b-929,finn-b-F5_DEPRESSIO,Depression || id:finn-b-F5_DEPRESSIO,Frequency of tiredness / lethargy in last 2 weeks || id:ukb-b-929,MR Egger,160,0.725613790161685,0.409103186073771,0.0780441684434843,DD,ESTIMATED,1.97509207271208,-0.0824026695738748,1.53363024989724,2.06599880061346,0.920901065188094,4.63497242590816,FALSE,0.158365457753468
ukb-b-929,finn-b-F5_DEPRESSIO,Depression || id:finn-b-F5_DEPRESSIO,Frequency of tiredness / lethargy in last 2 weeks || id:ukb-b-929,Weighted median,160,0.97424090940806,0.147110861498653,3.53186584591547e-11,DD,ESTIMATED,1.95996398454005,0.68590891913604,1.26257289968008,2.64915549852769,1.98557574339902,3.53450372201146,FALSE,2.56060273828871e-10
ukb-b-929,finn-b-F5_DEPRESSIO,Depression || id:finn-b-F5_DEPRESSIO,Frequency of tiredness / lethargy in last 2 weeks || id:ukb-b-929,Weighted mode,160,1.04072749556283,0.740830611021819,0.162027909452277,DD,ESTIMATED,1.97499621276747,-0.422410155507474,2.50386514663314,2.83127600603864,0.655465141614469,12.2296722028965,FALSE,0.568837167416555
ukb-b-11615,finn-b-I9_IHD,"Ischaemic heart disease, wide definition || id:finn-b-I9_IHD",Qualifications: A levels/AS levels or equivalent || id:ukb-b-11615,Inverse variance weighted,242,-0.861559150807222,0.16385696695892,1.45634295679525e-07,IHD,ESTIMATED,1.95996398454005,-1.18271290466267,-0.54040539695177,0.422502822891503,0.306446250419557,0.582512055888731,FALSE,2.81559638313748e-07
ukb-b-11615,finn-b-I9_IHD,"Ischaemic heart disease, wide definition || id:finn-b-I9_IHD",Qualifications: A levels/AS levels or equivalent || id:ukb-b-11615,MR Egger,242,-1.9495692420959,0.72743761268891,0.00787100117651711,IHD,ESTIMATED,1.96989763507669,-3.38254687499762,-0.516591609194178,0.14233537046894,0.0339608504553539,0.596550363577143,FALSE,0.0268540040139995
ukb-b-11615,finn-b-I9_IHD,"Ischaemic heart disease, wide definition || id:finn-b-I9_IHD",Qualifications: A levels/AS levels or equivalent || id:ukb-b-11615,Weighted median,242,-0.888212510402394,0.213352809548073,3.13933678011303e-05,IHD,ESTIMATED,1.95996398454005,-1.30637633311705,-0.470048687687738,0.411390452076666,0.270799568027487,0.624971839108196,FALSE,7.28326132986223e-05
ukb-b-11615,finn-b-I9_IHD,"Ischaemic heart disease, wide definition || id:finn-b-I9_IHD",Qualifications: A levels/AS levels or equivalent || id:ukb-b-11615,Weighted mode,242,-1.12752328641591,0.920970097685738,0.222042869535418,IHD,ESTIMATED,1.9698562125961,-2.9417019549574,0.686655382125576,0.32383430885579,0.052775830172603,1.9870584555304,FALSE,0.568837167416555
ukb-b-11615,finn-b-F5_DEPRESSIO,Depression || id:finn-b-F5_DEPRESSIO,Qualifications: A levels/AS levels or equivalent || id:ukb-b-11615,Inverse variance weighted,242,-0.731602498096775,0.160449011852408,5.1221977519748e-06,DD,ESTIMATED,1.95996398454005,-1.04607678268254,-0.417128213511016,0.481137350291549,0.351313327530675,0.658936429974635,FALSE,8.25242971151496e-06
ukb-b-11615,finn-b-F5_DEPRESSIO,Depression || id:finn-b-F5_DEPRESSIO,Qualifications: A levels/AS levels or equivalent || id:ukb-b-11615,MR Egger,242,-1.3535244507503,0.715323144738282,0.0596698565335283,DD,ESTIMATED,1.96989763507669,-2.76263782188587,0.05558892038526,0.258328189334086,0.063125035949745,1.05716301623583,FALSE,0.133109679959409
ukb-b-11615,finn-b-F5_DEPRESSIO,Depression || id:finn-b-F5_DEPRESSIO,Qualifications: A levels/AS levels or equivalent || id:ukb-b-11615,Weighted median,242,-0.400036946224437,0.218158646376453,0.0666989223542377,DD,ESTIMATED,1.95996398454005,-0.827620036038293,0.0275461435894197,0.67029528069827,0.437088303830186,1.02792904634879,FALSE,0.0690810267240319
ukb-b-11615,finn-b-F5_DEPRESSIO,Depression || id:finn-b-F5_DEPRESSIO,Qualifications: A levels/AS levels or equivalent || id:ukb-b-11615,Weighted mode,242,0.0984103297573462,0.767942339000896,0.898138663663426,DD,ESTIMATED,1.9698562125961,-1.41432565763915,1.61114631715384,1.10341545642639,0.243089483726552,5.00854932437239,FALSE,0.949457023741892
ukb-b-14057,finn-b-I9_IHD,"Ischaemic heart disease, wide definition || id:finn-b-I9_IHD","Non-cancer illness code, self-reported: hypertension || id:ukb-b-14057",Inverse variance weighted,366,1.55487811763605,0.122717453004774,8.62831929868745e-37,IHD,ESTIMATED,1.95996398454005,1.3143563294722,1.79539990579989,4.73450943678938,3.72235424425715,6.02188242605615,FALSE,2.50221259661936e-35
ukb-b-14057,finn-b-I9_IHD,"Ischaemic heart disease, wide definition || id:finn-b-I9_IHD","Non-cancer illness code, self-reported: hypertension || id:ukb-b-14057",MR Egger,366,1.92170092221191,0.320645576239688,4.95127093955936e-09,IHD,ESTIMATED,1.96650256879936,1.29115057286241,2.55225127156141,6.83257026163591,3.63696874687523,12.8359685301945,FALSE,2.87173714494443e-07
ukb-b-14057,finn-b-I9_IHD,"Ischaemic heart disease, wide definition || id:finn-b-I9_IHD","Non-cancer illness code, self-reported: hypertension || id:ukb-b-14057",Weighted median,366,1.39484592740734,0.1631510387023,1.23714004943309e-17,IHD,ESTIMATED,1.95996398454005,1.07507576751053,1.71461608730415,4.03435294152788,2.930214907212,5.55454264352942,FALSE,2.39180409557065e-16
ukb-b-14057,finn-b-I9_IHD,"Ischaemic heart disease, wide definition || id:finn-b-I9_IHD","Non-cancer illness code, self-reported: hypertension || id:ukb-b-14057",Weighted mode,366,1.29823332999532,0.812249867515304,0.110837568076668,IHD,ESTIMATED,1.96648459637679,-0.299043522882611,2.89551018287325,3.66281995405064,0.741527135334221,18.092729687828,FALSE,0.568837167416555
ukb-b-14057,finn-b-F5_DEPRESSIO,Depression || id:finn-b-F5_DEPRESSIO,"Non-cancer illness code, self-reported: hypertension || id:ukb-b-14057",Inverse variance weighted,366,0.410350723292708,0.0962361117282632,2.00799976808938e-05,DD,ESTIMATED,1.95996398454005,0.22173141029314,0.598970036292277,1.50734635389323,1.24823606947612,1.82024305029803,FALSE,2.91159966372961e-05
ukb-b-14057,finn-b-F5_DEPRESSIO,Depression || id:finn-b-F5_DEPRESSIO,"Non-cancer illness code, self-reported: hypertension || id:ukb-b-14057",MR Egger,366,0.64411814933569,0.251668752322326,0.0108890853207996,DD,ESTIMATED,1.96650256879936,0.149210901407305,1.13902539726408,1.9043069742317,1.16091780259077,3.12372249268177,FALSE,0.0350870527003544
ukb-b-14057,finn-b-F5_DEPRESSIO,Depression || id:finn-b-F5_DEPRESSIO,"Non-cancer illness code, self-reported: hypertension || id:ukb-b-14057",Weighted median,366,0.477596511643721,0.147062894578873,0.0011639651123353,DD,ESTIMATED,1.95996398454005,0.18935853480692,0.765834488480522,1.61219485028087,1.20847415486698,2.15078843416246,FALSE,0.00177657832935388
ukb-b-14057,finn-b-F5_DEPRESSIO,Depression || id:finn-b-F5_DEPRESSIO,"Non-cancer illness code, self-reported: hypertension || id:ukb-b-14057",Weighted mode,366,0.57393827135669,0.629638247538221,0.362614357292179,DD,ESTIMATED,1.96648459637679,-0.664235643716897,1.81211218643028,1.77524469782725,0.514666766176771,6.12336747634744,FALSE,0.657238522592075
ukb-b-12493,finn-b-I9_IHD,"Ischaemic heart disease, wide definition || id:finn-b-I9_IHD",Diagnoses - secondary ICD10: I10 Essential (primary) hypertension || id:ukb-b-12493,Inverse variance weighted,167,3.4812493148516,0.367158516105094,2.50419215425799e-21,IHD,ESTIMATED,1.95996398454005,2.76163184666845,4.20086678303476,32.5002998306501,15.8256469176721,66.744158679709,FALSE,2.0749020706709e-20
ukb-b-12493,finn-b-I9_IHD,"Ischaemic heart disease, wide definition || id:finn-b-I9_IHD",Diagnoses - secondary ICD10: I10 Essential (primary) hypertension || id:ukb-b-12493,MR Egger,167,5.20624322444673,1.17701125865822,1.75875540707433e-05,IHD,ESTIMATED,1.97444563009238,2.88229848821948,7.53018796067399,182.407505331915,17.8552661695591,1863.45572703576,FALSE,0.000204015627220623
ukb-b-12493,finn-b-I9_IHD,"Ischaemic heart disease, wide definition || id:finn-b-I9_IHD",Diagnoses - secondary ICD10: I10 Essential (primary) hypertension || id:ukb-b-12493,Weighted median,167,2.88956693230606,0.362192317815939,1.48734634549235e-15,IHD,ESTIMATED,1.95996398454005,2.17968303390973,3.59945083070239,17.9855189675125,8.84350272394896,36.5781413347389,FALSE,1.72532176077113e-14
ukb-b-12493,finn-b-I9_IHD,"Ischaemic heart disease, wide definition || id:finn-b-I9_IHD",Diagnoses - secondary ICD10: I10 Essential (primary) hypertension || id:ukb-b-12493,Weighted mode,167,2.65651859643314,1.12197761967169,0.0190498303662147,IHD,ESTIMATED,1.97435776365803,0.441333372383785,4.87170382048249,14.2466044830977,1.55477893631532,130.543149612528,FALSE,0.552445080620226
ukb-b-12493,finn-b-F5_DEPRESSIO,Depression || id:finn-b-F5_DEPRESSIO,Diagnoses - secondary ICD10: I10 Essential (primary) hypertension || id:ukb-b-12493,Inverse variance weighted,167,0.97061112689079,0.229269758555326,2.30092879296759e-05,DD,ESTIMATED,1.95996398454005,0.521250657378158,1.41997159640342,2.63955707085461,1.68413260600444,4.13700293282024,FALSE,3.2549724388322e-05
ukb-b-12493,finn-b-F5_DEPRESSIO,Depression || id:finn-b-F5_DEPRESSIO,Diagnoses - secondary ICD10: I10 Essential (primary) hypertension || id:ukb-b-12493,MR Egger,167,1.08548911104742,0.739966757973298,0.144294949146855,DD,ESTIMATED,1.97444563009238,-0.375535020646583,2.54651324274142,2.96088766749956,0.686921663186382,12.7625262812133,FALSE,0.246150207368164
ukb-b-12493,finn-b-F5_DEPRESSIO,Depression || id:finn-b-F5_DEPRESSIO,Diagnoses - secondary ICD10: I10 Essential (primary) hypertension || id:ukb-b-12493,Weighted median,167,0.889938498960697,0.336104375804131,0.00810164897925652,DD,ESTIMATED,1.95996398454005,0.231186027338286,1.54869097058311,2.43497989289068,1.26009362951096,4.70530676445287,FALSE,0.0104421253510417
ukb-b-12493,finn-b-F5_DEPRESSIO,Depression || id:finn-b-F5_DEPRESSIO,Diagnoses - secondary ICD10: I10 Essential (primary) hypertension || id:ukb-b-12493,Weighted mode,167,1.03821305699175,1.1064984368868,0.349460143755107,DD,ESTIMATED,1.97435776365803,-1.14641072235119,3.22283683633468,2.82416587917836,0.317775308702743,25.0992216660112,FALSE,0.653828656057942
ukb-b-14177,finn-b-I9_IHD,"Ischaemic heart disease, wide definition || id:finn-b-I9_IHD",Vascular/heart problems diagnosed by doctor: High blood pressure || id:ukb-b-14177,Inverse variance weighted,377,1.62910792445251,0.126347383887414,4.87295230508418e-38,IHD,ESTIMATED,1.95996398454005,1.38147160249232,1.87674424641269,5.09932370692775,3.98075540879965,6.53220296091395,FALSE,2.82631233694882e-36
ukb-b-14177,finn-b-I9_IHD,"Ischaemic heart disease, wide definition || id:finn-b-I9_IHD",Vascular/heart problems diagnosed by doctor: High blood pressure || id:ukb-b-14177,MR Egger,377,1.80762083452014,0.333562870751058,1.07368309095183e-07,IHD,ESTIMATED,1.96631016080241,1.15173277249591,2.46350889654437,6.09592694680154,3.16367008347808,11.7459546539972,FALSE,2.07578730917355e-06
ukb-b-14177,finn-b-I9_IHD,"Ischaemic heart disease, wide definition || id:finn-b-I9_IHD",Vascular/heart problems diagnosed by doctor: High blood pressure || id:ukb-b-14177,Weighted median,377,1.42604951569116,0.160860510421349,7.64140981651055e-19,IHD,ESTIMATED,1.95996398454005,1.11076870873058,1.74133032265173,4.16222387051014,3.03669182897604,5.70492777137878,FALSE,4.43201769357612e-17
ukb-b-14177,finn-b-I9_IHD,"Ischaemic heart disease, wide definition || id:finn-b-I9_IHD",Vascular/heart problems diagnosed by doctor: High blood pressure || id:ukb-b-14177,Weighted mode,377,1.39281543451946,0.747760085285413,0.0632911787357326,IHD,ESTIMATED,1.96629322917802,-0.0775001582268342,2.86313102726575,4.02616952756642,0.92542687796926,17.5162851334894,FALSE,0.568837167416555
ukb-b-14177,finn-b-F5_DEPRESSIO,Depression || id:finn-b-F5_DEPRESSIO,Vascular/heart problems diagnosed by doctor: High blood pressure || id:ukb-b-14177,Inverse variance weighted,377,0.411857709422858,0.0987770850538211,3.0517841463177e-05,DD,ESTIMATED,1.95996398454005,0.218258180219519,0.605457238626197,1.5096196163992,1.24390817865165,1.83208971958651,FALSE,4.11636001131225e-05
ukb-b-14177,finn-b-F5_DEPRESSIO,Depression || id:finn-b-F5_DEPRESSIO,Vascular/heart problems diagnosed by doctor: High blood pressure || id:ukb-b-14177,MR Egger,377,0.529349671270894,0.260865273468239,0.0431430807568156,DD,ESTIMATED,1.96631016080241,0.0164076334497968,1.04229170909199,1.69782780331414,1.01654297788156,2.83570819181083,FALSE,0.104262445162304
ukb-b-14177,finn-b-F5_DEPRESSIO,Depression || id:finn-b-F5_DEPRESSIO,Vascular/heart problems diagnosed by doctor: High blood pressure || id:ukb-b-14177,Weighted median,377,0.468300689174626,0.150130551050315,0.00181287589924021,DD,ESTIMATED,1.95996398454005,0.174050216136856,0.762551162212397,1.59727761457375,1.19011532731401,2.14373827432043,FALSE,0.0026286700538983
ukb-b-14177,finn-b-F5_DEPRESSIO,Depression || id:finn-b-F5_DEPRESSIO,Vascular/heart problems diagnosed by doctor: High blood pressure || id:ukb-b-14177,Weighted mode,377,0.603834811229294,0.579873708521744,0.298395575288174,DD,ESTIMATED,1.96629322917802,-0.536366935615361,1.74403655807395,1.82911969700637,0.584869264849378,5.72038755847135,FALSE,0.637894199170223
ukb-b-6134,finn-b-I9_IHD,"Ischaemic heart disease, wide definition || id:finn-b-I9_IHD",Age completed full time education || id:ukb-b-6134,Inverse variance weighted,157,-0.432301706010935,0.0920779540993534,2.66667475192867e-06,IHD,ESTIMATED,1.95996398454005,-0.6127711798158,-0.25183223220607,0.649013535858509,0.541847230501913,0.777375145642785,FALSE,4.41906101748179e-06
ukb-b-6134,finn-b-I9_IHD,"Ischaemic heart disease, wide definition || id:finn-b-I9_IHD",Age completed full time education || id:ukb-b-6134,MR Egger,157,-0.0833337522375787,0.300996074392869,0.782256524026328,IHD,ESTIMATED,1.97538713105511,-0.67791752409136,0.511250019616202,0.920044029218893,0.507673109334499,1.66737414319812,FALSE,0.840201451731982
ukb-b-6134,finn-b-I9_IHD,"Ischaemic heart disease, wide definition || id:finn-b-I9_IHD",Age completed full time education || id:ukb-b-6134,Weighted median,157,-0.342117756743621,0.123138596349923,0.00546416903053781,IHD,ESTIMATED,1.95996398454005,-0.583464970696284,-0.100770542790957,0.710264561342636,0.557961692329739,0.904140470634885,FALSE,0.00720276826752711
ukb-b-6134,finn-b-I9_IHD,"Ischaemic heart disease, wide definition || id:finn-b-I9_IHD",Age completed full time education || id:ukb-b-6134,Weighted mode,157,-0.177047373746387,0.425194227038319,0.677695680991689,IHD,ESTIMATED,1.97528750770344,-1.0169282187628,0.662833471270026,0.837740096696042,0.361704311945909,1.94028228703352,FALSE,0.809774102974155
ukb-b-6134,finn-b-F5_DEPRESSIO,Depression || id:finn-b-F5_DEPRESSIO,Age completed full time education || id:ukb-b-6134,Inverse variance weighted,157,-0.416313220600831,0.0996208386871031,2.92822945558795e-05,DD,ESTIMATED,1.95996398454005,-0.611566476537227,-0.221059964664434,0.659473677390007,0.542500388989075,0.801668607059852,FALSE,4.04374543866908e-05
ukb-b-6134,finn-b-F5_DEPRESSIO,Depression || id:finn-b-F5_DEPRESSIO,Age completed full time education || id:ukb-b-6134,MR Egger,157,-0.481248590828906,0.32768505834503,0.143959311779014,DD,ESTIMATED,1.97538713105511,-1.12855343812272,0.166056256464909,0.618011266672544,0.323500882159325,1.18063951846071,FALSE,0.246150207368164
ukb-b-6134,finn-b-F5_DEPRESSIO,Depression || id:finn-b-F5_DEPRESSIO,Age completed full time education || id:ukb-b-6134,Weighted median,157,-0.524418174301704,0.126439293469422,3.35995434415765e-05,DD,ESTIMATED,1.95996398454005,-0.772234635732461,-0.276601712870947,0.59189964662619,0.461979557953849,0.758356480593904,FALSE,7.49528276773629e-05
ukb-b-6134,finn-b-F5_DEPRESSIO,Depression || id:finn-b-F5_DEPRESSIO,Age completed full time education || id:ukb-b-6134,Weighted mode,157,-0.643139459091951,0.369697245992847,0.0838948871093196,DD,ESTIMATED,1.97528750770344,-1.37339781073399,0.0871188925500862,0.525639606881744,0.253245017385493,1.09102638691687,FALSE,0.568837167416555
ukb-b-4063,finn-b-I9_IHD,"Ischaemic heart disease, wide definition || id:finn-b-I9_IHD",Number of self-reported non-cancer illnesses || id:ukb-b-4063,Inverse variance weighted,166,0.997526925655502,0.140272348219202,1.14906410315412e-12,IHD,ESTIMATED,1.95996398454005,0.722598175119005,1.272455676192,2.71156762119689,2.05977792814482,3.56960760859576,FALSE,3.9203363519376e-12
ukb-b-4063,finn-b-I9_IHD,"Ischaemic heart disease, wide definition || id:finn-b-I9_IHD",Number of self-reported non-cancer illnesses || id:ukb-b-4063,MR Egger,166,1.50379440768606,0.503259779988076,0.00323871926555403,IHD,ESTIMATED,1.97453457585847,0.510090571460674,2.49749824391144,4.49872672926338,1.66544202963242,12.1520544242874,FALSE,0.0156538097835111
ukb-b-4063,finn-b-I9_IHD,"Ischaemic heart disease, wide definition || id:finn-b-I9_IHD",Number of self-reported non-cancer illnesses || id:ukb-b-4063,Weighted median,166,0.695045950017867,0.14791824400814,2.61627839619188e-06,IHD,ESTIMATED,1.95996398454005,0.405131519105506,0.984960380930228,2.00380114652428,1.49949969994795,2.67770579410678,FALSE,7.9865340515331e-06
ukb-b-4063,finn-b-I9_IHD,"Ischaemic heart disease, wide definition || id:finn-b-I9_IHD",Number of self-reported non-cancer illnesses || id:ukb-b-4063,Weighted mode,166,0.556735197717731,0.477364081547089,0.245188434231274,IHD,ESTIMATED,1.97444563009238,-0.385794227055981,1.49926462249144,1.74496622072748,0.679910418455228,4.47839454850249,FALSE,0.568837167416555
ukb-b-4063,finn-b-F5_DEPRESSIO,Depression || id:finn-b-F5_DEPRESSIO,Number of self-reported non-cancer illnesses || id:ukb-b-4063,Inverse variance weighted,166,0.603180815029583,0.103918214737324,6.46045805676809e-09,DD,ESTIMATED,1.95996398454005,0.399504856806727,0.806856773252438,1.82792385075778,1.49108621363943,2.24085339506542,FALSE,1.4988262691702e-08
ukb-b-4063,finn-b-F5_DEPRESSIO,Depression || id:finn-b-F5_DEPRESSIO,Number of self-reported non-cancer illnesses || id:ukb-b-4063,MR Egger,166,0.0303838721037672,0.371191303782501,0.934861816140129,DD,ESTIMATED,1.97453457585847,-0.702546191472766,0.763313935680301,1.03085017263577,0.49532251086392,2.14537408479531,FALSE,0.934861816140129
ukb-b-4063,finn-b-F5_DEPRESSIO,Depression || id:finn-b-F5_DEPRESSIO,Number of self-reported non-cancer illnesses || id:ukb-b-4063,Weighted median,166,0.593232594246087,0.140311264491742,2.35803419178578e-05,DD,ESTIMATED,1.95996398454005,0.318227569217,0.868237619275175,1.80982941367181,1.37468906254782,2.38270791252311,FALSE,5.69858263014896e-05
ukb-b-4063,finn-b-F5_DEPRESSIO,Depression || id:finn-b-F5_DEPRESSIO,Number of self-reported non-cancer illnesses || id:ukb-b-4063,Weighted mode,166,0.598807727617254,0.454820286138223,0.18980494683614,DD,ESTIMATED,1.97444563009238,-0.299210198825726,1.49682565406023,1.81994763303536,0.741403550899156,4.4674851947688,FALSE,0.568837167416555
ukb-b-17729,finn-b-I9_IHD,"Ischaemic heart disease, wide definition || id:finn-b-I9_IHD",Qualifications: None of the above || id:ukb-b-17729,Inverse variance weighted,266,0.696300046861164,0.179127703309844,0.000101419232790754,IHD,ESTIMATED,1.95996398454005,0.345216199740493,1.04738389398183,2.00631568362368,1.4122952245241,2.85018497015082,FALSE,0.000130718122263638
ukb-b-17729,finn-b-I9_IHD,"Ischaemic heart disease, wide definition || id:finn-b-I9_IHD",Qualifications: None of the above || id:ukb-b-17729,MR Egger,266,0.785009699898592,0.692243188590737,0.257819635447144,IHD,ESTIMATED,1.96899049692972,-0.578010560000894,2.14802995979808,2.19242820696135,0.561013359509312,8.56796252924167,FALSE,0.391704943528784
ukb-b-17729,finn-b-I9_IHD,"Ischaemic heart disease, wide definition || id:finn-b-I9_IHD",Qualifications: None of the above || id:ukb-b-17729,Weighted median,266,0.795012933890376,0.235474906988087,0.000734915771494114,IHD,ESTIMATED,1.95996398454005,0.333490596930806,1.25653527084994,2.21446963832639,1.39583192137567,3.51322799254825,FALSE,0.0012178604213331
ukb-b-17729,finn-b-I9_IHD,"Ischaemic heart disease, wide definition || id:finn-b-I9_IHD",Qualifications: None of the above || id:ukb-b-17729,Weighted mode,266,1.12222269391079,0.945673704142826,0.236412194546641,IHD,ESTIMATED,1.96895628132944,-0.739767485949312,2.98421287377089,3.07167401243455,0.477224864108225,19.7709338894087,FALSE,0.568837167416555
ukb-b-17729,finn-b-F5_DEPRESSIO,Depression || id:finn-b-F5_DEPRESSIO,Qualifications: None of the above || id:ukb-b-17729,Inverse variance weighted,266,0.780210325333374,0.182614460118155,1.93340831509644e-05,DD,ESTIMATED,1.95996398454005,0.422292560445564,1.13812809022118,2.18193113263369,1.52545474712709,3.12092081166109,FALSE,2.87532518655368e-05
ukb-b-17729,finn-b-F5_DEPRESSIO,Depression || id:finn-b-F5_DEPRESSIO,Qualifications: None of the above || id:ukb-b-17729,MR Egger,266,0.450341769153901,0.705596774255282,0.523869153053564,DD,ESTIMATED,1.96899049692972,-0.938971574019013,1.83965511232682,1.56884827782355,0.391029773819853,6.29436703703241,FALSE,0.633008559939723
ukb-b-17729,finn-b-F5_DEPRESSIO,Depression || id:finn-b-F5_DEPRESSIO,Qualifications: None of the above || id:ukb-b-17729,Weighted median,266,0.665975776193994,0.23747076337642,0.00504019159399827,DD,ESTIMATED,1.95996398454005,0.200541632594977,1.13140991979301,1.94638883491097,1.22206448889688,3.10002420583042,FALSE,0.00696026458218809
ukb-b-17729,finn-b-F5_DEPRESSIO,Depression || id:finn-b-F5_DEPRESSIO,Qualifications: None of the above || id:ukb-b-17729,Weighted mode,266,0.697929595596275,0.844301989588221,0.409187627684566,DD,ESTIMATED,1.96895628132944,-0.964464110142401,2.36032330133495,2.0095877380702,0.381187419486751,10.5943760747394,FALSE,0.689641122660445
ukb-b-7408,finn-b-I9_IHD,"Ischaemic heart disease, wide definition || id:finn-b-I9_IHD",Average total household income before tax || id:ukb-b-7408,Inverse variance weighted,177,-0.151872573420592,0.0624401127437148,0.0150036150405154,IHD,ESTIMATED,1.95996398454005,-0.274252945588894,-0.0294922012522906,0.859097745653711,0.760139776937882,0.970938449715679,FALSE,0.0150036150405154
ukb-b-7408,finn-b-I9_IHD,"Ischaemic heart disease, wide definition || id:finn-b-I9_IHD",Average total household income before tax || id:ukb-b-7408,MR Egger,177,0.0209116879889425,0.250230445999719,0.933494061149447,IHD,ESTIMATED,1.97361246195438,-0.472946238596506,0.514769614574391,1.02113186944656,0.623163572425373,1.67325296429179,FALSE,0.934861816140129
ukb-b-7408,finn-b-I9_IHD,"Ischaemic heart disease, wide definition || id:finn-b-I9_IHD",Average total household income before tax || id:ukb-b-7408,Weighted median,177,-0.096154926878814,0.0881366723750972,0.275283779756871,IHD,ESTIMATED,1.95996398454005,-0.268899630451211,0.0765897766935828,0.908323281476249,0.764219956211115,1.07959910882498,FALSE,0.275283779756871
ukb-b-7408,finn-b-I9_IHD,"Ischaemic heart disease, wide definition || id:finn-b-I9_IHD",Average total household income before tax || id:ukb-b-7408,Weighted mode,177,0.009646661690216,0.310022529727884,0.975212285408384,IHD,ESTIMATED,1.9735343877061,-0.602193461691399,0.621486785071831,1.00969334070926,0.54760915807132,1.86169392393516,FALSE,0.975212285408384
ukb-b-7408,finn-b-F5_DEPRESSIO,Depression || id:finn-b-F5_DEPRESSIO,Average total household income before tax || id:ukb-b-7408,Inverse variance weighted,177,-0.306392145153548,0.0686038408774545,7.96555041801876e-06,DD,ESTIMATED,1.95996398454005,-0.440853202474475,-0.17193108783262,0.736097905624708,0.643487161962961,0.842037197777489,FALSE,1.21579453748707e-05
ukb-b-7408,finn-b-F5_DEPRESSIO,Depression || id:finn-b-F5_DEPRESSIO,Average total household income before tax || id:ukb-b-7408,MR Egger,177,-0.339360723500678,0.275240843257829,0.219244676633965,DD,ESTIMATED,1.97361246195438,-0.882579481793162,0.203858034791807,0.712225486275034,0.413714365453039,1.22612407414044,FALSE,0.363319749850571
ukb-b-7408,finn-b-F5_DEPRESSIO,Depression || id:finn-b-F5_DEPRESSIO,Average total household income before tax || id:ukb-b-7408,Weighted median,177,-0.168602165774236,0.0894190614027504,0.0593585549886193,DD,ESTIMATED,1.95996398454005,-0.343860305655002,0.00665597410653032,0.844844944771714,0.709027968329287,1.00667817432956,FALSE,0.0625962943516349
ukb-b-7408,finn-b-F5_DEPRESSIO,Depression || id:finn-b-F5_DEPRESSIO,Average total household income before tax || id:ukb-b-7408,Weighted mode,177,0.0308535607064147,0.31135961630298,0.921177198214349,DD,ESTIMATED,1.9735343877061,-0.583625349010494,0.645332470423323,1.03133446493728,0.557872214549469,1.90662081893871,FALSE,0.954076383864862
ieu-b-102,finn-b-I9_IHD,"Ischaemic heart disease, wide definition || id:finn-b-I9_IHD",Major depression || id:ieu-b-102,Inverse variance weighted,164,0.211305609919682,0.0425585071206018,6.867926349933e-07,IHD,ESTIMATED,1.95996398454005,0.127892468727511,0.294718751111853,1.23528981420173,1.13643079427716,1.34274865900755,FALSE,1.2070900857458e-06
ieu-b-102,finn-b-I9_IHD,"Ischaemic heart disease, wide definition || id:finn-b-I9_IHD",Major depression || id:ieu-b-102,MR Egger,164,0.201647355024966,0.171799711605941,0.242223835445805,IHD,ESTIMATED,1.97471578592379,-0.137608247500441,0.540902957550372,1.22341650035009,0.871440013688149,1.71755704330611,FALSE,0.379702228536667
ieu-b-102,finn-b-I9_IHD,"Ischaemic heart disease, wide definition || id:finn-b-I9_IHD",Major depression || id:ieu-b-102,Weighted median,164,0.185687106927426,0.0556533550658145,0.000848421411438958,IHD,ESTIMATED,1.95996398454005,0.0766085353796099,0.294765678475242,1.20404546394747,1.07961936087564,1.34281167214032,FALSE,0.00136690116287388
ieu-b-102,finn-b-I9_IHD,"Ischaemic heart disease, wide definition || id:finn-b-I9_IHD",Major depression || id:ieu-b-102,Weighted mode,164,0.182204118959646,0.207562080708325,0.381328310877871,IHD,ESTIMATED,1.97462462096636,-0.227653075986018,0.59206131390531,1.19985908287349,0.796400502374119,1.80771083702521,FALSE,0.670213394876258
ieu-b-102,finn-b-F5_DEPRESSIO,Depression || id:finn-b-F5_DEPRESSIO,Major depression || id:ieu-b-102,Inverse variance weighted,164,0.49414988890024,0.0463424713503797,1.51621941074633e-26,DD,ESTIMATED,1.95996398454005,0.403320314098917,0.584979463701564,1.63910422591186,1.49678625662687,1.79495412354784,FALSE,2.19851814558218e-25
ieu-b-102,finn-b-F5_DEPRESSIO,Depression || id:finn-b-F5_DEPRESSIO,Major depression || id:ieu-b-102,MR Egger,164,0.202345089897344,0.185807565812111,0.277769692847312,DD,ESTIMATED,1.97471578592379,-0.164572043455904,0.569262223250592,1.22427041857544,0.848256643402867,1.76696294624484,FALSE,0.402766054628603
ieu-b-102,finn-b-F5_DEPRESSIO,Depression || id:finn-b-F5_DEPRESSIO,Major depression || id:ieu-b-102,Weighted median,164,0.475126574608294,0.0594141465969474,1.27632877189843e-15,DD,ESTIMATED,1.95996398454005,0.358676987106094,0.591576162110494,1.60821774413461,1.43143435513411,1.80683403557622,FALSE,1.72532176077113e-14
ieu-b-102,finn-b-F5_DEPRESSIO,Depression || id:finn-b-F5_DEPRESSIO,Major depression || id:ieu-b-102,Weighted mode,164,0.411379970073193,0.214153550008667,0.0564823534830844,DD,ESTIMATED,1.97462462096636,-0.0114929024412717,0.834252842587657,1.50889858395192,0.988572888677148,2.30309263255111,FALSE,0.568837167416555
ukb-b-18994,finn-b-I9_IHD,"Ischaemic heart disease, wide definition || id:finn-b-I9_IHD",Miserableness || id:ukb-b-18994,Inverse variance weighted,145,0.970323244275807,0.196660677218703,8.05635665247613e-07,IHD,ESTIMATED,1.95996398454005,0.584875399751893,1.35577108879972,2.63879729763065,1.79476734325098,3.87975143640059,FALSE,1.37431966424593e-06
ukb-b-18994,finn-b-I9_IHD,"Ischaemic heart disease, wide definition || id:finn-b-I9_IHD",Miserableness || id:ukb-b-18994,MR Egger,145,0.252358326866709,0.809850947536257,0.755790144567594,IHD,ESTIMATED,1.97669219792979,-1.34846772261426,1.85318437634768,1.28705714181974,0.259637793121985,6.38010386080781,FALSE,0.827091101602272
ukb-b-18994,finn-b-I9_IHD,"Ischaemic heart disease, wide definition || id:finn-b-I9_IHD",Miserableness || id:ukb-b-18994,Weighted median,145,1.05885268984327,0.257356344633051,3.88281008184691e-05,IHD,ESTIMATED,1.95996398454005,0.554443523169609,1.56326185651693,2.88306132548436,1.74097190463647,4.77436918101171,FALSE,8.04296374096861e-05
ukb-b-18994,finn-b-I9_IHD,"Ischaemic heart disease, wide definition || id:finn-b-I9_IHD",Miserableness || id:ukb-b-18994,Weighted mode,145,0.673084666721348,0.876489090944061,0.443784592280402,IHD,ESTIMATED,1.97657506583044,-1.05936181591107,2.40553114935377,1.96027479848071,0.346676983482815,11.0843161462696,FALSE,0.689641122660445
ukb-b-18994,finn-b-F5_DEPRESSIO,Depression || id:finn-b-F5_DEPRESSIO,Miserableness || id:ukb-b-18994,Inverse variance weighted,145,1.7534365317918,0.195522236095152,3.02043526237e-19,DD,ESTIMATED,1.95996398454005,1.37021999086856,2.13665307271503,5.77441257022079,3.93621653192263,8.47103818113308,FALSE,1.7518524521746e-18
ukb-b-18994,finn-b-F5_DEPRESSIO,Depression || id:finn-b-F5_DEPRESSIO,Miserableness || id:ukb-b-18994,MR Egger,145,0.961949234551174,0.805103484681895,0.234137454716167,DD,ESTIMATED,1.97669219792979,-0.629492542145614,2.55339101124796,2.61679224724203,0.532862137485883,12.8506065331156,FALSE,0.377221454820492
ukb-b-18994,finn-b-F5_DEPRESSIO,Depression || id:finn-b-F5_DEPRESSIO,Miserableness || id:ukb-b-18994,Weighted median,145,1.40275677060867,0.26387238845875,1.06048524890431e-07,DD,ESTIMATED,1.95996398454005,0.885576392714954,1.91993714850238,4.06639464641759,2.4243813846069,6.82052977530793,FALSE,4.73139572588079e-07
ukb-b-18994,finn-b-F5_DEPRESSIO,Depression || id:finn-b-F5_DEPRESSIO,Miserableness || id:ukb-b-18994,Weighted mode,145,0.657156681565146,1.03727846796523,0.527386489389778,DD,ESTIMATED,1.97657506583044,-1.39310207453772,2.70741543766801,1.92929891715821,0.248303851642167,14.9904815697823,FALSE,0.704542095426442
ieu-b-4877,finn-b-I9_IHD,"Ischaemic heart disease, wide definition || id:finn-b-I9_IHD",smoking initiation || id:ieu-b-4877,Inverse variance weighted,216,0.191380028517299,0.0382679780603856,5.70192550688792e-07,IHD,ESTIMATED,1.95996398454005,0.116376169757774,0.266383887276824,1.21091954861149,1.12341838868245,1.30523602602693,FALSE,1.03347399812343e-06
ieu-b-4877,finn-b-I9_IHD,"Ischaemic heart disease, wide definition || id:finn-b-I9_IHD",smoking initiation || id:ieu-b-4877,MR Egger,216,0.0784440071120656,0.150481038158658,0.602704969439981,IHD,ESTIMATED,1.9711112576623,-0.218170861267175,0.375058875491306,1.08160279140283,0.803988059511608,1.45507708047437,FALSE,0.699137764550378
ieu-b-4877,finn-b-I9_IHD,"Ischaemic heart disease, wide definition || id:finn-b-I9_IHD",smoking initiation || id:ieu-b-4877,Weighted median,216,0.206713463474187,0.0577243389550011,0.000342222516376461,IHD,ESTIMATED,1.95996398454005,0.0935758380910026,0.319851088857372,1.22963018733574,1.098093877527,1.37692270993485,FALSE,0.000601481998479841
ieu-b-4877,finn-b-I9_IHD,"Ischaemic heart disease, wide definition || id:finn-b-I9_IHD",smoking initiation || id:ieu-b-4877,Weighted mode,216,0.321868841616812,0.213921837623858,0.133892088860066,IHD,ESTIMATED,1.97105912213364,-0.0997837478552858,0.743521431088909,1.37970380436928,0.905033112227109,2.10332921754289,FALSE,0.568837167416555
ieu-b-4877,finn-b-F5_DEPRESSIO,Depression || id:finn-b-F5_DEPRESSIO,smoking initiation || id:ieu-b-4877,Inverse variance weighted,216,0.246049367287891,0.0437686210157804,1.89204752916056e-08,DD,ESTIMATED,1.95996398454005,0.160264446443979,0.331834288131804,1.27896271090362,1.17382124280517,1.39352190625965,FALSE,4.06439839597455e-08
ieu-b-4877,finn-b-F5_DEPRESSIO,Depression || id:finn-b-F5_DEPRESSIO,smoking initiation || id:ieu-b-4877,MR Egger,216,0.180964039113319,0.172416724574144,0.295098057928959,DD,ESTIMATED,1.9711112576623,-0.158888507704036,0.520816585930674,1.19837208399562,0.853091466793438,1.68340173076391,FALSE,0.417455789265356
ieu-b-4877,finn-b-F5_DEPRESSIO,Depression || id:finn-b-F5_DEPRESSIO,smoking initiation || id:ieu-b-4877,Weighted median,216,0.197603519425804,0.0574915908558449,0.000588009724943484,DD,ESTIMATED,1.95996398454005,0.0849220719344352,0.310284966917172,1.21847919470768,1.08863222838913,1.36381370054825,FALSE,0.00100307541313888
ieu-b-4877,finn-b-F5_DEPRESSIO,Depression || id:finn-b-F5_DEPRESSIO,smoking initiation || id:ieu-b-4877,Weighted mode,216,0.232571865397593,0.235225402489064,0.323911953273496,DD,ESTIMATED,1.97105912213364,-0.231071309936034,0.69621504073122,1.2618411258148,0.793682866542769,2.00614514174063,FALSE,0.640257927640001
ukb-b-17360,finn-b-I9_IHD,"Ischaemic heart disease, wide definition || id:finn-b-I9_IHD",Illnesses of siblings: None of the above (group 1) || id:ukb-b-17360,Inverse variance weighted,73,-2.62123950573167,0.400896609122779,6.21626939556536e-11,IHD,ESTIMATED,1.95996398454005,-3.40698242113655,-1.83549659032679,0.0727126791648084,0.0331410553881799,0.159534258924357,FALSE,1.89759802601469e-10
ukb-b-17360,finn-b-I9_IHD,"Ischaemic heart disease, wide definition || id:finn-b-I9_IHD",Illnesses of siblings: None of the above (group 1) || id:ukb-b-17360,MR Egger,73,-2.0716086844677,1.14647466048862,0.0750088418941593,IHD,ESTIMATED,1.99394336784563,-4.35761423015206,0.214396861216648,0.125982951786376,0.0128089103370715,1.23911431364091,FALSE,0.158365457753468
ukb-b-17360,finn-b-I9_IHD,"Ischaemic heart disease, wide definition || id:finn-b-I9_IHD",Illnesses of siblings: None of the above (group 1) || id:ukb-b-17360,Weighted median,73,-1.6174105705165,0.372600512542431,1.4191935534863e-05,IHD,ESTIMATED,1.95996398454005,-2.34769415572083,-0.887126985312168,0.19841180785255,0.0955893223826369,0.411837269206001,FALSE,3.74151027737298e-05
ukb-b-17360,finn-b-I9_IHD,"Ischaemic heart disease, wide definition || id:finn-b-I9_IHD",Illnesses of siblings: None of the above (group 1) || id:ukb-b-17360,Weighted mode,73,-1.22935550242802,0.876759777997161,0.165164926491932,IHD,ESTIMATED,1.99346356666187,-2.97714417657991,0.51843317172387,0.29248102025635,0.050938096552989,1.67939426478581,FALSE,0.568837167416555
ukb-b-17360,finn-b-F5_DEPRESSIO,Depression || id:finn-b-F5_DEPRESSIO,Illnesses of siblings: None of the above (group 1) || id:ukb-b-17360,Inverse variance weighted,73,-0.961245721847032,0.243150015861983,7.70796821555736e-05,DD,ESTIMATED,1.95996398454005,-1.43781099577686,-0.484680447917203,0.382416204909632,0.237446962608926,0.61589397552474,FALSE,0.000101605035568711
ukb-b-17360,finn-b-F5_DEPRESSIO,Depression || id:finn-b-F5_DEPRESSIO,Illnesses of siblings: None of the above (group 1) || id:ukb-b-17360,MR Egger,73,-1.96452826175526,0.685963364095143,0.00549831826948635,DD,ESTIMATED,1.99394336784563,-3.33230036217785,-0.59675616133268,0.140222019105143,0.0357108625925362,0.550594783057203,FALSE,0.0234861588112361
ukb-b-17360,finn-b-F5_DEPRESSIO,Depression || id:finn-b-F5_DEPRESSIO,Illnesses of siblings: None of the above (group 1) || id:ukb-b-17360,Weighted median,73,-0.652449132945988,0.337221067990806,0.0530170963195982,DD,ESTIMATED,1.95996398454005,-1.3133902810361,0.00849201514412434,0.520768781653543,0.26890683947007,1.00852817458777,FALSE,0.0569442886395684
ukb-b-17360,finn-b-F5_DEPRESSIO,Depression || id:finn-b-F5_DEPRESSIO,Illnesses of siblings: None of the above (group 1) || id:ukb-b-17360,Weighted mode,73,-0.676591276316016,0.859989442403131,0.43401388596035,DD,ESTIMATED,1.99346356666187,-2.39094889746051,1.03776634482848,0.508346856345336,0.0915427779420973,2.82290457167074,FALSE,0.689641122660445
ukb-b-4630,finn-b-I9_IHD,"Ischaemic heart disease, wide definition || id:finn-b-I9_IHD",Neuroticism score || id:ukb-b-4630,Inverse variance weighted,264,0.0684153040061694,0.0181855142641431,0.000168508183553995,IHD,ESTIMATED,1.95996398454005,0.0327723510081094,0.104058257004229,1.07080992779915,1.03331527928234,1.10966509879694,FALSE,0.000207946269066633
ukb-b-4630,finn-b-I9_IHD,"Ischaemic heart disease, wide definition || id:finn-b-I9_IHD",Neuroticism score || id:ukb-b-4630,MR Egger,264,0.224126499972257,0.075360242295596,0.00321277270116184,IHD,ESTIMATED,1.96905971525654,0.0757376827360271,0.372515317208488,1.25122928988801,1.07867958076555,1.45138071007383,FALSE,0.0156538097835111
ukb-b-4630,finn-b-I9_IHD,"Ischaemic heart disease, wide definition || id:finn-b-I9_IHD",Neuroticism score || id:ukb-b-4630,Weighted median,264,0.0604525076332588,0.0240641577637745,0.0120001834244849,IHD,ESTIMATED,1.95996398454005,0.0132876250979709,0.107617390168547,1.06231714441685,1.0133762979034,1.11362158129886,FALSE,0.0148087369919175
ukb-b-4630,finn-b-I9_IHD,"Ischaemic heart disease, wide definition || id:finn-b-I9_IHD",Neuroticism score || id:ukb-b-4630,Weighted mode,264,-0.00839385710505058,0.113500069501532,0.941102692490498,IHD,ESTIMATED,1.96902497390328,-0.231878328493324,0.215090614283223,0.991641272952556,0.793042608125827,1.23997425125353,FALSE,0.957613266042964
ukb-b-4630,finn-b-F5_DEPRESSIO,Depression || id:finn-b-F5_DEPRESSIO,Neuroticism score || id:ukb-b-4630,Inverse variance weighted,264,0.179334738461007,0.019052453280844,4.83622503138775e-21,DD,ESTIMATED,1.95996398454005,0.141992616213421,0.216676860708593,1.19642116532556,1.15256813818844,1.2419427168001,FALSE,3.50626314775612e-20
ukb-b-4630,finn-b-F5_DEPRESSIO,Depression || id:finn-b-F5_DEPRESSIO,Neuroticism score || id:ukb-b-4630,MR Egger,264,0.260524766636243,0.0793943555977718,0.00117314690420008,DD,ESTIMATED,1.96905971525654,0.104192539409918,0.416856993862568,1.29761085091035,1.10981411730097,1.51718553057805,FALSE,0.00783850146269461
ukb-b-4630,finn-b-F5_DEPRESSIO,Depression || id:finn-b-F5_DEPRESSIO,Neuroticism score || id:ukb-b-4630,Weighted median,264,0.158596278573532,0.0255807397723704,5.65236100012176e-10,DD,ESTIMATED,1.95996398454005,0.108458949921794,0.208733607225269,1.17186474425999,1.11455915485878,1.23211672781381,FALSE,3.27836938007062e-09
ukb-b-4630,finn-b-F5_DEPRESSIO,Depression || id:finn-b-F5_DEPRESSIO,Neuroticism score || id:ukb-b-4630,Weighted mode,264,0.145275879680786,0.122936455288947,0.238386115906941,DD,ESTIMATED,1.96902497390328,-0.0967890709862945,0.387340830347867,1.15635854209254,0.907747456217008,1.47305846875403,FALSE,0.568837167416555
ukb-b-13352,finn-b-I9_IHD,"Ischaemic heart disease, wide definition || id:finn-b-I9_IHD",Vascular/heart problems diagnosed by doctor: None of the above || id:ukb-b-13352,Inverse variance weighted,365,-1.80803207858548,0.152254373341711,1.59491256139009e-32,IHD,ESTIMATED,1.95996398454005,-2.10644516682394,-1.50961899034701,0.163976512383959,0.121669714119495,0.220994162830029,FALSE,3.08349761868752e-31
ukb-b-13352,finn-b-I9_IHD,"Ischaemic heart disease, wide definition || id:finn-b-I9_IHD",Vascular/heart problems diagnosed by doctor: None of the above || id:ukb-b-13352,MR Egger,365,-2.28108736730735,0.40694071100371,4.11659809187037e-08,IHD,ESTIMATED,1.96652064056841,-3.08134467498373,-1.48083005963096,0.102173046659955,0.0458974979183734,0.227448813927574,FALSE,1.19381344664241e-06
ukb-b-13352,finn-b-I9_IHD,"Ischaemic heart disease, wide definition || id:finn-b-I9_IHD",Vascular/heart problems diagnosed by doctor: None of the above || id:ukb-b-13352,Weighted median,365,-1.43488051268372,0.165916174493632,5.2306334432598e-18,IHD,ESTIMATED,1.95996398454005,-1.7600702391439,-1.10969078622354,0.238143817480379,0.172032779963488,0.329660881002821,FALSE,1.51688369854534e-16
ukb-b-13352,finn-b-I9_IHD,"Ischaemic heart disease, wide definition || id:finn-b-I9_IHD",Vascular/heart problems diagnosed by doctor: None of the above || id:ukb-b-13352,Weighted mode,365,-1.46375203125091,0.806179830922709,0.0702445295039709,IHD,ESTIMATED,1.96650256879936,-3.04910673967465,0.121602677172834,0.23136654960761,0.0474012471391523,1.12930531384935,FALSE,0.568837167416555
ukb-b-13352,finn-b-F5_DEPRESSIO,Depression || id:finn-b-F5_DEPRESSIO,Vascular/heart problems diagnosed by doctor: None of the above || id:ukb-b-13352,Inverse variance weighted,365,-0.36781612498006,0.10010547055803,0.000238515490006694,DD,ESTIMATED,1.95996398454005,-0.564019241929234,-0.171613008030886,0.69224445645028,0.568917843996906,0.842305075403384,FALSE,0.000271252910203691
ukb-b-13352,finn-b-F5_DEPRESSIO,Depression || id:finn-b-F5_DEPRESSIO,Vascular/heart problems diagnosed by doctor: None of the above || id:ukb-b-13352,MR Egger,365,-0.47190857235517,0.268069501979868,0.0791827288767342,DD,ESTIMATED,1.96652064056841,-0.999072781105475,0.0552556363951349,0.623810543839454,0.368220704128485,1.05681073943493,FALSE,0.158365457753468
ukb-b-13352,finn-b-F5_DEPRESSIO,Depression || id:finn-b-F5_DEPRESSIO,Vascular/heart problems diagnosed by doctor: None of the above || id:ukb-b-13352,Weighted median,365,-0.488656603896319,0.147227564083319,0.000903221516178617,DD,ESTIMATED,1.95996398454005,-0.777217327031187,-0.200095880761451,0.613449947150442,0.459683381749476,0.818652256313178,FALSE,0.0014158607550908
ukb-b-13352,finn-b-F5_DEPRESSIO,Depression || id:finn-b-F5_DEPRESSIO,Vascular/heart problems diagnosed by doctor: None of the above || id:ukb-b-13352,Weighted mode,365,-0.616412853359552,0.603754919385764,0.307948923737349,DD,ESTIMATED,1.96650256879936,-1.80369845325691,0.570872746537805,0.539877588351441,0.164688667142727,1.76981097400933,FALSE,0.637894199170223
ukb-b-5076,finn-b-I9_IHD,"Ischaemic heart disease, wide definition || id:finn-b-I9_IHD",Leisure/social activities: None of the above || id:ukb-b-5076,Inverse variance weighted,78,0.755247216817686,0.284558391227271,0.00795196020998469,IHD,ESTIMATED,1.95996398454005,0.197523018513576,1.3129714151218,2.12813756972645,1.21838110996898,3.71720267051457,FALSE,0.00809146828384407
ukb-b-5076,finn-b-I9_IHD,"Ischaemic heart disease, wide definition || id:finn-b-I9_IHD",Leisure/social activities: None of the above || id:ukb-b-5076,MR Egger,78,0.240440077100532,1.05864365050461,0.820939583887588,IHD,ESTIMATED,1.99167260964466,-1.86803148498373,2.3489116391848,1.27180872107964,0.154427355372372,10.4741638494938,FALSE,0.850258854740716
ukb-b-5076,finn-b-I9_IHD,"Ischaemic heart disease, wide definition || id:finn-b-I9_IHD",Leisure/social activities: None of the above || id:ukb-b-5076,Weighted median,78,0.683647994370777,0.390603037316259,0.0800773798856609,IHD,ESTIMATED,1.95996398454005,-0.0819198910210453,1.4492158797626,1.98109157711893,0.921345763808486,4.25977303103699,FALSE,0.0814822461994444
ukb-b-5076,finn-b-I9_IHD,"Ischaemic heart disease, wide definition || id:finn-b-I9_IHD",Leisure/social activities: None of the above || id:ukb-b-5076,Weighted mode,78,0.466541964597704,1.15017368239498,0.686141313850366,IHD,ESTIMATED,1.99125439538838,-1.82374643593135,2.75683036512676,1.59447091200868,0.161419867499183,15.7498424985056,FALSE,0.809774102974155
ukb-b-5076,finn-b-F5_DEPRESSIO,Depression || id:finn-b-F5_DEPRESSIO,Leisure/social activities: None of the above || id:ukb-b-5076,Inverse variance weighted,78,1.25780110092033,0.333511824528162,0.000162344735814165,DD,ESTIMATED,1.95996398454005,0.604129936426886,1.91147226541376,3.5176779580412,1.82965959598334,6.76303846007952,FALSE,0.000204695536461339
ukb-b-5076,finn-b-F5_DEPRESSIO,Depression || id:finn-b-F5_DEPRESSIO,Leisure/social activities: None of the above || id:ukb-b-5076,MR Egger,78,-1.08585012071759,1.20948755678534,0.372139791886848,DD,ESTIMATED,1.99167260964466,-3.494753359273,1.32305311783781,0.337614650653114,0.0303562345971584,3.75486794881649,FALSE,0.501955998359004
ukb-b-5076,finn-b-F5_DEPRESSIO,Depression || id:finn-b-F5_DEPRESSIO,Leisure/social activities: None of the above || id:ukb-b-5076,Weighted median,78,0.999455809665598,0.412225353033856,0.0153279019586091,DD,ESTIMATED,1.95996398454005,0.191508964204931,1.80740265512627,2.71680296818905,1.211075689422,6.09459708623454,FALSE,0.0177803662719866
ukb-b-5076,finn-b-F5_DEPRESSIO,Depression || id:finn-b-F5_DEPRESSIO,Leisure/social activities: None of the above || id:ukb-b-5076,Weighted mode,78,0.160667877922375,1.27883187788602,0.900347177686277,DD,ESTIMATED,1.99125439538838,-2.38581171988094,2.70714747572569,1.17429489478116,0.0920142594537493,14.9864652293618,FALSE,0.949457023741892
ukb-b-20292,finn-b-I9_IHD,"Ischaemic heart disease, wide definition || id:finn-b-I9_IHD",Taking other prescription medications || id:ukb-b-20292,Inverse variance weighted,85,0.994455654331079,0.271216640731165,0.000245751769564602,IHD,ESTIMATED,1.95996398454005,0.462880806490056,1.5260305021721,2.70325243694737,1.58864397507918,4.59988131544556,FALSE,0.000274107742975902
ukb-b-20292,finn-b-I9_IHD,"Ischaemic heart disease, wide definition || id:finn-b-I9_IHD",Taking other prescription medications || id:ukb-b-20292,MR Egger,85,0.843567620548415,0.841667770979334,0.319132418324108,IHD,ESTIMATED,1.98895978017516,-0.830475724199161,2.51761096529599,2.32464565401377,0.435841896458105,12.398939754624,FALSE,0.440706672923768
ukb-b-20292,finn-b-I9_IHD,"Ischaemic heart disease, wide definition || id:finn-b-I9_IHD",Taking other prescription medications || id:ukb-b-20292,Weighted median,85,0.799092740264647,0.337053244921177,0.0177486487642987,IHD,ESTIMATED,1.95996398454005,0.138480519346782,1.45970496118251,2.22352270048561,1.14852730729006,4.30468929053176,FALSE,0.019816086508129
ukb-b-20292,finn-b-I9_IHD,"Ischaemic heart disease, wide definition || id:finn-b-I9_IHD",Taking other prescription medications || id:ukb-b-20292,Weighted mode,85,0.651543399036189,1.09031274649909,0.551731280552872,IHD,ESTIMATED,1.98860966697571,-1.51666306867874,2.81974986675111,1.91849955554369,0.219442932544229,16.772654748767,FALSE,0.704542095426442
ukb-b-20292,finn-b-F5_DEPRESSIO,Depression || id:finn-b-F5_DEPRESSIO,Taking other prescription medications || id:ukb-b-20292,Inverse variance weighted,85,0.895607421141811,0.239630753445601,0.000185897702699981,DD,ESTIMATED,1.95996398454005,0.425939774800235,1.36527506748339,2.44882280453842,1.53102856585539,3.91680028822781,FALSE,0.000224626390762477
ukb-b-20292,finn-b-F5_DEPRESSIO,Depression || id:finn-b-F5_DEPRESSIO,Taking other prescription medications || id:ukb-b-20292,MR Egger,85,0.284743291764513,0.739899969690915,0.70134013854332,DD,ESTIMATED,1.98895978017516,-1.18688798930354,1.75637457283256,1.32942071106894,0.30516947855613,5.79140297837476,FALSE,0.782264000682934
ukb-b-20292,finn-b-F5_DEPRESSIO,Depression || id:finn-b-F5_DEPRESSIO,Taking other prescription medications || id:ukb-b-20292,Weighted median,85,0.767043136810676,0.323584600035711,0.0177661465245295,DD,ESTIMATED,1.95996398454005,0.132828974788884,1.40125729883247,2.15338955261401,1.14205466148802,4.06030177160292,FALSE,0.019816086508129
ukb-b-20292,finn-b-F5_DEPRESSIO,Depression || id:finn-b-F5_DEPRESSIO,Taking other prescription medications || id:ukb-b-20292,Weighted mode,85,0.710184514751984,1.18104317964745,0.549246437844099,DD,ESTIMATED,1.98860966697571,-1.63844936941066,3.05881839891462,2.03436659466583,0.19428106700694,21.3023713800398,FALSE,0.704542095426442
ukb-b-16489,finn-b-I9_IHD,"Ischaemic heart disease, wide definition || id:finn-b-I9_IHD",Qualifications: College or University degree || id:ukb-b-16489,Inverse variance weighted,474,-0.7568814123384,0.0981737565526461,1.26202430951356e-14,IHD,ESTIMATED,1.95996398454005,-0.949298439408589,-0.56446438526821,0.469127162290563,0.387012440912403,0.568664650366136,FALSE,5.63056999629126e-14
ukb-b-16489,finn-b-I9_IHD,"Ischaemic heart disease, wide definition || id:finn-b-I9_IHD",Qualifications: College or University degree || id:ukb-b-16489,MR Egger,474,-1.09092694185208,0.335176859063759,0.00121631919248709,IHD,ESTIMATED,1.96500267646315,-1.74955036700088,-0.432303516703288,0.335904984964905,0.173852095518365,0.649012360695727,FALSE,0.00783850146269461
ukb-b-16489,finn-b-I9_IHD,"Ischaemic heart disease, wide definition || id:finn-b-I9_IHD",Qualifications: College or University degree || id:ukb-b-16489,Weighted median,474,-0.618407971531845,0.13968778875959,9.55206233581706e-06,IHD,ESTIMATED,1.95996398454005,-0.892191006580681,-0.34462493648301,0.538801542540316,0.409756988254679,0.708486030904218,FALSE,2.77009807738695e-05
ukb-b-16489,finn-b-I9_IHD,"Ischaemic heart disease, wide definition || id:finn-b-I9_IHD",Qualifications: College or University degree || id:ukb-b-16489,Weighted mode,474,-0.498374051056656,0.679609743246992,0.463724203168231,IHD,ESTIMATED,1.96499199700668,-1.83380175762476,0.837053655511449,0.607517649778183,0.159804872060697,2.30955220596669,FALSE,0.689641122660445
ukb-b-16489,finn-b-F5_DEPRESSIO,Depression || id:finn-b-F5_DEPRESSIO,Qualifications: College or University degree || id:ukb-b-16489,Inverse variance weighted,474,-0.373701591710308,0.101655159375141,0.000236762286116166,DD,ESTIMATED,1.95996398454005,-0.572942042928263,-0.174461140492353,0.688182240476948,0.563864083669105,0.839909492064391,FALSE,0.000271252910203691
ukb-b-16489,finn-b-F5_DEPRESSIO,Depression || id:finn-b-F5_DEPRESSIO,Qualifications: College or University degree || id:ukb-b-16489,MR Egger,474,-0.841694191629154,0.346512176770576,0.0155108870284462,DD,ESTIMATED,1.96500267646315,-1.52259154641041,-0.160796836847902,0.430979742290508,0.218145818759482,0.851465039857517,FALSE,0.0473490235605201
ukb-b-16489,finn-b-F5_DEPRESSIO,Depression || id:finn-b-F5_DEPRESSIO,Qualifications: College or University degree || id:ukb-b-16489,Weighted median,474,-0.353587575194131,0.134726087729005,0.00867782635405643,DD,ESTIMATED,1.95996398454005,-0.617645854920965,-0.0895292954672973,0.702164497703195,0.539212328659434,0.914361478085158,FALSE,0.0109416071420712
ukb-b-16489,finn-b-F5_DEPRESSIO,Depression || id:finn-b-F5_DEPRESSIO,Qualifications: College or University degree || id:ukb-b-16489,Weighted mode,474,-0.144580945649645,0.76148428338885,0.849494589252086,DD,ESTIMATED,1.96499199700668,-1.6408914683551,1.35172957705581,0.865384860428223,0.193807192278273,3.86410301833948,FALSE,0.929635588238131
ukb-b-18009,finn-b-I9_IHD,"Ischaemic heart disease, wide definition || id:finn-b-I9_IHD","Medication for cholesterol, blood pressure, diabetes, or take exogenous hormones: Blood pressure medication || id:ukb-b-18009",Inverse variance weighted,195,1.60103499945403,0.160497341945563,1.95192589231612e-23,IHD,ESTIMATED,1.95996398454005,1.28646598962632,1.91560400928174,4.95816146406893,3.61997090903176,6.79103940930661,FALSE,1.88686169590558e-22
ukb-b-18009,finn-b-I9_IHD,"Ischaemic heart disease, wide definition || id:finn-b-I9_IHD","Medication for cholesterol, blood pressure, diabetes, or take exogenous hormones: Blood pressure medication || id:ukb-b-18009",MR Egger,195,2.2094081741404,0.479204051259164,7.29423316824681e-06,IHD,ESTIMATED,1.97233167579575,1.2642588446723,3.15455750360849,9.1103230724608,3.540467726941,23.4426615028977,FALSE,0.000105766380939579
ukb-b-18009,finn-b-I9_IHD,"Ischaemic heart disease, wide definition || id:finn-b-I9_IHD","Medication for cholesterol, blood pressure, diabetes, or take exogenous hormones: Blood pressure medication || id:ukb-b-18009",Weighted median,195,1.40093889709181,0.194591696399489,6.04884899643245e-13,IHD,ESTIMATED,1.95996398454005,1.01954618045826,1.78233161372536,4.05900917024543,2.77193651951692,5.94369868434355,FALSE,5.84722069655137e-12
ukb-b-18009,finn-b-I9_IHD,"Ischaemic heart disease, wide definition || id:finn-b-I9_IHD","Medication for cholesterol, blood pressure, diabetes, or take exogenous hormones: Blood pressure medication || id:ukb-b-18009",Weighted mode,195,1.49074069285711,0.810929108251654,0.0675454704956075,IHD,ESTIMATED,1.97226753258213,-0.108628458573414,3.09010984428763,4.44038326141424,0.897063651898175,21.9794921648278,FALSE,0.568837167416555
ukb-b-18009,finn-b-F5_DEPRESSIO,Depression || id:finn-b-F5_DEPRESSIO,"Medication for cholesterol, blood pressure, diabetes, or take exogenous hormones: Blood pressure medication || id:ukb-b-18009",Inverse variance weighted,195,0.452656132563079,0.121789684707972,0.000201839175505331,DD,ESTIMATED,1.95996398454005,0.213952736846965,0.691359528279193,1.57248336770926,1.23856411496477,1.99642788923576,FALSE,0.000238911677128759
ukb-b-18009,finn-b-F5_DEPRESSIO,Depression || id:finn-b-F5_DEPRESSIO,"Medication for cholesterol, blood pressure, diabetes, or take exogenous hormones: Blood pressure medication || id:ukb-b-18009",MR Egger,195,0.202426681999466,0.364679903629205,0.579482401402872,DD,ESTIMATED,1.97233167579575,-0.516843043454556,0.921696407453489,1.22437031344772,0.596400389232832,2.51355078151506,FALSE,0.685917944517685
ukb-b-18009,finn-b-F5_DEPRESSIO,Depression || id:finn-b-F5_DEPRESSIO,"Medication for cholesterol, blood pressure, diabetes, or take exogenous hormones: Blood pressure medication || id:ukb-b-18009",Weighted median,195,0.574903077665874,0.184232694034222,0.00180527808569335,DD,ESTIMATED,1.95996398454005,0.213813632584011,0.935992522747737,1.77695829162218,1.23839183739898,2.54974288008612,FALSE,0.0026286700538983
ukb-b-18009,finn-b-F5_DEPRESSIO,Depression || id:finn-b-F5_DEPRESSIO,"Medication for cholesterol, blood pressure, diabetes, or take exogenous hormones: Blood pressure medication || id:ukb-b-18009",Weighted mode,195,0.744118904399151,0.763821640728987,0.331167893606897,DD,ESTIMATED,1.97226753258213,-0.762341718294245,2.25057952709255,2.1045862761051,0.466572565240097,9.49323582986632,FALSE,0.640257927640001
ukb-b-19809,finn-b-I9_IHD,"Ischaemic heart disease, wide definition || id:finn-b-I9_IHD",Fed-up feelings || id:ukb-b-19809,Inverse variance weighted,180,0.628685557229537,0.175476683979837,0.000340022176693676,IHD,ESTIMATED,1.95996398454005,0.284757576502541,0.972613537956533,1.87514418893227,1.32943970163116,2.64484784452598,FALSE,0.000365209004596911
ukb-b-19809,finn-b-I9_IHD,"Ischaemic heart disease, wide definition || id:finn-b-I9_IHD",Fed-up feelings || id:ukb-b-19809,MR Egger,180,0.328288730969636,0.708123412554085,0.643497999726008,IHD,ESTIMATED,1.97338088854882,-1.06910847809857,1.72568594003784,1.38858984330657,0.343314453378404,5.61637220326672,FALSE,0.731821254590362
ukb-b-19809,finn-b-I9_IHD,"Ischaemic heart disease, wide definition || id:finn-b-I9_IHD",Fed-up feelings || id:ukb-b-19809,Weighted median,180,0.57119018272749,0.232515301846895,0.0140270357932293,IHD,ESTIMATED,1.95996398454005,0.115468565253117,1.02691180020186,1.77037286523897,1.12239923165798,2.79242892686647,FALSE,0.016603430122598
ukb-b-19809,finn-b-I9_IHD,"Ischaemic heart disease, wide definition || id:finn-b-I9_IHD",Fed-up feelings || id:ukb-b-19809,Weighted mode,180,0.340128393619761,1.19154387070295,0.775628029790229,IHD,ESTIMATED,1.97330543384147,-2.01115160109888,2.6914083883384,1.40512798845104,0.133834461976615,14.7524384584402,FALSE,0.865123571689102
ukb-b-19809,finn-b-F5_DEPRESSIO,Depression || id:finn-b-F5_DEPRESSIO,Fed-up feelings || id:ukb-b-19809,Inverse variance weighted,180,1.18886818533813,0.167659934718507,1.33194630501275e-12,DD,ESTIMATED,1.95996398454005,0.860260751639519,1.51747561903674,3.28336294526656,2.36377697207543,4.56069771289974,FALSE,4.29182698281887e-12
ukb-b-19809,finn-b-F5_DEPRESSIO,Depression || id:finn-b-F5_DEPRESSIO,Fed-up feelings || id:ukb-b-19809,MR Egger,180,1.14546136866162,0.676795014545068,0.0923042849001168,DD,ESTIMATED,1.97338088854882,-0.190112978506743,2.48103571582997,3.14389151530529,0.826865710612786,11.9536385813889,FALSE,0.178454950806892
ukb-b-19809,finn-b-F5_DEPRESSIO,Depression || id:finn-b-F5_DEPRESSIO,Fed-up feelings || id:ukb-b-19809,Weighted median,180,0.90003787779032,0.222905676402972,5.39658217386946e-05,DD,ESTIMATED,1.95996398454005,0.463150780090954,1.33692497548969,2.45969627725232,1.58907292491364,3.8073178904975,FALSE,0.000100968311640138
ukb-b-19809,finn-b-F5_DEPRESSIO,Depression || id:finn-b-F5_DEPRESSIO,Fed-up feelings || id:ukb-b-19809,Weighted mode,180,0.754521547847327,1.13533194217608,0.507172917401981,DD,ESTIMATED,1.97330543384147,-1.48583514286253,2.99487823855719,2.12659380652572,0.226313257829891,19.9829265917457,FALSE,0.704542095426442
ukb-b-20531,finn-b-I9_IHD,"Ischaemic heart disease, wide definition || id:finn-b-I9_IHD",Leg fat percentage (right) || id:ukb-b-20531,Inverse variance weighted,562,0.405879351371054,0.0677306759073028,2.06577966459057e-09,IHD,ESTIMATED,1.95996398454005,0.273129665944186,0.538629036797922,1.50062149361022,1.3140706239865,1.71365589183744,FALSE,5.20935741505447e-09
ukb-b-20531,finn-b-I9_IHD,"Ischaemic heart disease, wide definition || id:finn-b-I9_IHD",Leg fat percentage (right) || id:ukb-b-20531,MR Egger,562,0.44900774975268,0.209383460883218,0.0324283345659486,IHD,ESTIMATED,1.96420919804985,0.0377348299663523,0.860280669539007,1.56675679913011,1.03845582899857,2.36382405401646,FALSE,0.0817758002097835
ukb-b-20531,finn-b-I9_IHD,"Ischaemic heart disease, wide definition || id:finn-b-I9_IHD",Leg fat percentage (right) || id:ukb-b-20531,Weighted median,562,0.555617220914237,0.0924166730646422,1.83148240563994e-09,IHD,ESTIMATED,1.95996398454005,0.374483870136525,0.736750571691948,1.74301647905588,1.45424064386229,2.08913597559172,FALSE,9.65690722973785e-09
ukb-b-20531,finn-b-I9_IHD,"Ischaemic heart disease, wide definition || id:finn-b-I9_IHD",Leg fat percentage (right) || id:ukb-b-20531,Weighted mode,562,0.748303517767056,0.465314326984233,0.108361031493549,IHD,ESTIMATED,1.96420161475777,-0.165667634665299,1.66227467019941,2.11341160839338,0.847327809784925,5.27128765858117,FALSE,0.568837167416555
ukb-b-20531,finn-b-F5_DEPRESSIO,Depression || id:finn-b-F5_DEPRESSIO,Leg fat percentage (right) || id:ukb-b-20531,Inverse variance weighted,562,0.229107685520801,0.0627392659424813,0.000260466310950529,DD,ESTIMATED,1.95996398454005,0.106140983857058,0.352074387184545,1.25747744383257,1.1119786364931,1.42201429942447,FALSE,0.000285038604436428
ukb-b-20531,finn-b-F5_DEPRESSIO,Depression || id:finn-b-F5_DEPRESSIO,Leg fat percentage (right) || id:ukb-b-20531,MR Egger,562,0.0472896851935052,0.193808115969888,0.807318168395271,DD,ESTIMATED,1.96420919804985,-0.333389998851261,0.427969369238271,1.04842567848882,0.716490709106327,1.534139088399,FALSE,0.850258854740716
ukb-b-20531,finn-b-F5_DEPRESSIO,Depression || id:finn-b-F5_DEPRESSIO,Leg fat percentage (right) || id:ukb-b-20531,Weighted median,562,0.257192336336295,0.0921528757983675,0.00525566423509034,DD,ESTIMATED,1.95996398454005,0.0765760186997018,0.437808653972888,1.29329385024021,1.07958425580922,1.54930842504315,FALSE,0.00708903547988929
ukb-b-20531,finn-b-F5_DEPRESSIO,Depression || id:finn-b-F5_DEPRESSIO,Leg fat percentage (right) || id:ukb-b-20531,Weighted mode,562,0.269363480957282,0.409115796363497,0.510548664561013,DD,ESTIMATED,1.96420161475777,-0.534222426882809,1.07294938879737,1.30913089872908,0.586124867939943,2.92399078037891,FALSE,0.704542095426442
ukb-b-7212,finn-b-I9_IHD,"Ischaemic heart disease, wide definition || id:finn-b-I9_IHD",Leg fat mass (left) || id:ukb-b-7212,Inverse variance weighted,609,0.251905037572157,0.0483669652454087,1.90676891850927e-07,IHD,ESTIMATED,1.95996398454005,0.157107527649656,0.346702547494659,1.28647386480248,1.17012142754349,1.41439594717474,FALSE,3.56750313785606e-07
ukb-b-7212,finn-b-I9_IHD,"Ischaemic heart disease, wide definition || id:finn-b-I9_IHD",Leg fat mass (left) || id:ukb-b-7212,MR Egger,609,0.296667937725228,0.129840611723704,0.0226650320369965,IHD,ESTIMATED,1.96387984630206,0.0416765771295142,0.551659298320942,1.34536847914853,1.04255723736356,1.73613138906755,FALSE,0.0625986599117047
ukb-b-7212,finn-b-I9_IHD,"Ischaemic heart disease, wide definition || id:finn-b-I9_IHD",Leg fat mass (left) || id:ukb-b-7212,Weighted median,609,0.302849795992095,0.0701047955408308,1.56058661002323e-05,IHD,ESTIMATED,1.95996398454005,0.165446921588523,0.440252670395668,1.3537111163356,1.17992033276039,1.55309959122699,FALSE,3.93539232092816e-05
ukb-b-7212,finn-b-I9_IHD,"Ischaemic heart disease, wide definition || id:finn-b-I9_IHD",Leg fat mass (left) || id:ukb-b-7212,Weighted mode,609,0.375679429035724,0.351628470895938,0.285764670433997,IHD,ESTIMATED,1.96387339312363,-0.314874369221556,1.066233227293,1.45598031393744,0.729880563972835,2.90441858464429,FALSE,0.63747503404507
ukb-b-7212,finn-b-F5_DEPRESSIO,Depression || id:finn-b-F5_DEPRESSIO,Leg fat mass (left) || id:ukb-b-7212,Inverse variance weighted,609,0.158789544721953,0.0449905276306462,0.000416503900679474,DD,ESTIMATED,1.95996398454005,0.0706097309204329,0.246969358523474,1.17209124793262,1.07316232205942,1.28013988680101,FALSE,0.000439222295261991
ukb-b-7212,finn-b-F5_DEPRESSIO,Depression || id:finn-b-F5_DEPRESSIO,Leg fat mass (left) || id:ukb-b-7212,MR Egger,609,0.0916593506862602,0.12068076155101,0.447836916679592,DD,ESTIMATED,1.96387984630206,-0.145343164760153,0.328661866132674,1.0959914097615,0.864725498870573,1.38910807168275,FALSE,0.585575995899373
ukb-b-7212,finn-b-F5_DEPRESSIO,Depression || id:finn-b-F5_DEPRESSIO,Leg fat mass (left) || id:ukb-b-7212,Weighted median,609,0.15695927002484,0.0739412571854809,0.0337742779433158,DD,ESTIMATED,1.95996398454005,0.0120370689696838,0.301881471079996,1.16994796097908,1.01210980603843,1.3524009185888,FALSE,0.0369605305794777
ukb-b-7212,finn-b-F5_DEPRESSIO,Depression || id:finn-b-F5_DEPRESSIO,Leg fat mass (left) || id:ukb-b-7212,Weighted mode,609,0.134827333802772,0.34740752001058,0.698081123253582,DD,ESTIMATED,1.96387339312363,-0.547437051317073,0.817091718922616,1.14433917859758,0.578430399663831,2.26390617857298,FALSE,0.809774102974155
ukb-b-18096,finn-b-I9_IHD,"Ischaemic heart disease, wide definition || id:finn-b-I9_IHD",Leg fat mass (right) || id:ukb-b-18096,Inverse variance weighted,601,0.280583408754666,0.0477815604514393,4.3002072019578e-09,IHD,ESTIMATED,1.95996398454005,0.186933271144721,0.37423354636461,1.32390196307136,1.20554683760541,1.45387665841805,FALSE,1.03921674047314e-08
ukb-b-18096,finn-b-I9_IHD,"Ischaemic heart disease, wide definition || id:finn-b-I9_IHD",Leg fat mass (right) || id:ukb-b-18096,MR Egger,601,0.203395562105164,0.12807364677548,0.11278821822289,IHD,ESTIMATED,1.96393224894528,-0.0481324030372272,0.454923527247555,1.22555715634782,0.95300759762333,1.57605285332574,FALSE,0.204428645528988
ukb-b-18096,finn-b-I9_IHD,"Ischaemic heart disease, wide definition || id:finn-b-I9_IHD",Leg fat mass (right) || id:ukb-b-18096,Weighted median,601,0.388140023360054,0.0707596969917488,4.12707025096089e-08,IHD,ESTIMATED,1.95996398454005,0.249453565699259,0.526826481020849,1.47423619734234,1.28332397282099,1.69354926081287,FALSE,1.99475062129776e-07
ukb-b-18096,finn-b-I9_IHD,"Ischaemic heart disease, wide definition || id:finn-b-I9_IHD",Leg fat mass (right) || id:ukb-b-18096,Weighted mode,601,0.443422099010446,0.346257730776642,0.200824495057259,IHD,ESTIMATED,1.96392562204273,-0.236602330292175,1.12344652831307,1.55802983841915,0.789305108346876,3.07543553403382,FALSE,0.568837167416555
ukb-b-18096,finn-b-F5_DEPRESSIO,Depression || id:finn-b-F5_DEPRESSIO,Leg fat mass (right) || id:ukb-b-18096,Inverse variance weighted,601,0.158233065770209,0.0456278443803455,0.000524531140034531,DD,ESTIMATED,1.95996398454005,0.0688041340925338,0.247661997447885,1.17143918527002,1.0712263718736,1.28102686865892,FALSE,0.000543264395035764
ukb-b-18096,finn-b-F5_DEPRESSIO,Depression || id:finn-b-F5_DEPRESSIO,Leg fat mass (right) || id:ukb-b-18096,MR Egger,601,0.0837234833523361,0.122215473843099,0.493578539455696,DD,ESTIMATED,1.96393224894528,-0.156299427048255,0.323746393752927,1.08732818789022,0.855303051157456,1.3822967035844,FALSE,0.613655654039316
ukb-b-18096,finn-b-F5_DEPRESSIO,Depression || id:finn-b-F5_DEPRESSIO,Leg fat mass (right) || id:ukb-b-18096,Weighted median,601,0.174656953819888,0.0703437507929461,0.013031529940713,DD,ESTIMATED,1.95996398454005,0.0367857357282526,0.312528171911523,1.1908376342335,1.03747070411687,1.36687644815375,FALSE,0.0157464320116948
ukb-b-18096,finn-b-F5_DEPRESSIO,Depression || id:finn-b-F5_DEPRESSIO,Leg fat mass (right) || id:ukb-b-18096,Weighted mode,601,0.160813395595778,0.356509253531008,0.65209648247291,DD,ESTIMATED,1.96392562204273,-0.539344261909095,0.860971053100652,1.17446578787582,0.583130507916542,2.36545656274973,FALSE,0.804714808158059
