"file","bytes","sha256"
"<LOCAL_PROJECT_ROOT>/文章撰写/International Journal of Health Geographics/Revision_2026-09-18/02_analysis/forecast/Figure4_legend.txt",1352,"327798dc17a3a29ebd20142a768b8ed472cc28ae2d0eb71230614705d088d991"
"<LOCAL_PROJECT_ROOT>/文章撰写/International Journal of Health Geographics/Revision_2026-09-18/02_analysis/forecast/audit_archived_arimax.R",1644,"6f7dac6dacbb32ad033bc06cdf51e32692837df01a4b172bd3befbc0cd738ba7"
"<LOCAL_PROJECT_ROOT>/文章撰写/International Journal of Health Geographics/Revision_2026-09-18/02_analysis/forecast/baseline/ARIMAX/DD_1992_2021_matrix.csv",59843,"4f44b38dceb3ef652be34a8579f263d8637db6505b132e4dd53d128ef8b067ac"
"<LOCAL_PROJECT_ROOT>/文章撰写/International Journal of Health Geographics/Revision_2026-09-18/02_analysis/forecast/baseline/ARIMAX/IHD_1992_2021_matrix.csv",53955,"a3a84813893f67b2876aec567c099a60e0798ddb5d909d0b44fb1cddb48e542c"
"<LOCAL_PROJECT_ROOT>/文章撰写/International Journal of Health Geographics/Revision_2026-09-18/02_analysis/forecast/baseline/ARIMAX/SDI_1992_2021_matrix.csv",59837,"acd05b4c0a9259fb94921f8afc656d1fbfcc1a0760070e885e133570723d2df5"
"<LOCAL_PROJECT_ROOT>/文章撰写/International Journal of Health Geographics/Revision_2026-09-18/02_analysis/forecast/baseline/ARIMAX/Top10_Burden_Country_Table_ARIMAX_4X.csv",838,"d43d917ffb38eb779860ac6d82643b1b38afc3dd5f940735d6720fddc2dacbf9"
"<LOCAL_PROJECT_ROOT>/文章撰写/International Journal of Health Geographics/Revision_2026-09-18/02_analysis/forecast/baseline/ARIMAX/baseline_execution.log",1333,"180484f9a5c2aa7886fb46e0ba3df6f3bccf8b14e068e55df67b09e532e33cf0"
"<LOCAL_PROJECT_ROOT>/文章撰写/International Journal of Health Geographics/Revision_2026-09-18/02_analysis/forecast/baseline/ARIMAX/original_model_block.R",4141,"364c7358d23389f8c389ddefc6d33ec6ad6295b65bdb403a00ee3cde19b6100b"
"<LOCAL_PROJECT_ROOT>/文章撰写/International Journal of Health Geographics/Revision_2026-09-18/02_analysis/forecast/baseline/ARIMAX/warnings.log",51,"3058c41f90a6feb418a9e3adebfec74c0a052206a13304e5b59ad5294b3b93f9"
"<LOCAL_PROJECT_ROOT>/文章撰写/International Journal of Health Geographics/Revision_2026-09-18/02_analysis/forecast/baseline/ARIMAX_annual_count.csv",368,"54107bb29ec58edf02ab984401d6eda76a174c3c7dccee352402c172373d7ae1"
"<LOCAL_PROJECT_ROOT>/文章撰写/International Journal of Health Geographics/Revision_2026-09-18/02_analysis/forecast/baseline/ARIMAX_future_prediction.csv",115178,"eebfb8d9cf67a18f9db677a5d0a146d490f3974eb9609e0d6acf1e72eb926d4b"
"<LOCAL_PROJECT_ROOT>/文章撰写/International Journal of Health Geographics/Revision_2026-09-18/02_analysis/forecast/baseline/VARX/DD_1992_2021_matrix.csv",59843,"4f44b38dceb3ef652be34a8579f263d8637db6505b132e4dd53d128ef8b067ac"
"<LOCAL_PROJECT_ROOT>/文章撰写/International Journal of Health Geographics/Revision_2026-09-18/02_analysis/forecast/baseline/VARX/Future_HighBurden_Countries_2030_VARX.csv",1305,"b0aba41e3aae2741a41861c5c998191d6ba6eef65a54a94c850a82b370230bf6"
"<LOCAL_PROJECT_ROOT>/文章撰写/International Journal of Health Geographics/Revision_2026-09-18/02_analysis/forecast/baseline/VARX/Future_Risk_Quartile_2030_VARX.csv",12671,"24a7c2bb97c0106daa4d91ed796f6a2b2363c24233969d4d721a3f36340377f2"
"<LOCAL_PROJECT_ROOT>/文章撰写/International Journal of Health Geographics/Revision_2026-09-18/02_analysis/forecast/baseline/VARX/IHD_1992_2021_matrix.csv",53955,"a3a84813893f67b2876aec567c099a60e0798ddb5d909d0b44fb1cddb48e542c"
"<LOCAL_PROJECT_ROOT>/文章撰写/International Journal of Health Geographics/Revision_2026-09-18/02_analysis/forecast/baseline/VARX/SDI_1992_2021_matrix.csv",59837,"acd05b4c0a9259fb94921f8afc656d1fbfcc1a0760070e885e133570723d2df5"
"<LOCAL_PROJECT_ROOT>/文章撰写/International Journal of Health Geographics/Revision_2026-09-18/02_analysis/forecast/baseline/VARX/baseline_execution.log",255690,"8148d68adfc011fb78ffcdd7779ebca2e5bda02494e9b7415e8824f4c55fbf0b"
"<LOCAL_PROJECT_ROOT>/文章撰写/International Journal of Health Geographics/Revision_2026-09-18/02_analysis/forecast/baseline/VARX/original_model_block.R",4524,"9e509d8ff0a710da898d99b501d05231edae1d9bfbc0b460289a4489f665df33"
"<LOCAL_PROJECT_ROOT>/文章撰写/International Journal of Health Geographics/Revision_2026-09-18/02_analysis/forecast/baseline/VARX/warnings.log",51,"3058c41f90a6feb418a9e3adebfec74c0a052206a13304e5b59ad5294b3b93f9"
"<LOCAL_PROJECT_ROOT>/文章撰写/International Journal of Health Geographics/Revision_2026-09-18/02_analysis/forecast/baseline/VARX_annual_count.csv",368,"bd5d7bf625b10032d77bfffb9d63ebce46be14ff5b857600fadbfda1662e28eb"
"<LOCAL_PROJECT_ROOT>/文章撰写/International Journal of Health Geographics/Revision_2026-09-18/02_analysis/forecast/baseline/VARX_future_prediction.csv",96076,"3eaf16ed85c4e44c0d2fbb3bfec8f0891e7e8790479ac62eeb9a5b094f2c87da"
"<LOCAL_PROJECT_ROOT>/文章撰写/International Journal of Health Geographics/Revision_2026-09-18/02_analysis/forecast/baseline/baseline_reproduced.rds",46162,"950af96b9c90a97e946c930031296c9331a32d8c462a2ab3aad098be9cdd1377"
"<LOCAL_PROJECT_ROOT>/文章撰写/International Journal of Health Geographics/Revision_2026-09-18/02_analysis/forecast/execution_attempt02.log",1556,"ac01bdd359ca7d9d3dd77a4884c175a02ed32969e87962902949cc7e04aa245e"
"<LOCAL_PROJECT_ROOT>/文章撰写/International Journal of Health Geographics/Revision_2026-09-18/02_analysis/forecast/execution_attempt03.log",6586,"487c97a97e7896b16a62129f783c6d83f206ab04b27f74e0f7f34c1b79606939"
"<LOCAL_PROJECT_ROOT>/文章撰写/International Journal of Health Geographics/Revision_2026-09-18/02_analysis/forecast/execution_attempt04.log",5357,"9c3ee38bfa1243aab890389e3a4610ba1693b15192c557aa7df0aaf965ae5367"
"<LOCAL_PROJECT_ROOT>/文章撰写/International Journal of Health Geographics/Revision_2026-09-18/02_analysis/forecast/execution_pre_visual_note.log",6231,"733dbd416a52a718964dbcd5a01d6563764ecda49f9604961854ccd64b3d9a24"
"<LOCAL_PROJECT_ROOT>/文章撰写/International Journal of Health Geographics/Revision_2026-09-18/02_analysis/forecast/forecast_contract.md",5234,"afdd9c9448d8571c52604f50c997451159e56be80a1892252aefedabfcc36a7b"
"<LOCAL_PROJECT_ROOT>/文章撰写/International Journal of Health Geographics/Revision_2026-09-18/02_analysis/forecast/forecast_report.md",11467,"52e6ff7c967d90f3c87d12d8fc0c6242330763e3d5d410effbedf6fb58540afb"
"<LOCAL_PROJECT_ROOT>/文章撰写/International Journal of Health Geographics/Revision_2026-09-18/02_analysis/forecast/input_checksums.csv",393,"ac85e96ff14ffd5c2dd64de622e3946898f15f0071b582a99da5fd022def4962"
"<LOCAL_PROJECT_ROOT>/文章撰写/International Journal of Health Geographics/Revision_2026-09-18/02_analysis/forecast/manuscript_forecast_text.md",1460,"99c24f27e992e0bfd60b01d5ba795dd24a4ba32d7e63faaf90a9fe84b8e69758"
"<LOCAL_PROJECT_ROOT>/文章撰写/International Journal of Health Geographics/Revision_2026-09-18/02_analysis/forecast/model_fit_detail.log",1687095,"a36c9909572e82c4bdcc80087fec32b467f3a79fa2bdc6aced822665bd6d7af7"
"<LOCAL_PROJECT_ROOT>/文章撰写/International Journal of Health Geographics/Revision_2026-09-18/02_analysis/forecast/package_versions.csv",222,"1cd5ec0b7a0654abb517ed370ca5c970f1f5f0b6f09de9283cf92311cf2d546f"
"<LOCAL_PROJECT_ROOT>/文章撰写/International Journal of Health Geographics/Revision_2026-09-18/02_analysis/forecast/prepare_forecast_report.R",17546,"385386b03028ceff3510d9a983743e35326844741412a82ea28bb38d8b7753c7"
"<LOCAL_PROJECT_ROOT>/文章撰写/International Journal of Health Geographics/Revision_2026-09-18/02_analysis/forecast/qa/Figure4_geometry_audit.csv",214,"dcf32fca65fab3cdd62f6079be9ca2fb3f130a23713d89a1eb6278ab58c22d5d"
"<LOCAL_PROJECT_ROOT>/文章撰写/International Journal of Health Geographics/Revision_2026-09-18/02_analysis/forecast/qa/archived_arimax_logclipped_reconstruction.csv",18337,"81f00cb7c52efdaea5f2c1ea6aee2aee65cac477699ab8d7fe8b1c2621b83d86"
"<LOCAL_PROJECT_ROOT>/文章撰写/International Journal of Health Geographics/Revision_2026-09-18/02_analysis/forecast/qa/archived_arimax_variant_comparison.csv",347,"f8d0351659fca07833074ed62c6ada1166b282de61d810a69b9e96e9e15b212d"
"<LOCAL_PROJECT_ROOT>/文章撰写/International Journal of Health Geographics/Revision_2026-09-18/02_analysis/forecast/qa/auto_arima_defaults.txt",778,"43387fe3a486e20ffc37c773b9cbe411efb0c870ca54ae9ffd666ecc320edea1"
"<LOCAL_PROJECT_ROOT>/文章撰写/International Journal of Health Geographics/Revision_2026-09-18/02_analysis/forecast/qa/baseline_saved_output_comparison.csv",237,"2d1a6d456c9c5b212925c7a40f853750543e560428fb66dec45a432a0d20393c"
"<LOCAL_PROJECT_ROOT>/文章撰写/International Journal of Health Geographics/Revision_2026-09-18/02_analysis/forecast/qa/deterministic_gates.csv",177,"d1f0481d2dc4397b6a1dab77a151d23821b75f1c963386d5548de7daa908c54a"
"<LOCAL_PROJECT_ROOT>/文章撰写/International Journal of Health Geographics/Revision_2026-09-18/02_analysis/forecast/qa/full_VARX_clipping_summary.csv",84,"10817aa7b12ea0e30d91b4ba79ca5b4fd04eb5ac9111aa948bc3efcc62db9bf7"
"<LOCAL_PROJECT_ROOT>/文章撰写/International Journal of Health Geographics/Revision_2026-09-18/02_analysis/forecast/qa/independent_review.md",2006,"75aa29071fb95749e578beaee4b917e802d3b5b796c78933a88346adac3d7e01"
"<LOCAL_PROJECT_ROOT>/文章撰写/International Journal of Health Geographics/Revision_2026-09-18/02_analysis/forecast/qa/input_audit.csv",152,"fadeb3b79cc02788d134451d7ec72a8e539014f1d087e86a82aa8340cc21e6c3"
"<LOCAL_PROJECT_ROOT>/文章撰写/International Journal of Health Geographics/Revision_2026-09-18/02_analysis/forecast/qa/run_summary.json",908,"a0223f4f1199888e6fdddd0a0fdcab58166963bb61e5bde923e1eea4ea903936"
"<LOCAL_PROJECT_ROOT>/文章撰写/International Journal of Health Geographics/Revision_2026-09-18/02_analysis/forecast/qa/visual_review.md",1362,"67bb1fd7cbefcadd8148d32d1354ac48360e44146209c8194a9d496221c6c8ba"
"<LOCAL_PROJECT_ROOT>/文章撰写/International Journal of Health Geographics/Revision_2026-09-18/02_analysis/forecast/qa/wrapper_baseline_equivalence.csv",236,"d394da96190050079de219a63b13b442db124bdea1d3dc80be72c8347f48df03"
"<LOCAL_PROJECT_ROOT>/文章撰写/International Journal of Health Geographics/Revision_2026-09-18/02_analysis/forecast/report_execution.log",359,"d7dd939579c90fc15d273ac69a67aa769beceb0024d1dbf97554f38cc705b277"
"<LOCAL_PROJECT_ROOT>/文章撰写/International Journal of Health Geographics/Revision_2026-09-18/02_analysis/forecast/results/Figure4_source.csv",1387,"2a685922a76bfacf69a332946a0231e38d6fc85a27a97958c9019e83b778be6d"
"<LOCAL_PROJECT_ROOT>/文章撰写/International Journal of Health Geographics/Revision_2026-09-18/02_analysis/forecast/results/all_country_counts.csv",6176,"7bf2fa9ffee1a1a9351bf4aa0289f25e81b4ba719b84914308c9cc0a29386ef5"
"<LOCAL_PROJECT_ROOT>/文章撰写/International Journal of Health Geographics/Revision_2026-09-18/02_analysis/forecast/results/all_country_forecasts.csv",2517530,"b036c09322f19100992263f8e6c9369e8f315520569d076bceb669f14f232e50"
"<LOCAL_PROJECT_ROOT>/文章撰写/International Journal of Health Geographics/Revision_2026-09-18/02_analysis/forecast/results/all_fit_results.rds",374598,"7d79b546cab9b861ca950cb975690982c3d5f34b7a1cafb3e93b4d37654a3a39"
"<LOCAL_PROJECT_ROOT>/文章撰写/International Journal of Health Geographics/Revision_2026-09-18/02_analysis/forecast/results/fits_2012_Harmonized_ARIMAX.rds",43333,"c3f4dcecb2b1b704f3348f07ac2a6457a15692616a74c9ebde0518bc0573bb09"
"<LOCAL_PROJECT_ROOT>/文章撰写/International Journal of Health Geographics/Revision_2026-09-18/02_analysis/forecast/results/fits_2012_Harmonized_VARX.rds",44586,"ab5a7c10e6328526051d76dcc3f80e4c35851339ec39d91d0674c3cdcc5c8929"
"<LOCAL_PROJECT_ROOT>/文章撰写/International Journal of Health Geographics/Revision_2026-09-18/02_analysis/forecast/results/fits_2012_Original_ARIMAX.rds",43144,"98936a0f3fc0cc10c0d860a8af7976c758446b4472d76472d6575cbc84699677"
"<LOCAL_PROJECT_ROOT>/文章撰写/International Journal of Health Geographics/Revision_2026-09-18/02_analysis/forecast/results/fits_2012_Original_VARX.rds",38329,"a6d071a28c28be699e92e9251835c2b27b4b72de3b84ca02b87fbee102365e79"
"<LOCAL_PROJECT_ROOT>/文章撰写/International Journal of Health Geographics/Revision_2026-09-18/02_analysis/forecast/results/fits_2015_Harmonized_ARIMAX.rds",33575,"441cc1c147f20beae28f2f46dc3a50490f80e6960beddb010281c26d05083688"
"<LOCAL_PROJECT_ROOT>/文章撰写/International Journal of Health Geographics/Revision_2026-09-18/02_analysis/forecast/results/fits_2015_Harmonized_VARX.rds",34722,"33c8de17a543d27957f7a46dadfe4e9a1cd3768be208be7500640503980d1634"
"<LOCAL_PROJECT_ROOT>/文章撰写/International Journal of Health Geographics/Revision_2026-09-18/02_analysis/forecast/results/fits_2015_Original_ARIMAX.rds",33562,"1bd98b9876e58e384d3f22507ef717e47375a5c8a7803b70176ff2ae2f73d675"
"<LOCAL_PROJECT_ROOT>/文章撰写/International Journal of Health Geographics/Revision_2026-09-18/02_analysis/forecast/results/fits_2015_Original_VARX.rds",32146,"042d2bdd3cd3cc889493b10176be6df7f5ff50534dd25af909ce1e73e1851e6f"
"<LOCAL_PROJECT_ROOT>/文章撰写/International Journal of Health Geographics/Revision_2026-09-18/02_analysis/forecast/results/fits_2018_Harmonized_ARIMAX.rds",24317,"1d9eeeac1d75193f72a61400c3d6743650665364d1993f6c69b75f299df250c1"
"<LOCAL_PROJECT_ROOT>/文章撰写/International Journal of Health Geographics/Revision_2026-09-18/02_analysis/forecast/results/fits_2018_Harmonized_VARX.rds",25756,"2320543b07dcd4bf22e675d0a6efb68c63a92a94f54fc25d81929ce67a29a2b8"
"<LOCAL_PROJECT_ROOT>/文章撰写/International Journal of Health Geographics/Revision_2026-09-18/02_analysis/forecast/results/fits_2018_Original_ARIMAX.rds",24517,"dbe5827e4d9cc6abb63e821d0be8b33a69ada6d741dba9adb559e2c409812e2f"
"<LOCAL_PROJECT_ROOT>/文章撰写/International Journal of Health Geographics/Revision_2026-09-18/02_analysis/forecast/results/fits_2018_Original_VARX.rds",24628,"f7bc88080b99875d1fd1c9a0bd403d439e9a8924d06b2cff2b45297051077047"
"<LOCAL_PROJECT_ROOT>/文章撰写/International Journal of Health Geographics/Revision_2026-09-18/02_analysis/forecast/results/fits_2021_Harmonized_ARIMAX.rds",41130,"7d47c04e34588cb67604de984fc7fd5bd6a4996e056d068b840142bfa292ea69"
"<LOCAL_PROJECT_ROOT>/文章撰写/International Journal of Health Geographics/Revision_2026-09-18/02_analysis/forecast/results/fits_2021_Harmonized_VARX.rds",44841,"32944802b5cba029d40a39919948fcf3fb751ad58b966e524cf2a58b1b6d477c"
"<LOCAL_PROJECT_ROOT>/文章撰写/International Journal of Health Geographics/Revision_2026-09-18/02_analysis/forecast/results/fits_2021_Original_ARIMAX.rds",41101,"3500961985771e8279d9add434ba561d77f9dae66218ed83b320da389d011bf1"
"<LOCAL_PROJECT_ROOT>/文章撰写/International Journal of Health Geographics/Revision_2026-09-18/02_analysis/forecast/results/fits_2021_Original_VARX.rds",32958,"5ac90318b355d60bb790f0ab4369867995beff223775511b107a34c16cbd0002"
"<LOCAL_PROJECT_ROOT>/文章撰写/International Journal of Health Geographics/Revision_2026-09-18/02_analysis/forecast/results/high_high_countries_2030.csv",5550,"f8af0cd03fa531c61da06ee63a7695cddc829b42705c6176f7c02a328241c599"
"<LOCAL_PROJECT_ROOT>/文章撰写/International Journal of Health Geographics/Revision_2026-09-18/02_analysis/forecast/results/historical_country_source.csv",303936,"85a57b5285a8e26d85f8641cc8bb4356079381f7be9aa9144680003d38e7ad99"
"<LOCAL_PROJECT_ROOT>/文章撰写/International Journal of Health Geographics/Revision_2026-09-18/02_analysis/forecast/results/historical_counts.csv",287,"48bd48a41966f2a2aa181b35502b90634cedb1fb58a05cbba9a5f4de99653012"
"<LOCAL_PROJECT_ROOT>/文章撰写/International Journal of Health Geographics/Revision_2026-09-18/02_analysis/forecast/results/model_diagnostic_summary.csv",1322,"bbf38ddacbfcc9a9756812ca7f32c2fb639880064765e71eaabcea041a49ad36"
"<LOCAL_PROJECT_ROOT>/文章撰写/International Journal of Health Geographics/Revision_2026-09-18/02_analysis/forecast/results/model_diagnostics.csv",546864,"0ec9bb32fed08ac2789f60b16bd61c4d5001f51974da8c1a11e21ad9439052a3"
"<LOCAL_PROJECT_ROOT>/文章撰写/International Journal of Health Geographics/Revision_2026-09-18/02_analysis/forecast/results/rolling_origin_predictions.csv",2677997,"720a0f4d3f77d5dc63af217ecbd77bd380fe40f518a5bb1503c9e94bf0536d84"
"<LOCAL_PROJECT_ROOT>/文章撰写/International Journal of Health Geographics/Revision_2026-09-18/02_analysis/forecast/results/validation_count_metrics.csv",4880,"ab8bdbdf327c54e5a0bfd3d8f61ecc103a2f4791c38308f89f938754d95c2137"
"<LOCAL_PROJECT_ROOT>/文章撰写/International Journal of Health Geographics/Revision_2026-09-18/02_analysis/forecast/results/validation_rate_metrics_by_horizon.csv",13542,"17e0cb894ec5be1b398a0a8ff17c2c04d29992c5b24e894ebb2486fc34e37596"
"<LOCAL_PROJECT_ROOT>/文章撰写/International Journal of Health Geographics/Revision_2026-09-18/02_analysis/forecast/results/validation_summary.csv",1025,"94a34a4a03ffd911a7160a88a0e5fee5c1071ae134c6ade0fc59232c08928c31"
"<LOCAL_PROJECT_ROOT>/文章撰写/International Journal of Health Geographics/Revision_2026-09-18/02_analysis/forecast/run_forecast_revision.R",23655,"1ec82612158655ac00d3cb12935f8e0c0543f03560dcc8bc139ec65df15d92d6"
"<LOCAL_PROJECT_ROOT>/文章撰写/International Journal of Health Geographics/Revision_2026-09-18/02_analysis/forecast/sessionInfo.txt",1970,"1cfe8c42a4d3c5a048e76e05774826e0ca69a479485986d7693c1206b3d491e7"
"<LOCAL_PROJECT_ROOT>/文章撰写/International Journal of Health Geographics/Revision_2026-09-18/02_analysis/forecast/source_artifact_checksums.csv",509,"80df34ce0e53f9ea31185e4bfe03bf379c7d9129ea024febb050d4c59f4d9c70"
"<LOCAL_PROJECT_ROOT>/文章撰写/International Journal of Health Geographics/Revision_2026-09-18/03_figures/Figure4_forecast_revision.pdf",43670,"7bf8785433852f750d49b3851788799b6acf6edd3708828f010d21874c9f5b34"
"<LOCAL_PROJECT_ROOT>/文章撰写/International Journal of Health Geographics/Revision_2026-09-18/03_figures/Figure4_forecast_revision.png",132298,"c989d7bf9a76dc8c2cf1eaf7b120ce45aed76f732a838c2159285744c6f3988e"
"<LOCAL_PROJECT_ROOT>/文章撰写/International Journal of Health Geographics/Revision_2026-09-18/03_figures/Figure4_forecast_revision.svg",19124,"6045b6a61221f53fbe890680edb2ff829ef891de28610e63fe15ec04c23b22e5"
"<LOCAL_PROJECT_ROOT>/文章撰写/International Journal of Health Geographics/Revision_2026-09-18/03_figures/Figure4_forecast_revision.tiff",353086,"7b63db6a3a583facf34469fcf2c947979f427dfd047ac921c977d9a15418633f"
