location_name,ISO3,longitude,latitude,selected_lag_BIC,primary_direction,IHD_to_DD_p,IHD_to_DD_q,DD_to_IHD_p,DD_to_IHD_q,HC3_direction,IHD_to_DD_p_HC3,IHD_to_DD_q_HC3,DD_to_IHD_p_HC3,DD_to_IHD_q_HC3,IHD_to_DD_BG_p,DD_to_IHD_BG_p,diagnostics,small_island_excluded
American Samoa,ASM,-170.7046,-14.274,3,DD -> IHD,0.00872897024030117,0.356141985804288,0.00019686388110524,0.000257437382983775,Neither,0.644637974246274,0.916769859708322,0.681025196043847,0.965817692352022,0.137003473813557,0.0738060629789123,Influence flag,TRUE
Antigua and Barbuda,ATG,-61.85,17.1167,3,DD -> IHD,0.213660455375053,0.718816670460909,0.0143873249008988,0.0165887345851649,Neither,0.834232592024013,0.916769859708322,0.874076196261479,0.996153877303585,0.727393611629378,0.901443241825774,Influence flag,TRUE
Arab Republic of Egypt,EGY,31.2358,30.0444,3,DD -> IHD,0.660874258786947,0.761685586398515,0.000000000328129181439224,0.000000000625592084239267,Neither,0.679059975689265,0.916769859708322,0.644734742274889,0.965817692352022,0.812596083304292,0.461042664332448,Influence flag,FALSE
Argentine Republic,ARG,-58.3814,-34.6036,3,DD -> IHD,0.302507446562462,0.718816670460909,0.00000000192317033748256,0.00000000332480295632578,Neither,0.776201599154158,0.916769859708322,0.670502887043939,0.965817692352022,0.386908466181176,0.154537843760329,Influence flag,FALSE
Australia,AUS,144.9631,-37.8142,3,DD -> IHD,0.106878953418238,0.718816670460909,0.0000000000000000023384305414675,0.00000000000000000836911983262054,Neither,0.801615058678381,0.916769859708322,0.0205063534308544,0.209164804994715,0.0329479165784603,0.176979912450151,Residual serial correlation flag,FALSE
Barbados,BRB,-59.6131,13.0969,3,DD -> IHD,0.535864187047451,0.718816670460909,0.000000000456908899522205,0.000000000855132252316788,Neither,0.81689018215253,0.916769859708322,0.953134936340034,0.998138144554251,0.0805359769249485,0.258361244190749,Influence flag,TRUE
Belize,BLZ,-88.1886,17.4986,3,DD -> IHD,0.3510335850599,0.718816670460909,0.00366743510478352,0.00437518573903999,Neither,0.816832519542359,0.916769859708322,0.870740552496958,0.996153877303585,0.445449237801452,0.60704151547425,Influence flag,TRUE
Bermuda,BMU,-64.7819,32.2942,2,DD -> IHD,0.58915746110204,0.729734302009361,0.0122528093914768,0.0142832749477786,Neither,0.694350650646357,0.916769859708322,0.858989898624911,0.995669705266118,0.944382874012028,0.0750893761331438,Influence flag,FALSE
Bolivarian Republic of Venezuela,VEN,-66.9036,10.4806,3,DD -> IHD,0.705171171956598,0.777594157184573,0.00000000000000781380741206889,0.0000000000000207015157410656,Neither,0.809922937579137,0.916769859708322,0.0741605437492889,0.498177122702286,0.489137953176605,0.418005264189543,Influence flag,FALSE
Bosnia and Herzegovina,BIH,18.4131,43.8564,2,DD -> IHD,0.296096792036179,0.718816670460909,0.0000463743651257369,0.0000622392795108574,Neither,0.610677232141938,0.916769859708322,0.316649928827731,0.827630372655187,0.188545930034566,0.00857412941223875,Residual serial correlation flag,FALSE
Brunei Darussalam,BRN,114.9422,4.8903,2,DD -> IHD,0.30354488063193,0.718816670460909,0.0000000000000000506753830794945,0.000000000000000164091716638363,Neither,0.557385709844541,0.916769859708322,0.655169601709607,0.965817692352022,0.0772280950952905,0.586015059629215,Influence flag,FALSE
Burkina Faso,BFA,-1.5275,12.3686,3,DD -> IHD,0.252739684683083,0.718816670460909,0.00000301158552197816,0.00000445190903248946,Neither,0.910542252438218,0.92413243531043,0.319038419522561,0.827630372655187,0.0608742845990854,0.779469991802421,Influence flag,FALSE
Canada,CAN,-79.3733,43.7417,2,DD -> IHD,0.480763034844684,0.718816670460909,0.0230174329785636,0.0259423001526352,Neither,0.618920765726806,0.916769859708322,0.0757033862929944,0.498177122702286,0.152651669177094,0.0160973974362388,Residual serial correlation flag,FALSE
Central African Republic,CAF,18.5628,4.3733,2,DD -> IHD,0.388742803715453,0.718816670460909,0.0000000000000000000855172741194249,0.000000000000000000371181360007717,Neither,0.63047426728723,0.916769859708322,0.583538211125255,0.952675610449616,0.885472802658058,0.229182461274979,Influence flag,FALSE
Commonwealth of Dominica,DMA,-61.3883,15.3014,3,Neither,0.415077055793256,0.718816670460909,0.900507394568964,0.904943391586545,Neither,0.836194687459427,0.916769859708322,0.993245310512318,0.998138144554251,0.186099109084975,0.861081890905368,Influence flag,TRUE
Commonwealth of the Bahamas,BHS,-77.3503,25.0442,3,DD -> IHD,0.251285264869039,0.718816670460909,0.00000490588420268486,0.00000704788998132192,Neither,0.83313604058499,0.916769859708322,0.931926071053444,0.998138144554251,0.439272287332673,0.884573905405328,Influence flag,TRUE
Cook Islands,COK,-159.771,-21.207,3,DD -> IHD,0.434820689202426,0.718816670460909,0.000280894796154602,0.000364984321118082,Neither,0.811779548812426,0.916769859708322,0.859009157484494,0.995669705266118,0.14506194321007,0.105949160137714,Influence flag,TRUE
Czech Republic,CZE,14.4214,50.0875,3,DD -> IHD,0.32327688798614,0.718816670460909,0.00266393490257585,0.00319672188309102,Neither,0.81321028589877,0.916769859708322,0.314552210853704,0.827630372655187,0.245261826176984,0.124666429645864,Influence flag,FALSE
Democratic People's Republic of Korea,PRK,125.7475,39.0167,2,DD -> IHD,0.248028209270584,0.718816670460909,0.000000000000263733449183184,0.000000000000591226633333731,Neither,0.377036449972928,0.916769859708322,0.489099070408621,0.945467922761366,0.777377465520653,0.0365663273204601,Residual serial correlation flag,FALSE
Democratic Republic of Sao Tome and Principe,STP,6.7306,0.3361,2,DD -> IHD,0.162461090691404,0.718816670460909,0.000000000000000506270366620478,0.00000000000000143443270542469,Neither,0.508186226667756,0.916769859708322,0.0636384668430449,0.447663697792454,0.105235044803045,0.241444390218011,Influence flag,TRUE
Democratic Republic of Timor-Leste,TLS,125.5795,-8.5594,3,DD -> IHD,0.761010257551835,0.807147069527652,0.0000000000000000000114420317981227,0.0000000000000000000569310850443177,Neither,0.866148000547689,0.916769859708322,0.197163794304832,0.772969673482261,0.389850585698977,0.740364035657139,Influence flag,FALSE
Democratic Republic of the Congo,COD,15.3119,-4.3219,3,DD -> IHD,0.41772691743452,0.718816670460909,0.0000000000000332015726465569,0.000000000000077851963447099,Neither,0.812619670359418,0.916769859708322,0.403129999256912,0.891657103762153,0.0767493201919484,0.442776926829229,Influence flag,FALSE
Democratic Socialist Republic of Sri Lanka,LKA,79.8333,6.9167,3,DD -> IHD,0.109783661476448,0.718816670460909,0.0000000000000000000789511305267458,0.000000000000000000350131100596873,Neither,0.611196590715143,0.916769859708322,0.520584711179043,0.952675610449616,0.391152033112343,0.00770686894701218,Residual serial correlation flag,FALSE
Dominican Republic,DOM,-70.6889,19.4572,2,DD -> IHD,0.445027973965701,0.718816670460909,0.0000000000000323573705765976,0.0000000000000767546929956501,Neither,0.734654144122665,0.916769859708322,0.00325530740204846,0.0553402258348238,0.00841906917499326,0.0488069389546289,Residual serial correlation flag,TRUE
Eastern Republic of Uruguay,URY,-56.1842,-34.9056,2,DD -> IHD,0.559584207953355,0.72710304727697,0.00000000000000741661016131774,0.0000000000000199077430645897,Neither,0.701310763881794,0.916769859708322,0.188155514229969,0.752622056919876,0.0658549532987888,0.0557599872185002,Influence flag,FALSE
Federal Democratic Republic of Ethiopia,ETH,38.74,9.03,2,DD -> IHD,0.336364035452612,0.718816670460909,0.000000000000000000000000923652423150125,0.0000000000000000000000099171102275066,DD -> IHD,0.505570364549097,0.916769859708322,0.00141958571448505,0.0263268623413591,0.753419946172979,0.0211707674976839,Residual serial correlation flag,FALSE
Federal Democratic Republic of Nepal,NPL,85.32,27.71,2,DD -> IHD,0.496734694017139,0.718816670460909,0.000000000000000000000100725062470002,0.000000000000000000000662835894963886,Neither,0.786023428749602,0.916769859708322,0.254909792148005,0.816846289062875,0.0135462122527017,0.15016278701172,Residual serial correlation flag,FALSE
Federal Republic of Germany,DEU,13.405,52.52,2,DD -> IHD,0.312889979367046,0.718816670460909,0.00000000234174908828434,0.00000000401442700848744,Neither,0.43318537938682,0.916769859708322,0.637618244793296,0.965817692352022,0.771079041186744,0.0923147693982803,Influence flag,FALSE
Federal Republic of Nigeria,NGA,3.3841,6.455,3,DD -> IHD,0.205120582516119,0.718816670460909,0.00000000000235993319324517,0.0000000000049631584682682,Neither,0.840596564375738,0.916769859708322,0.711175394718815,0.967016766223359,0.293255067383834,0.0250254808200886,Residual serial correlation flag,FALSE
Federal Republic of Somalia,SOM,45.3419,2.0392,3,DD -> IHD,0.474130162046664,0.718816670460909,0.000000000000000728605667823662,0.00000000000000203610351008256,Neither,0.80963067067242,0.916769859708322,0.502106131749182,0.94842269330401,0.302778526700774,0.266404701117015,Influence flag,FALSE
Federated States of Micronesia,FSM,151.8583,7.4417,3,DD -> IHD,0.535564357666056,0.718816670460909,0.0000000000000297744398777462,0.0000000000000723093539888122,Neither,0.671891492316707,0.916769859708322,0.809339244681646,0.982769082827713,0.269107776207464,0.695243726532315,Influence flag,TRUE
Federative Republic of Brazil,BRA,-46.6339,-23.5504,2,DD -> IHD,0.929218136296343,0.929218136296343,0.00000000000131679534765033,0.00000000000282764474653334,Neither,0.947338586019986,0.947338586019986,0.10653419182917,0.580725411543763,0.43011150183791,0.124417790618873,Influence flag,FALSE
French Republic,FRA,2.3522,48.8567,3,DD -> IHD,0.867387605372189,0.87166045071885,0.000000000000000000000000000465882290751559,0.0000000000000000000000000346826049909825,Neither,0.888039909621229,0.916769859708322,0.119081677657932,0.588827216520286,0.0469082463236492,0.0475690447599947,Residual serial correlation flag,FALSE
Gabonese Republic,GAB,9.4544,0.3901,2,DD -> IHD,0.311988818515287,0.718816670460909,0.00000000000000000000000000436008413462131,0.000000000000000000000000127065309066107,DD -> IHD,0.619068185834891,0.916769859708322,0.000620545738715475,0.0164604470780552,0.248214080901806,0.0581037504701105,Influence flag,FALSE
Georgia,GEO,44.7925,41.7225,2,DD -> IHD,0.57979437237034,0.72919300389818,0.000000000000000000000000339716283309186,0.00000000000000000000000533093244577492,DD -> IHD,0.78996320425003,0.916769859708322,0.00123613622099915,0.0252171789083827,0.889038332341027,0.0224775048749351,Residual serial correlation flag,FALSE
Grand Duchy of Luxembourg,LUX,6.1319,49.6117,3,Neither,0.420057466607262,0.718816670460909,0.459783649481229,0.469559436259623,Neither,0.793082993891032,0.916769859708322,0.84458468288595,0.995669705266118,0.637017446110262,0.149291121045701,Influence flag,FALSE
Greenland,GRL,-51.7361,64.1767,2,DD -> IHD,0.630453683721514,0.749405188578252,0.00079779127976687,0.00100462605600273,Neither,0.824583666740706,0.916769859708322,0.345214331085113,0.83943457777099,0.00165005390949962,0.701706569442766,Residual serial correlation flag,FALSE
Grenada,GRD,-61.75,12.05,2,Neither,0.513443721956264,0.718816670460909,0.852723843473201,0.861166653804618,Neither,0.59410511359158,0.916769859708322,0.873170524141622,0.996153877303585,0.359698118770241,0.0767269646306044,Influence flag,TRUE
Guam,GUM,144.7332,13.4692,2,DD -> IHD,0.461820203004317,0.718816670460909,0.0000776600390358372,0.000102874337424096,Neither,0.616781436161404,0.916769859708322,0.960548489159107,0.998138144554251,0.176494071687312,0.0572957364216918,Influence flag,TRUE
Hashemite Kingdom of Jordan,JOR,35.9328,31.9497,3,DD -> IHD,0.778202533216255,0.814119573210851,0.0000000000000000000000049811371249808,0.0000000000000000000000433196487770884,Neither,0.847233541987806,0.916769859708322,0.5661273650126,0.952675610449616,0.326849877291846,0.626989795520842,Influence flag,FALSE
Hellenic Republic,GRC,23.7281,37.9842,3,DD -> IHD,0.0651347624112152,0.531499661275516,0.0000382160067841672,0.0000516295720792723,Neither,0.420701979037732,0.916769859708322,0.113867727753679,0.580725411543763,0.00157329824650684,0.21510220144709,Residual serial correlation flag,FALSE
Hungary,HUN,19.0408,47.4983,2,DD -> IHD,0.4597969257955,0.718816670460909,0.000000000000000000935014814811145,0.00000000000000000346805494948134,Neither,0.584830832397725,0.916769859708322,0.410861606635502,0.891657103762153,0.957757682916572,0.12067198557268,Influence flag,FALSE
Independent State of Papua New Guinea,PNG,147.1494,-9.4789,3,Neither,0.397817339813157,0.718816670460909,0.295169582525804,0.307217320588082,Neither,0.806330560475568,0.916769859708322,0.721896409495097,0.967016766223359,0.0172090479573908,0.0254027356524007,Residual serial correlation flag,TRUE
Independent State of Samoa,WSM,-171.75,-13.8333,3,Neither,0.688563951127304,0.772661502849497,0.460352388489827,0.469559436259623,Neither,0.780478225940453,0.916769859708322,0.643302311392373,0.965817692352022,0.989100605647836,0.895737143560717,Influence flag,TRUE
Ireland,IRL,-6.2603,53.3497,2,Neither,0.221551693922069,0.718816670460909,0.154165952746587,0.161281304411814,Neither,0.517844001214668,0.916769859708322,0.965640353105749,0.998138144554251,0.336345011430465,0.0850917988099694,Influence flag,FALSE
Islamic Republic of Afghanistan,AFG,69.1783,34.5253,3,DD -> IHD,0.701092876169135,0.777594157184573,0.00000424439619326878,0.00000618469159590593,Neither,0.822518014018217,0.916769859708322,0.324308923628388,0.827630372655187,0.681603982000033,0.597989841048567,Influence flag,FALSE
Islamic Republic of Iran,IRN,51.3897,35.6889,3,DD -> IHD,0.396578111880222,0.718816670460909,0.0000000000000000216458928424378,0.0000000000000000735960356642885,Neither,0.584755522897025,0.916769859708322,0.645453423083102,0.965817692352022,0.804381339440413,0.30748451624329,Influence flag,FALSE
Islamic Republic of Mauritania,MRT,-15.9785,18.0858,3,DD -> IHD,0.0411383254156904,0.486773875656861,0.00000000307976817432421,0.00000000519233642613337,Neither,0.776213583320759,0.916769859708322,0.35739510470565,0.83943457777099,0.209862555590316,0.379469106161543,Influence flag,FALSE
Islamic Republic of Pakistan,PAK,67.01,24.86,3,DD -> IHD,0.355456272546219,0.718816670460909,0.0000000709901931319717,0.000000111399995376325,Neither,0.805988384171359,0.916769859708322,0.200820552424313,0.772969673482261,0.0428848173411135,0.80673322558922,Residual serial correlation flag,FALSE
Jamaica,JAM,-76.7931,17.9714,3,DD -> IHD,0.425756561182057,0.718816670460909,0.000000000000000186660151506633,0.000000000000000568338371751539,Neither,0.838158959099726,0.916769859708322,0.363874916848622,0.843528216330897,0.289904886750571,0.15160734673509,Influence flag,TRUE
Japan,JPN,139.7495,35.687,2,DD -> IHD,0.500380964419804,0.718816670460909,0.0000000000000227149833042704,0.0000000000000558295975189296,DD -> IHD,0.696751130146649,0.916769859708322,0.000817140370626103,0.0185218484008583,0.03837485888827,0.245750191531197,Residual serial correlation flag,FALSE
Kingdom of Bahrain,BHR,50.5875,26.2233,2,DD -> IHD,0.248248273335927,0.718816670460909,0.00000000000000000000000101192721871041,0.0000000000000000000000103216576308462,Neither,0.627681393972149,0.916769859708322,0.321196453205648,0.827630372655187,0.318467935229519,0.0246806062452452,Residual serial correlation flag,TRUE
Kingdom of Belgium,BEL,4.3525,50.8467,3,DD -> IHD,0.646545652891041,0.749405188578252,0.000775482241490331,0.000982598616546755,Neither,0.938638375363462,0.943262209724858,0.669290028642532,0.965817692352022,0.194968042058141,0.721253846406632,Influence flag,FALSE
Kingdom of Bhutan,BTN,89.6361,27.4722,3,DD -> IHD,0.190778368415406,0.718816670460909,0.000000000000000000840636733039872,0.00000000000000000317573876926174,Neither,0.811702394693566,0.916769859708322,0.613784450085389,0.96316944474938,0.249149577938818,0.270473016253366,Influence flag,FALSE
Kingdom of Cambodia,KHM,104.921,11.5696,3,DD -> IHD,0.835290650259899,0.856277852527736,0.00000000000000000000427890955153371,0.0000000000000000000229709881187599,Neither,0.873775677246583,0.916769859708322,0.0890370085170482,0.534222051102289,0.793438199472798,0.423848398705846,Influence flag,FALSE
Kingdom of Denmark,DNK,12.5615,55.6805,2,DD -> IHD,0.28653430287625,0.718816670460909,0.00000000000000000000000000129318737019239,0.0000000000000000000000000534500929075645,Neither,0.50034474510454,0.916769859708322,0.0448597554883387,0.365616623123299,0.24065020723381,0.185749729799819,Influence flag,FALSE
Kingdom of Eswatini,SWZ,31.388,-26.495,3,DD -> IHD,0.862919793223636,0.871463553552582,0.0000000000000149387449120942,0.0000000000000380937995258401,Neither,0.907338900351611,0.92413243531043,0.998726251865621,0.998726251865621,0.719398649458357,0.557232406867421,Influence flag,FALSE
Kingdom of Lesotho,LSO,27.48,-29.31,2,DD -> IHD,0.441717005522321,0.718816670460909,0.00000000681968142130978,0.0000000113106911377821,Neither,0.639151591214443,0.916769859708322,0.955543277926687,0.998138144554251,0.22563831404684,0.046170246648821,Residual serial correlation flag,FALSE
Kingdom of Morocco,MAR,-7.5833,33.5333,2,Neither,0.169060613782816,0.718816670460909,0.0514205047202478,0.0567015295293544,Neither,0.624157409643628,0.916769859708322,0.389579221960986,0.883046236444902,0.219102448131799,0.973647480100339,Influence flag,FALSE
Kingdom of Norway,NOR,10.7389,59.9133,3,DD -> IHD,0.671320979852505,0.769379100505118,0.00000542812583123413,0.0000077436200669354,DD -> IHD,0.79028283008314,0.916769859708322,0.000329202041801127,0.0111928694212383,0.750029452983917,0.031125449532466,Residual serial correlation flag,FALSE
Kingdom of Saudi Arabia,SAU,46.71,24.65,3,DD -> IHD,0.732086135993311,0.787561682026455,0.000000000353549363384011,0.000000000667815464169799,Neither,0.845575823795835,0.916769859708322,0.0123749895965801,0.157781117356396,0.913124609363177,0.156311163490402,Influence flag,FALSE
Kingdom of Spain,ESP,-3.7033,40.4169,2,DD -> IHD,0.0344701975570623,0.486773875656861,0.00126543552418745,0.00157407833496487,Neither,0.461464260862337,0.916769859708322,0.95005945150864,0.998138144554251,0.415667144182889,0.0402029614708192,Residual serial correlation flag,FALSE
Kingdom of Sweden,SWE,18.0547,59.3275,2,DD -> IHD,0.200749500315152,0.718816670460909,0.0143931667724225,0.0165887345851649,Neither,0.570274939328737,0.916769859708322,0.678344760808375,0.965817692352022,0.00261086451409813,0.054531874759105,Residual serial correlation flag,FALSE
Kingdom of Thailand,THA,100.4942,13.7525,3,DD -> IHD,0.572283861761704,0.72919300389818,0.00000000000516661949787659,0.0000000000107550038527227,Neither,0.815375315709608,0.916769859708322,0.180354941936698,0.735848163101728,0.872310544139311,0.550651597195969,Influence flag,FALSE
Kingdom of Tonga,TON,-175.2,-21.1333,3,DD -> IHD,0.68933526234612,0.772661502849497,0.000000362140310493236,0.000000555463333388122,Neither,0.743829716724665,0.916769859708322,0.746769853808915,0.97409477517071,0.595957056602987,0.269775941575419,Influence flag,TRUE
Kingdom of the Netherlands,NLD,5.0911,51.5572,3,DD -> IHD,0.0394788141551611,0.486773875656861,0.0000000000000167397129353962,0.0000000000000416451394978149,Neither,0.771012119873445,0.916769859708322,0.0483904354133778,0.365616623123299,0.0755013830759414,0.203282080660608,Influence flag,FALSE
Kyrgyz Republic,KGZ,74.5667,42.8667,3,DD -> IHD,0.782832481262443,0.814784827436421,0.00000000000000000336520297330085,0.0000000000000000116356170602267,Neither,0.882676500330498,0.916769859708322,0.594207811254331,0.952675610449616,0.000343581934722761,0.0383615915796786,Residual serial correlation flag,FALSE
Lao People's Democratic Republic,LAO,102.63,17.98,3,DD -> IHD,0.246666703444048,0.718816670460909,0.00000000000114137542930716,0.00000000000247702752743255,Neither,0.748891317861061,0.916769859708322,0.851886246094445,0.995669705266118,0.620311708987034,0.0747583390372288,Influence flag,FALSE
Lebanese Republic,LBN,35.5058,33.8981,3,DD -> IHD,0.243074702843195,0.718816670460909,0.000515503830508677,0.00066140114103,Neither,0.877140598393154,0.916769859708322,0.80023528637913,0.982769082827713,0.000911743059164081,0.100677468946676,Residual serial correlation flag,FALSE
Malaysia,MYS,101.698,3.1686,3,DD -> IHD,0.364225471785729,0.718816670460909,0.000000074219939555724,0.000000115579142514257,Neither,0.775482419236766,0.916769859708322,0.241033909551429,0.816846289062875,0.737523760479009,0.110123621364861,Influence flag,FALSE
Mongolia,MNG,106.9055,47.9214,2,DD -> IHD,0.0318567615919979,0.486773875656861,0.0391857260064648,0.0436824486629443,Neither,0.612834454546909,0.916769859708322,0.579266682516574,0.952675610449616,0.101043603631422,0.107680673694294,Influence flag,FALSE
Montenegro,MNE,19.2628,42.4414,2,DD -> IHD,0.645700900450724,0.749405188578252,0.00000000000000000000000000131005129675403,0.0000000000000000000000000534500929075645,Neither,0.650411704139159,0.916769859708322,0.108367744605292,0.580725411543763,0.756368290516084,0.157223993488243,Influence flag,FALSE
New Zealand,NZL,174.7653,-36.8492,2,DD -> IHD,0.0499378947515102,0.486773875656861,0.00170037369505958,0.00206473948685806,Neither,0.087699668997277,0.916769859708322,0.440839433345875,0.899312444025585,0.0941999150711085,0.00946131798199817,Residual serial correlation flag,FALSE
North Macedonia,MKD,21.4317,41.9961,2,DD -> IHD,0.394159282235172,0.718816670460909,0.000000000000000000000000616153617425257,0.00000000000000000000000785595862217202,Neither,0.67817410091146,0.916769859708322,0.792393348752423,0.982769082827713,0.888589509593377,0.40287289008475,Influence flag,FALSE
Northern Mariana Islands,MNP,145.7546,15.2137,3,Neither,0.423925847162418,0.718816670460909,0.132198981715582,0.139013362216385,Neither,0.818019590604889,0.916769859708322,0.650344900279701,0.965817692352022,0.168529520678354,0.0931038163097643,Influence flag,TRUE
Palestine,PSE,34.456,31.5069,3,DD -> IHD,0.122368889721457,0.718816670460909,0.00000000156576855629327,0.00000000275359297830885,Neither,0.65625965224477,0.916769859708322,0.350019367461962,0.83943457777099,0.0247462826212472,0.0571881909498422,Residual serial correlation flag,FALSE
People's Democratic Republic of Algeria,DZA,3.0872,36.7325,3,DD -> IHD,0.499285727646197,0.718816670460909,0.0000177915124933694,0.0000248593736208723,Neither,0.838946007696442,0.916769859708322,0.591290058043074,0.952675610449616,0.0213277508732934,0.469657621137922,Residual serial correlation flag,FALSE
People's Republic of Bangladesh,BGD,90.3944,23.7289,3,DD -> IHD,0.480620457196009,0.718816670460909,0.000000000104983738852744,0.000000000209967477705488,Neither,0.845303776285592,0.916769859708322,0.79449558257389,0.982769082827713,0.535828798024704,0.086103141796608,Influence flag,FALSE
People's Republic of China,CHN,113.26,23.13,3,Bidirectional,0.00000000848674426270947,0.00000173129582959273,0.00404085423815004,0.00476493794556421,Neither,0.302768304570072,0.916769859708322,0.165814287066,0.690328868601306,0.349496678070282,0.404637951416053,Influence flag,FALSE
Plurinational State of Bolivia,BOL,-63.1975,-17.7892,3,DD -> IHD,0.178329876420201,0.718816670460909,0.0000213053794417457,0.0000295666490211981,Neither,0.815885422961546,0.916769859708322,0.958332717867034,0.998138144554251,0.0241055704869537,0.526729502087225,Residual serial correlation flag,FALSE
Portuguese Republic,PRT,-9.134,38.7122,2,DD -> IHD,0.195053338193063,0.718816670460909,0.00000000174249968204091,0.00000000303820457381492,Neither,0.452220436823868,0.916769859708322,0.0177057850670754,0.200665564093521,0.107860653392844,0.0618810618618265,Influence flag,FALSE
Principality of Andorra,AND,1.5,42.5,2,DD -> IHD,0.247634838863379,0.718816670460909,0.0000000038731944918849,0.00000000647648915036492,Neither,0.680129544320487,0.916769859708322,0.825195869131822,0.984444194753752,0.0374523509895395,0.322555115965063,Residual serial correlation flag,FALSE
Principality of Monaco,MCO,7.4167,43.7333,2,DD -> IHD,0.525057326786545,0.718816670460909,0.000362114380557818,0.000467540086289841,Neither,0.674499339529635,0.916769859708322,0.719839448939295,0.967016766223359,0.331929061969348,0.149636556103526,Influence flag,FALSE
Puerto Rico,PRI,-66.061,18.3985,3,DD -> IHD,0.0311134231712235,0.486773875656861,0.000000000000000448406016064315,0.00000000000000128837784897353,Neither,0.789989033069315,0.916769859708322,0.597154240816244,0.952675610449616,0.0330662854542495,0.022696635199612,Residual serial correlation flag,TRUE
Republic of Albania,ALB,19.8186,41.3272,3,DD -> IHD,0.471552551681138,0.718816670460909,0.000000208995409977456,0.000000322992906328796,Neither,0.870583309440315,0.916769859708322,0.982026515370124,0.998138144554251,0.116043606958616,0.122928992784355,Influence flag,FALSE
Republic of Angola,AGO,13.2344,-8.8383,2,DD -> IHD,0.356675434894303,0.718816670460909,0.00000000000000000000000982584750903016,0.0000000000000000000000770951112246982,Neither,0.63888333002408,0.916769859708322,0.235592298958418,0.816846289062875,0.0696093891758017,0.00896288405250727,Residual serial correlation flag,FALSE
Republic of Armenia,ARM,44.5144,40.1814,3,DD -> IHD,0.853543679412185,0.866283137313859,0.0000000000000000000000000664679959414249,0.00000000000000000000000135594711720507,Neither,0.861549187564662,0.916769859708322,0.020084895337775,0.209164804994715,0.0393945236934301,0.828875412916506,Residual serial correlation flag,FALSE
Republic of Austria,AUT,16.3725,48.2083,2,DD -> IHD,0.012676746015033,0.369436598152389,0.0000000000000000636749420723667,0.000000000000000202963877855669,Neither,0.599148758892323,0.916769859708322,0.145847719871867,0.65157533739031,0.820591336027915,0.0272435195928532,Residual serial correlation flag,FALSE
Republic of Azerbaijan,AZE,49.8352,40.3667,3,DD -> IHD,0.354748463666819,0.718816670460909,0.0000000000000000000000000384520104904002,0.000000000000000000000000871578904449072,Neither,0.802192312788299,0.916769859708322,0.113183652982965,0.580725411543763,0.277865776355471,0.196274030726732,Influence flag,FALSE
Republic of Belarus,BLR,27.5586,53.9006,3,DD -> IHD,0.297272880033946,0.718816670460909,0.000000000151739346486374,0.000000000300532297895343,Neither,0.807430750996149,0.916769859708322,0.725262574667519,0.967016766223359,0.927619304217715,0.132600136721919,Influence flag,FALSE
Republic of Benin,BEN,2.4333,6.3667,2,DD -> IHD,0.401207734089128,0.718816670460909,0.000000000000000000000000149878165980772,0.00000000000000000000000277955871455249,Neither,0.622678845057624,0.916769859708322,0.314115271568449,0.827630372655187,0.704050923808821,0.0909935589496491,Influence flag,FALSE
Republic of Botswana,BWA,25.9086,-24.6569,2,DD -> IHD,0.394192592811908,0.718816670460909,0.00000000000000313295090880846,0.00000000000000863678358644495,Neither,0.393043382758779,0.916769859708322,0.256265502451098,0.816846289062875,0.821697900827713,0.012069856973257,Residual serial correlation flag,FALSE
Republic of Bulgaria,BGR,23.3217,42.6979,3,DD -> IHD,0.539033652889162,0.718816670460909,0.000000000000391180135995224,0.00000000000086739943198941,Neither,0.800337667018469,0.916769859708322,0.0879040965404598,0.534222051102289,0.332887737471832,0.726859809488457,Influence flag,FALSE
Republic of Burundi,BDI,29.3667,-3.3833,3,DD -> IHD,0.221296869896495,0.718816670460909,0.0000000000000000000235340481257088,0.000000000000000000114308233753443,Neither,0.837101240513676,0.916769859708322,0.0331984419695657,0.307840098263246,0.0124472909027711,0.803646244124952,Residual serial correlation flag,FALSE
Republic of Cabo Verde,CPV,-24.988,16.886,3,DD -> IHD,0.512493148824737,0.718816670460909,0.00000356636732453701,0.00000523409305183848,Neither,0.839768066798119,0.916769859708322,0.404008163133797,0.891657103762153,0.208056793154262,0.133188069714141,Influence flag,TRUE
Republic of Cameroon,CMR,9.7,4.05,3,DD -> IHD,0.371396723848586,0.718816670460909,0.000000669744971576222,0.00000101961174777276,Neither,0.790042672377012,0.916769859708322,0.521643924381507,0.952675610449616,0.160035025142824,0.621380433861177,Influence flag,FALSE
Republic of Chad,TCD,15.0447,12.1053,2,DD -> IHD,0.0173487264564618,0.393237799679801,0.0000000000000000000000000294283524117484,0.000000000000000000000000750422986499584,Neither,0.598090772822055,0.916769859708322,0.208209592360243,0.786569571138696,0.204377522621424,0.0129921791180796,Residual serial correlation flag,FALSE
Republic of Chile,CHL,-70.6506,-33.4372,2,DD -> IHD,0.363525415629369,0.718816670460909,0.00000000000000000000122555957714019,0.00000000000000000000714326153533138,Neither,0.832576871353078,0.916769859708322,0.026416143242943,0.256613962931446,0.072796208187607,0.0248511867415936,Residual serial correlation flag,FALSE
Republic of Colombia,COL,-74.0722,4.7111,3,DD -> IHD,0.208603629968013,0.718816670460909,0.000000000899501423416464,0.00000000163837759265142,Neither,0.875730146723547,0.916769859708322,0.80187313151809,0.982769082827713,0.376046278024104,0.276982555399902,Influence flag,FALSE
Republic of Costa Rica,CRI,-84.08,9.9325,3,DD -> IHD,0.0710669286369857,0.557602055459426,0.000000000000000000000208598191206345,0.00000000000000000000129914456425708,DD -> IHD,0.803008975930963,0.916769859708322,0.0000291301342173739,0.00198084912678143,0.855242895161376,0.00275755574131507,Residual serial correlation flag,FALSE
Republic of Cote d'Ivoire,CIV,-4.0267,5.3364,3,DD -> IHD,0.464183637220418,0.718816670460909,0.00000175502871723091,0.00000263254307584636,Neither,0.713744860280781,0.916769859708322,0.714153026122063,0.967016766223359,0.000595066972471444,0.756329626270882,Residual serial correlation flag,FALSE
Republic of Croatia,HRV,15.9772,45.8131,3,DD -> IHD,0.536270812422005,0.718816670460909,0.00000000110090948338883,0.00000000197004854922211,Neither,0.765802012305631,0.916769859708322,0.919155053716736,0.998138144554251,0.335917961675916,0.232563035188981,Influence flag,FALSE
Republic of Cuba,CUB,-82.3589,23.1367,2,DD -> IHD,0.724349025073367,0.785995750611525,0.00000000000733251524081795,0.0000000000151094253447158,Neither,0.771998000796005,0.916769859708322,0.936360654219302,0.998138144554251,0.425222874213478,0.0141606389389039,Residual serial correlation flag,TRUE
Republic of Cyprus,CYP,33.365,35.1725,2,DD -> IHD,0.539112502845682,0.718816670460909,0.00000000107100158188517,0.00000000193348958145641,Neither,0.697399912793491,0.916769859708322,0.328617942083677,0.827630372655187,0.845770374152513,0.0555923481999238,Influence flag,FALSE
Republic of Djibouti,DJI,43.1481,11.5944,1,DD -> IHD,0.412045667456438,0.718816670460909,0.0000000000000317696630072746,0.0000000000000762471912174591,Neither,0.372973376926632,0.916769859708322,0.32303582196575,0.827630372655187,0.485963927055762,0.00502723580965345,Residual serial correlation flag,FALSE
Republic of Ecuador,ECU,-79.8875,-2.19,2,DD -> IHD,0.351000462452056,0.718816670460909,0.00000000000000021728146740079,0.000000000000000651844402202371,Neither,0.642199282049353,0.916769859708322,0.473583791932952,0.932481236828444,0.0510817890099789,0.0568684262552082,Influence flag,FALSE
Republic of El Salvador,SLV,-89.1914,13.6989,2,DD -> IHD,0.20183920426537,0.718816670460909,0.0000000000000000373538184514728,0.000000000000000124920966624598,Neither,0.620400399102759,0.916769859708322,0.467082370789556,0.932481236828444,0.178134791278266,0.606574269542744,Influence flag,FALSE
Republic of Equatorial Guinea,GNQ,8.7744,3.7456,2,DD -> IHD,0.117306654099268,0.718816670460909,0.00000000000000823081720373018,0.0000000000000215267526866789,Neither,0.65062326595571,0.916769859708322,0.0795123792390406,0.506891417648884,0.319081497589231,0.0845323609886409,Influence flag,FALSE
Republic of Estonia,EST,24.7453,59.4372,2,DD -> IHD,0.336844031745782,0.718816670460909,0.00000000000000000000620893185180451,0.000000000000000000032477489686362,Neither,0.576880567119671,0.916769859708322,0.249618791582668,0.816846289062875,0.769045708685592,0.017445191355982,Residual serial correlation flag,FALSE
Republic of Fiji,FJI,178.4333,-18.1333,3,DD -> IHD,0.77645335641786,0.814119573210851,0.000000000000000000000000285726352441905,0.00000000000000000000000485734799151239,Neither,0.847560560204827,0.916769859708322,0.241048790922256,0.816846289062875,0.431555935152754,0.00839204274228919,Residual serial correlation flag,TRUE
Republic of Finland,FIN,24.9375,60.1708,3,Neither,0.190102728609939,0.718816670460909,0.0451174129232862,0.0500214795453826,Neither,0.795549260548834,0.916769859708322,0.464508600123478,0.932481236828444,0.974921494144783,0.121608673467804,Influence flag,FALSE
Republic of Ghana,GHA,-1.625,6.7,3,Neither,0.43726246738431,0.718816670460909,0.085691270191633,0.0929841442504954,Neither,0.806003386945123,0.916769859708322,0.731797315741204,0.969393846826011,0.0574034033122265,0.592407113472873,Influence flag,FALSE
Republic of Guatemala,GTM,-90.5133,14.6417,3,DD -> IHD,0.217485466741021,0.718816670460909,0.00000000000000899395490869835,0.0000000000000232248962199299,Neither,0.804121983056078,0.916769859708322,0.410846972839419,0.891657103762153,0.0487699157333133,0.339205281282552,Residual serial correlation flag,FALSE
Republic of Guinea,GIN,-13.7122,9.5092,3,DD -> IHD,0.733513331299149,0.787561682026455,0.000000000000615653515317763,0.00000000000135046577553574,Neither,0.856073663007388,0.916769859708322,0.301561642343191,0.827630372655187,0.0518779983899345,0.00923955916004887,Residual serial correlation flag,FALSE
Republic of Guinea-Bissau,GNB,-15.5667,11.85,3,DD -> IHD,0.745393036688121,0.79612659415904,0.000000000202713696964468,0.000000000393843754102396,Neither,0.860751931696598,0.916769859708322,0.313142311901131,0.827630372655187,0.0092579463201509,0.564511242922153,Residual serial correlation flag,TRUE
Republic of Guyana,GUY,-58.155,6.8011,2,DD -> IHD,0.617958468732405,0.745938033262784,0.0000168128126444883,0.0000236538881343146,Neither,0.733454015724477,0.916769859708322,0.642485445435613,0.965817692352022,0.0472726153855812,0.458143936745607,Residual serial correlation flag,TRUE
Republic of Haiti,HTI,-72.3386,18.5425,2,DD -> IHD,0.634113275721905,0.749405188578252,0.0208497805370269,0.023761761058958,Neither,0.644747620550745,0.916769859708322,0.580183464336571,0.952675610449616,0.276942076181619,0.00888351903335713,Residual serial correlation flag,TRUE
Republic of Honduras,HND,-87.21,14.098,3,DD -> IHD,0.804617040278139,0.828999374832022,0.00000000000000000000067081920731553,0.00000000000000000000402491524389318,Neither,0.889806040305136,0.916769859708322,0.0122832323248747,0.157781117356396,0.147441435746878,0.0154833711299415,Residual serial correlation flag,FALSE
Republic of Iceland,ISL,-21.9425,64.1458,2,DD -> IHD,0.278668238853324,0.718816670460909,0.00000481212405752135,0.00000696222204066918,Neither,0.596587848264448,0.916769859708322,0.665871611330544,0.965817692352022,0.964266050812267,0.0114283821174547,Residual serial correlation flag,FALSE
Republic of India,IND,77.23,28.61,3,DD -> IHD,0.845784576121006,0.862700267643426,0.00000000284854451612754,0.00000000484252567741681,Neither,0.906975830150325,0.92413243531043,0.558028666619193,0.952675610449616,0.405540527090594,0.717463453795212,Influence flag,FALSE
Republic of Indonesia,IDN,106.8275,-6.175,3,DD -> IHD,0.414486740670234,0.718816670460909,0.0000000000000000000000185235583159212,0.000000000000000000000134957353444569,Neither,0.765178245689967,0.916769859708322,0.15664376399093,0.665735996961453,0.579624296866282,0.699250806365524,Influence flag,FALSE
Republic of Iraq,IRQ,44.3661,33.3153,3,DD -> IHD,0.615485881063635,0.745938033262784,0.000000000000143055851026009,0.000000000000331629472833021,Neither,0.742207278906037,0.916769859708322,0.714642015655175,0.967016766223359,0.511494887862481,0.274026399855003,Influence flag,FALSE
Republic of Italy,ITA,12.4828,41.8931,3,DD -> IHD,0.0292350993379892,0.486773875656861,0.0000000162506881676277,0.0000000258995342671566,Neither,0.763678857266394,0.916769859708322,0.249095169975046,0.816846289062875,0.535749673340852,0.274379057441087,Influence flag,FALSE
Republic of Kazakhstan,KAZ,76.915,43.24,3,DD -> IHD,0.431310954075752,0.718816670460909,0.0364291256358496,0.0408326463171061,Neither,0.832655951096428,0.916769859708322,0.789854698758472,0.982769082827713,0.0817760705742383,0.521198147502548,Influence flag,FALSE
Republic of Kenya,KEN,36.8172,-1.2864,3,DD -> IHD,0.388486469870177,0.718816670460909,0.000000000000000000000000397887908142984,0.00000000000000000000000579779523294062,DD -> IHD,0.859702896923634,0.916769859708322,0.0000471712151619567,0.00224269370696615,0.0920018526452066,0.611063197820135,Influence flag,FALSE
Republic of Kiribati,KIR,173.0176,1.3382,3,DD -> IHD,0.582639508016683,0.72919300389818,0.00608211767426657,0.00713075865258839,Neither,0.815851164192915,0.916769859708322,0.602427224254904,0.952675610449616,0.0872788192980251,0.0464555454215331,Residual serial correlation flag,TRUE
Republic of Korea,KOR,126.9833,37.5667,3,DD -> IHD,0.0619855064105493,0.526876804489669,0.0000000000112865455512453,0.0000000000230245529245404,Neither,0.734106230062394,0.916769859708322,0.566430821508908,0.952675610449616,0.679782250354303,0.0105976557994773,Residual serial correlation flag,FALSE
Republic of Latvia,LVA,24.1069,56.9475,2,Neither,0.582084340264678,0.72919300389818,0.0660535010523815,0.0724457753477732,Neither,0.682456286046588,0.916769859708322,0.993064158324938,0.998138144554251,0.845452494087583,0.0177211837569106,Residual serial correlation flag,FALSE
Republic of Liberia,LBR,-10.8014,6.3133,3,DD -> IHD,0.0365588147836729,0.486773875656861,0.00000000116426921637566,0.00000000206531234904899,Neither,0.650630720859256,0.916769859708322,0.754445953318491,0.97409477517071,0.828506657842776,0.0952916351099526,Influence flag,FALSE
Republic of Lithuania,LTU,25.28,54.6872,3,DD -> IHD,0.703724523880754,0.777594157184573,0.00000000000212467863297272,0.00000000000451494209506704,Neither,0.808072475590237,0.916769859708322,0.744602801223257,0.97409477517071,0.388407112177286,0.221955978434387,Influence flag,FALSE
Republic of Madagascar,MDG,47.525,-18.91,3,DD -> IHD,0.503491093278179,0.718816670460909,0.00000000831988176776806,0.0000000136875474243926,Neither,0.80813957363465,0.916769859708322,0.81762554436181,0.984444194753752,0.0811859792960032,0.246040036107599,Influence flag,FALSE
Republic of Malawi,MWI,33.7873,-13.9669,2,DD -> IHD,0.31249860108933,0.718816670460909,0.00000000000000000000000509642926789275,0.0000000000000000000000433196487770884,Neither,0.566035245988613,0.916769859708322,0.153246780716517,0.665156239705733,0.390492900246324,0.0330259019709907,Residual serial correlation flag,FALSE
Republic of Maldives,MDV,73.5089,4.1753,2,DD -> IHD,0.196755344989542,0.718816670460909,0.000000000000000287998244200528,0.000000000000000851473069810257,Neither,0.589948910333683,0.916769859708322,0.927116621438772,0.998138144554251,0.109095597849115,0.0252810609690372,Residual serial correlation flag,TRUE
Republic of Mali,MLI,-7.9922,12.6458,3,DD -> IHD,0.489089170781871,0.718816670460909,0.000000000000000000000000892499559039063,0.0000000000000000000000099171102275066,Neither,0.842252700907908,0.916769859708322,0.0153215954849642,0.18385914581957,0.298585677237603,0.375718932767841,Influence flag,FALSE
Republic of Malta,MLT,14.5125,35.8983,2,DD -> IHD,0.192969040043522,0.718816670460909,0.000868857478487835,0.00108740445160441,Neither,0.656550373040772,0.916769859708322,0.769264479372047,0.982769082827713,0.80495714688803,0.0671531758237448,Influence flag,FALSE
Republic of Mauritius,MUS,57.5042,-20.1644,2,Neither,0.264408109386867,0.718816670460909,0.131180466738972,0.138657073651556,Neither,0.323194388848784,0.916769859708322,0.961721774896705,0.998138144554251,0.0653304204358751,0.100829783525738,Influence flag,TRUE
Republic of Moldova,MDA,28.8353,47.0228,3,DD -> IHD,0.499767896226702,0.718816670460909,0.0000000000000000000106443640358805,0.0000000000000000000542862565829904,Neither,0.826064442444901,0.916769859708322,0.325324125092434,0.827630372655187,0.0206080789601079,0.160278832992028,Residual serial correlation flag,FALSE
Republic of Mozambique,MOZ,32.5764,-25.9153,2,DD -> IHD,0.554191996698137,0.724712611066795,0.000000000000000000000000000489593630623089,0.0000000000000000000000000346826049909825,Neither,0.663468116495984,0.916769859708322,0.0526662646837535,0.383711356981633,0.0843599112889876,0.119580055750052,Influence flag,FALSE
Republic of Namibia,NAM,17.0836,-22.57,3,DD -> IHD,0.641869995434433,0.749405188578252,0.000000000000000000409317971652858,0.00000000000000000160578588879198,Neither,0.840135365906214,0.916769859708322,0.347026618243769,0.83943457777099,0.458133959325207,0.856467713794158,Influence flag,FALSE
Republic of Nauru,NRU,166.925,-0.5456,3,DD -> IHD,0.0526531667091997,0.486773875656861,0.000628122549513826,0.000800856250630129,Neither,0.776912738887216,0.916769859708322,0.99284836942812,0.998138144554251,0.464561970316334,0.973245562853508,Influence flag,TRUE
Republic of Nicaragua,NIC,-86.2514,12.1364,2,Neither,0.428677586543605,0.718816670460909,0.130766795333784,0.138657073651556,Neither,0.665883117653283,0.916769859708322,0.820803357027685,0.984444194753752,0.363045031078754,0.80772014529665,Influence flag,FALSE
Republic of Niue,NIU,-169.921,-19.056,2,Neither,0.677218359039995,0.771801928738319,0.0783189754922613,0.0854388823551942,Neither,0.756595424331925,0.916769859708322,0.386038839438034,0.883046236444902,0.280608478701772,0.113932372175884,Influence flag,TRUE
Republic of Palau,PLW,134.4792,7.3419,2,DD -> IHD,0.289859835368419,0.718816670460909,0.00000000000000000253509412327729,0.00000000000000000891653795083737,Neither,0.653370332151827,0.916769859708322,0.475382591324305,0.932481236828444,0.0147766055464172,0.0173280991120691,Residual serial correlation flag,TRUE
Republic of Panama,PAN,-79.5347,8.9711,3,DD -> IHD,0.049364828662046,0.486773875656861,0.0000000000000000000787939624607992,0.000000000000000000350131100596873,Neither,0.805889335042057,0.916769859708322,0.663368090585757,0.965817692352022,0.323817983797751,0.0022079453580762,Residual serial correlation flag,FALSE
Republic of Paraguay,PRY,-57.6435,-25.2945,2,Neither,0.536128676819384,0.718816670460909,0.323835887804522,0.333649096525871,Neither,0.630009949789063,0.916769859708322,0.857035254252204,0.995669705266118,0.0943603492723963,0.145028416552959,Influence flag,FALSE
Republic of Peru,PER,-77.0375,-12.06,3,DD -> IHD,0.00445844985071478,0.227380942386454,0.0000000000000000000553951502059313,0.000000000000000000262804898651395,Neither,0.754678449711501,0.916769859708322,0.0970568139001583,0.565702572446637,0.594216336756545,0.0155000723969274,Residual serial correlation flag,FALSE
Republic of Poland,POL,21.0111,52.23,2,Neither,0.0199736157482778,0.407461761264867,0.0980871216627911,0.105314593785313,Neither,0.270603506483544,0.916769859708322,0.270615583822054,0.827630372655187,0.0697703347249304,0.0227021819621599,Residual serial correlation flag,FALSE
Republic of Rwanda,RWA,30.0606,-1.9536,3,DD -> IHD,0.256724920064466,0.718816670460909,0.000000000000000173159610437974,0.000000000000000535220614081012,Neither,0.746343173817489,0.916769859708322,0.317824226253688,0.827630372655187,0.239110257207626,0.409706153965958,Influence flag,FALSE
Republic of San Marino,SMR,12.4817,43.9717,2,DD -> IHD,0.0504557277211762,0.486773875656861,0.0000000213878001128554,0.0000000338225676203294,Neither,0.628377769732047,0.916769859708322,0.421988757555666,0.897107372940375,0.505327866619677,0.314976021626403,Influence flag,FALSE
Republic of Senegal,SEN,-17.432,14.6726,3,DD -> IHD,0.0509023579929521,0.486773875656861,0.00000000000000000000000563057446754124,0.0000000000000000000000459454876551365,Neither,0.811603232793189,0.916769859708322,0.318239032868895,0.827630372655187,0.194328181387781,0.0233021368610329,Residual serial correlation flag,FALSE
Republic of Serbia,SRB,20.4569,44.8178,2,DD -> IHD,0.179085761793439,0.718816670460909,0.0000217969910226199,0.0000300445011392869,Neither,0.614236728771599,0.916769859708322,0.939299998213333,0.998138144554251,0.108138766741034,0.00709266041192681,Residual serial correlation flag,FALSE
Republic of Seychelles,SYC,55.4525,-4.6231,3,DD -> IHD,0.40113660614438,0.718816670460909,0.00141582719485394,0.00175047725909215,Neither,0.809781387499216,0.916769859708322,0.919217613275274,0.998138144554251,0.0892211878266648,0.256798949411099,Influence flag,TRUE
Republic of Sierra Leone,SLE,-13.2331,8.4833,2,DD -> IHD,0.293026668117192,0.718816670460909,0.00178878042087588,0.00215923790448922,Neither,0.571224121928532,0.916769859708322,0.546276611672478,0.952675610449616,0.0170766021868608,0.345667951142356,Residual serial correlation flag,FALSE
Republic of Singapore,SGP,103.8,1.3,3,DD -> IHD,0.0011376776854897,0.116043123919949,0.0000000000857752511360144,0.000000000173249022096504,Neither,0.122314417193899,0.916769859708322,0.753947867382323,0.97409477517071,0.0761702728265323,0.108436476497616,Influence flag,TRUE
Republic of Slovenia,SVN,14.5061,46.0514,2,DD -> IHD,0.278043257949818,0.718816670460909,0.000000000255193151561445,0.000000000491126442627687,Neither,0.666995308360882,0.916769859708322,0.121229132813,0.588827216520286,0.975421414453174,0.0678156865106748,Influence flag,FALSE
Republic of South Africa,ZAF,28.0456,-26.2044,2,DD -> IHD,0.636073594358878,0.749405188578252,0.00000000000000000000000137104064131678,0.0000000000000000000000133186805156487,Neither,0.743192133079106,0.916769859708322,0.691726105865231,0.966521408195254,0.367791939887554,0.0262746043596884,Residual serial correlation flag,FALSE
Republic of South Sudan,SSD,31.58,4.83,2,DD -> IHD,0.538204414946153,0.718816670460909,0.00000000000000000000000000174399423044298,0.0000000000000000000000000592958038350614,Neither,0.73774838464459,0.916769859708322,0.570900535675672,0.952675610449616,0.0086121246352644,0.0504388027053142,Residual serial correlation flag,FALSE
Republic of Sudan,SDN,32.5265,15.6031,2,Neither,0.570181176856611,0.72919300389818,0.102948448292901,0.109955410742156,Neither,0.640548780310654,0.916769859708322,0.340037291631156,0.83943457777099,0.237056877050553,0.215102706199088,Influence flag,FALSE
Republic of Suriname,SUR,-55.2039,5.8522,3,DD -> IHD,0.501282698414942,0.718816670460909,0.0000237303117090968,0.0000324898227426561,Neither,0.843404151880398,0.916769859708322,0.241495893232442,0.816846289062875,0.855786840246712,0.622463003351297,Influence flag,TRUE
Republic of Tajikistan,TJK,68.78,38.5367,2,DD -> IHD,0.257087962393031,0.718816670460909,0.00000000000000358960165033658,0.00000000000000976371648891548,Neither,0.649383832979654,0.916769859708322,0.00372292283735174,0.0584212506784427,0.01406628338025,0.187525671382941,Residual serial correlation flag,FALSE
Republic of Trinidad and Tobago,TTO,-61.4,10.5167,3,DD -> IHD,0.470781363096679,0.718816670460909,0.000000000000184338606534173,0.000000000000417834174810792,Neither,0.854377221311284,0.916769859708322,0.048324887575225,0.365616623123299,0.655466901992489,0.839047522561084,Influence flag,TRUE
Republic of Tunisia,TUN,10.1817,36.8064,2,DD -> IHD,0.285142173671035,0.718816670460909,0.0000000000000158581677589853,0.0000000000000399390891707779,Neither,0.644391596317497,0.916769859708322,0.798500878035027,0.982769082827713,0.719385210104907,0.00743561384172525,Residual serial correlation flag,FALSE
Republic of Turkey,TUR,28.955,41.0136,3,DD -> IHD,0.682507510740181,0.772661502849497,0.0000000135274145386721,0.0000000217290753219614,Neither,0.790658983280923,0.916769859708322,0.0414587855995904,0.365616623123299,0.164794842280717,0.86669496554448,Influence flag,FALSE
Republic of Uganda,UGA,32.5811,0.3136,3,DD -> IHD,0.228096621038614,0.718816670460909,0.000000000000000000000210155738335705,0.00000000000000000000129914456425708,Neither,0.695982524574233,0.916769859708322,0.566884990091189,0.952675610449616,0.683112648259777,0.0566935605876624,Influence flag,FALSE
Republic of Uzbekistan,UZB,69.2797,41.3111,2,DD -> IHD,0.30028689992336,0.718816670460909,0.00000000000000000000000442002975181433,0.0000000000000000000000409857304259147,Neither,0.700633673808238,0.916769859708322,0.600470172311412,0.952675610449616,0.572592334527912,0.0096959408844604,Residual serial correlation flag,FALSE
Republic of Vanuatu,VUT,168.3167,-17.7333,3,DD -> IHD,0.497712718105554,0.718816670460909,0.000000000554370026417866,0.00000000101884221071392,Neither,0.855833310941848,0.916769859708322,0.146119355872428,0.65157533739031,0.0803065198175709,0.911789563202662,Influence flag,TRUE
Republic of Yemen,YEM,44.2064,15.3483,2,Neither,0.480159220299377,0.718816670460909,0.908995456019359,0.908995456019359,Neither,0.660017271344686,0.916769859708322,0.96480242824476,0.998138144554251,0.0385497183619593,0.681615676820672,Residual serial correlation flag,FALSE
Republic of Zambia,ZMB,28.2833,-15.4167,3,DD -> IHD,0.422392870738136,0.718816670460909,0.00000000000000000214454260916922,0.00000000000000000781226236197359,Neither,0.743170475243695,0.916769859708322,0.132971379558172,0.630840963485281,0.310324521181976,0.0874243842891045,Influence flag,FALSE
Republic of Zimbabwe,ZWE,31.0522,-17.8292,3,DD -> IHD,0.628239731635609,0.749405188578252,0.000000000171542911607562,0.000000000336488018922525,Neither,0.749446227673702,0.916769859708322,0.274979968241703,0.827630372655187,0.565996288692957,0.692085443142057,Influence flag,FALSE
Republic of the Congo,COG,15.2667,-4.2667,2,DD -> IHD,0.26558293861081,0.718816670460909,0.00000000000000000000128261116017779,0.00000000000000000000726812990767413,DD -> IHD,0.52566832484528,0.916769859708322,0.0000549679830138763,0.00224269370696615,0.399665944259475,0.443577520065744,Influence flag,FALSE
Republic of the Gambia,GMB,-16.5786,13.4581,3,DD -> IHD,0.43351948239549,0.718816670460909,0.00000000051670070748979,0.000000000958244948435611,Neither,0.811004921434543,0.916769859708322,0.494190625356676,0.945467922761366,0.830297688915848,0.516925796137202,Influence flag,FALSE
Republic of the Marshall Islands,MHL,171.3833,7.0833,3,DD -> IHD,0.00312562745772493,0.212542667125295,0.0000000000000000407168277071757,0.000000000000000133971497617159,DD -> IHD,0.220559206316798,0.916769859708322,0.000000000000461442058642921,0.0000000000941341799631559,0.0147149323563345,0.30532668593152,Residual serial correlation flag,TRUE
Republic of the Niger,NER,2.1175,13.515,2,DD -> IHD,0.37141043655582,0.718816670460909,0.0000000000000000000000203924667254448,0.000000000000000000000143450455585887,Neither,0.613796538204085,0.916769859708322,0.0121139277032091,0.157781117356396,0.0458458710672538,0.302287877350846,Residual serial correlation flag,FALSE
Republic of the Philippines,PHL,120.9772,14.5958,2,DD -> IHD,0.719437770140401,0.784841203789528,0.0000000000000000000000972415211833396,0.00000000000000000000066124234404671,Neither,0.699564690110444,0.916769859708322,0.0438408596815622,0.365616623123299,0.347066317093967,0.0802037470973057,Influence flag,FALSE
Republic of the Union of Myanmar,MMR,96.16,16.795,2,DD -> IHD,0.307887340184415,0.718816670460909,0.0000000000000000000785327389175809,0.000000000000000000350131100596873,Neither,0.499928227001407,0.916769859708322,0.426038572488919,0.897107372940375,0.357577341065915,0.0041814730161662,Residual serial correlation flag,FALSE
Romania,ROU,26.1039,44.4325,2,DD -> IHD,0.218219134661923,0.718816670460909,0.0226770420741012,0.0257006476839814,Neither,0.625441047161794,0.916769859708322,0.982761707332483,0.998138144554251,0.361542491236829,0.00153154165203609,Residual serial correlation flag,FALSE
Russian Federation,RUS,37.6175,55.7506,2,DD -> IHD,0.375682550226612,0.718816670460909,0.0189950844057779,0.0217696472965095,Neither,0.52681656415276,0.916769859708322,0.970528181646901,0.998138144554251,0.776166582695563,0.00584929429962454,Residual serial correlation flag,FALSE
Saint Kitts and Nevis,KNA,-62.7333,17.3,2,DD -> IHD,0.108490228328662,0.718816670460909,0.00000190974931066612,0.00000284371430201378,Neither,0.634721020118049,0.916769859708322,0.35799415816704,0.83943457777099,0.264627220265007,0.959150794045779,Influence flag,TRUE
Saint Lucia,LCA,-60.9894,14.0108,3,DD -> IHD,0.592108827689608,0.729734302009361,0.0000652480689943209,0.0000869974253257612,Neither,0.815673078791398,0.916769859708322,0.807893393817814,0.982769082827713,0.0745800650723747,0.0164232161562186,Residual serial correlation flag,TRUE
Saint Vincent and the Grenadines,VCT,-61.1928,13.1308,3,Neither,0.459898989551174,0.718816670460909,0.31902939270855,0.330365462500225,Neither,0.843532242014408,0.916769859708322,0.946329457966827,0.998138144554251,0.0541494459491213,0.995980074918646,Influence flag,TRUE
Slovak Republic,SVK,17.1128,48.1447,2,DD -> IHD,0.599857057615173,0.732759519482008,0.000000000000157631766678678,0.00000000000036131326294888,Neither,0.677253164829248,0.916769859708322,0.248294729040452,0.816846289062875,0.334060205835919,0.0443160181124056,Residual serial correlation flag,FALSE
Socialist Republic of Viet Nam,VNM,106.7019,10.7756,2,DD -> IHD,0.0118092142761879,0.369436598152389,0.000000000000000065775606283097,0.000000000000000206434210488489,Neither,0.514883993069605,0.916769859708322,0.686488065642369,0.965817692352022,0.16817686912506,0.0463288082533111,Residual serial correlation flag,FALSE
Solomon Islands,SLB,159.95,-9.4333,3,DD -> IHD,0.343767897759116,0.718816670460909,0.000000000000000000134806071944747,0.000000000000000000572925805765175,Neither,0.746059563443859,0.916769859708322,0.432635658933061,0.897107372940375,0.00430674125057083,0.344260519825395,Residual serial correlation flag,TRUE
State of Eritrea,ERI,38.9411,15.3358,3,DD -> IHD,0.0548813683338618,0.486773875656861,0.000000000000000000186777870901226,0.000000000000000000777605829874492,Neither,0.721193876030661,0.916769859708322,0.776142395898784,0.982769082827713,0.0391375755621574,0.234429069540254,Residual serial correlation flag,FALSE
State of Israel,ISR,35.2256,31.7789,2,DD -> IHD,0.549625344828604,0.723377873193775,0.0000152057296727037,0.0000215414503696636,Neither,0.562641807853066,0.916769859708322,0.112897590697586,0.580725411543763,0.552104996650093,0.125728892224956,Influence flag,FALSE
State of Kuwait,KWT,47.9783,29.3697,2,DD -> IHD,0.566759910716297,0.72919300389818,0.000000000000000000507496757661896,0.0000000000000000019533837464722,Neither,0.697484679264898,0.916769859708322,0.222796269468833,0.816846289062875,0.31712092757572,0.10113961982366,Influence flag,FALSE
State of Libya,LBY,13.1914,32.8872,3,DD -> IHD,0.178667957527507,0.718816670460909,0.000000000000000000000000467744799027234,0.00000000000000000000000636132926677038,Neither,0.819937357142728,0.916769859708322,0.714234293687062,0.967016766223359,0.272377519297356,0.143901616349882,Influence flag,FALSE
State of Qatar,QAT,51.5333,25.2867,2,DD -> IHD,0.392173879955446,0.718816670460909,0.00153767313333969,0.00187835520479819,Neither,0.619488884754742,0.916769859708322,0.574121702106551,0.952675610449616,0.554181464609965,0.500934744553045,Influence flag,FALSE
Sultanate of Oman,OMN,58.5911,23.614,2,DD -> IHD,0.593803402615461,0.729734302009361,0.00000169089928575554,0.00000255513669847504,Neither,0.664470788821619,0.916769859708322,0.987757053664732,0.998138144554251,0.558682236257594,0.406099061087457,Influence flag,FALSE
Swiss Confederation,CHE,8.5411,47.3744,3,Neither,0.0874287671410662,0.660572907288055,0.0891373397154609,0.0962117317563705,Neither,0.666240480605423,0.916769859708322,0.290559535619793,0.827630372655187,0.506531470607147,0.211187859957105,Influence flag,FALSE
Syrian Arab Republic,SYR,36.2981,33.502,3,DD -> IHD,0.76362443342567,0.807147069527652,0.0000000108015339385801,0.0000000176281033877627,Neither,0.836898916788735,0.916769859708322,0.576777163594266,0.952675610449616,0.0116426174299381,0.319371280252224,Residual serial correlation flag,FALSE
Taiwan (Province of China),TWN,120.6794,24.1439,3,DD -> IHD,0.118450019489734,0.718816670460909,0.00000000000000000000159838907486739,0.00000000000000000000881273976413374,Neither,0.607120523515563,0.916769859708322,0.495907194781697,0.945467922761366,0.356715016076199,0.0112163942030622,Residual serial correlation flag,FALSE
Togolese Republic,TGO,1.2153,6.1308,3,DD -> IHD,0.419801536071511,0.718816670460909,0.00384571821574358,0.00456120067448657,Neither,0.828522046462784,0.916769859708322,0.521485847372605,0.952675610449616,0.158701175395819,0.61587802438699,Influence flag,FALSE
Tokelau,TKL,-172.51591,-8.54212,3,DD -> IHD,0.016906497389431,0.393237799679801,0.000112704561325628,0.000148333745228568,Neither,0.825522244104858,0.916769859708322,0.971975423125107,0.998138144554251,0.169012303295147,0.0987763859355746,Influence flag,TRUE
Turkmenistan,TKM,58.38,37.9375,2,DD -> IHD,0.342361135314176,0.718816670460909,0.000000000000000333241051553539,0.000000000000000971159635956029,Neither,0.510884491999513,0.916769859708322,0.426929856826262,0.897107372940375,0.207727889350861,0.0394909572802437,Residual serial correlation flag,FALSE
Tuvalu,TUV,179.2,-8.5167,3,DD -> IHD,0.547212285252566,0.723377873193775,0.00149347303290774,0.00183535240188662,Neither,0.805108936423558,0.916769859708322,0.551079103369594,0.952675610449616,0.537078476653928,0.118254599192833,Influence flag,TRUE
Ukraine,UKR,30.5233,50.45,2,DD -> IHD,0.221253973913875,0.718816670460909,0.0000000000000000000000131138617838665,0.0000000000000000000000990825112558805,DD -> IHD,0.584790590506565,0.916769859708322,0.000645507728551186,0.0164604470780552,0.214337505953174,0.0121106529111318,Residual serial correlation flag,FALSE
Union of the Comoros,COM,44.3939,-12.1675,2,DD -> IHD,0.342203769501416,0.718816670460909,0.0000000130258011624428,0.0000000210893923582407,Neither,0.603846883430765,0.916769859708322,0.43536093098577,0.897107372940375,0.689681089122754,0.177759843763137,Influence flag,TRUE
United Arab Emirates,ARE,55.2972,25.2631,3,DD -> IHD,0.791749398011471,0.81988262535198,0.000000000000000000273701206971481,0.00000000000000000111670092444364,Neither,0.867491217337351,0.916769859708322,0.265911518264863,0.827630372655187,0.946390784840261,0.409436783322896,Influence flag,FALSE
United Kingdom of Great Britain and Northern Ireland,GBR,-0.1275,51.5072,3,DD -> IHD,0.353256921047629,0.718816670460909,0.0000316771063317472,0.0000430808646111761,Neither,0.747997415648867,0.916769859708322,0.146923850588011,0.65157533739031,0.114116455326318,0.583030765642218,Influence flag,FALSE
United Mexican States,MEX,-99.1333,19.4333,2,DD -> IHD,0.113831193271763,0.718816670460909,0.000000000000000000000000000510038308690919,0.0000000000000000000000000346826049909825,DD -> IHD,0.65901938511282,0.916769859708322,0.00000035929013800316,0.0000366475940763223,0.302073382804116,0.0183956342022883,Residual serial correlation flag,FALSE
United Republic of Tanzania,TZA,39.2803,-6.8161,2,DD -> IHD,0.507812799400355,0.718816670460909,0.0000000000000000000000008645401148761,0.0000000000000000000000099171102275066,Neither,0.620984860277013,0.916769859708322,0.544943159076196,0.952675610449616,0.636273211777573,0.172713059580657,Influence flag,FALSE
United States Virgin Islands,VIR,-64.9331,18.342,3,Neither,0.717894621176234,0.784841203789528,0.637583856636404,0.647100033601127,Neither,0.855803514027616,0.916769859708322,0.930760493050366,0.998138144554251,0.170857838878623,0.313532867514654,Influence flag,TRUE
United States of America,USA,-73.9249,40.6943,2,DD -> IHD,0.197229872128126,0.718816670460909,0.00000000000000000029981360625045,0.0000000000000000011992544250018,Neither,0.937296388068283,0.943262209724858,0.683647856856154,0.965817692352022,0.0911336914407988,0.0263503141097039,Residual serial correlation flag,FALSE
