location_name,ISO3,sex_name,correlation,p_value,fdr_pvalue,display_status,display_r
American Samoa,ASM,Female,0.541329294436816,0.0137025127436827,0.0557334479014855,BH q>=0.05,
American Samoa,ASM,Male,0.436544042749668,0.0543043883510941,0.0930932371733042,BH q>=0.05,
Antigua and Barbuda,ATG,Female,0.312937017282856,0.17913645807747,0.302015185519041,BH q>=0.05,
Antigua and Barbuda,ATG,Male,0.611245610167317,0.00419155716231313,0.0111049046897647,BH q<0.05,0.611245610167317
Arab Republic of Egypt,EGY,Female,-0.0442181049007411,0.853145702912698,0.916009070495739,BH q>=0.05,
Arab Republic of Egypt,EGY,Male,0.253385065796059,0.281068286719125,0.378115627441018,BH q>=0.05,
Argentine Republic,ARG,Female,-0.0530906585196501,0.824082754716585,0.889486147948059,BH q>=0.05,
Argentine Republic,ARG,Male,0.0762040400458848,0.749487000311083,0.804712358228741,BH q>=0.05,
Australia,AUS,Female,-0.170457672757844,0.472442887661039,0.624429872408403,BH q>=0.05,
Australia,AUS,Male,-0.156170200654538,0.51086146116717,0.592134875443766,BH q>=0.05,
Barbados,BRB,Female,0.229221593757956,0.330985635962414,0.472175312841485,BH q>=0.05,
Barbados,BRB,Male,0.591091238615037,0.00605794689616532,0.014370013567648,BH q<0.05,0.591091238615037
Belize,BLZ,Female,0.275227276710969,0.240213145134193,0.376949858518272,BH q>=0.05,
Belize,BLZ,Male,0.56376573260577,0.00962950118179626,0.0206780867482783,BH q<0.05,0.56376573260577
Bermuda,BMU,Female,0.387143885574587,0.0917228997460411,0.183445799492082,BH q>=0.05,
Bermuda,BMU,Male,0.619847301341409,0.00355520438513369,0.00971334206974769,BH q<0.05,0.619847301341409
Bolivarian Republic of Venezuela,VEN,Female,0.544570539688572,0.0130405930049153,0.0542914484286269,BH q>=0.05,
Bolivarian Republic of Venezuela,VEN,Male,0.708553850575569,0.000471030044991076,0.00219913417798761,BH q<0.05,0.708553850575569
Bosnia and Herzegovina,BIH,Female,0.5327175738335,0.0155935254888774,0.0572461332549945,BH q>=0.05,
Bosnia and Herzegovina,BIH,Male,0.786122749998718,3.97072504006582e-05,0.000405013954086714,BH q<0.05,0.786122749998718
Brunei Darussalam,BRN,Female,0.400204085091745,0.0803851175854044,0.163985639874225,BH q>=0.05,
Brunei Darussalam,BRN,Male,0.425192656961391,0.0616359438041256,0.102225467772696,BH q>=0.05,
Burkina Faso,BFA,Female,0.754583979088777,0.000120794352258811,0.00321524701537945,BH q<0.05,0.754583979088777
Burkina Faso,BFA,Male,0.822954113828684,8.37158699242968e-06,0.000229192356478941,BH q<0.05,0.822954113828684
Canada,CAN,Female,-0.301567724226078,0.196306678563937,0.325581808349944,BH q>=0.05,
Canada,CAN,Male,-0.313924083488813,0.177695581795761,0.258927847759537,BH q>=0.05,
Central African Republic,CAF,Female,0.496353464618073,0.026012232912609,0.0842300875265433,BH q>=0.05,
Central African Republic,CAF,Male,0.623808279312292,0.00329037710711293,0.00932273513681998,BH q<0.05,0.623808279312292
Commonwealth of Dominica,DMA,Female,0.247026813421518,0.293723600473006,0.435688624479611,BH q>=0.05,
Commonwealth of Dominica,DMA,Male,0.580387301282254,0.0072980394385858,0.0163604400601264,BH q<0.05,0.580387301282254
Commonwealth of the Bahamas,BHS,Female,0.221216107215437,0.348608320656579,0.493861787596821,BH q>=0.05,
Commonwealth of the Bahamas,BHS,Male,0.600164938429764,0.0051474456381678,0.0126515531347739,BH q<0.05,0.600164938429764
Cook Islands,COK,Female,0.401526433169207,0.0792980381414226,0.163402017988386,BH q>=0.05,
Cook Islands,COK,Male,0.243632466002712,0.300620222212011,0.395794384601313,BH q>=0.05,
Czech Republic,CZE,Female,0.352787589197133,0.127092258519396,0.227428252087341,BH q>=0.05,
Czech Republic,CZE,Male,0.683971024974347,0.000882396561204914,0.00327288906337823,BH q<0.05,0.683971024974347
Democratic People's Republic of Korea,PRK,Female,0.655698997814228,0.00169613473473709,0.0129123327378685,BH q<0.05,0.655698997814228
Democratic People's Republic of Korea,PRK,Male,0.796594665299277,2.63369604239599e-05,0.000298485551471546,BH q<0.05,0.796594665299277
Democratic Republic of Sao Tome and Principe,STP,Female,0.800158764080535,2.27797663034069e-05,0.00154902410863167,BH q<0.05,0.800158764080535
Democratic Republic of Sao Tome and Principe,STP,Male,0.86402817482153,9.11483340011277e-07,9.29713006811503e-05,BH q<0.05,0.86402817482153
Democratic Republic of Timor-Leste,TLS,Female,0.419615618286959,0.0655009500645535,0.151843111513283,BH q>=0.05,
Democratic Republic of Timor-Leste,TLS,Male,0.515746471363818,0.0199318563281205,0.0376490619531165,BH q<0.05,0.515746471363818
Democratic Republic of the Congo,COD,Female,0.575901801128254,0.00787599534736876,0.0377284337831285,BH q<0.05,0.575901801128254
Democratic Republic of the Congo,COD,Male,0.695314184899303,0.000665442640037073,0.00295109344712093,BH q<0.05,0.695314184899303
Democratic Socialist Republic of Sri Lanka,LKA,Female,0.169198947027104,0.475767941969387,0.624429872408403,BH q>=0.05,
Democratic Socialist Republic of Sri Lanka,LKA,Male,0.182875221878269,0.440277291996181,0.522189346321051,BH q>=0.05,
Dominican Republic,DOM,Female,0.469029554245421,0.0369621039166574,0.103291358890385,BH q>=0.05,
Dominican Republic,DOM,Male,0.684903782321142,0.000862551850742962,0.00327288906337823,BH q<0.05,0.684903782321142
Eastern Republic of Uruguay,URY,Female,-0.129415937406689,0.586582543682975,0.716543945576807,BH q>=0.05,
Eastern Republic of Uruguay,URY,Male,-0.01176000110532,0.960754058501017,0.975093671314465,BH q>=0.05,
Federal Democratic Republic of Ethiopia,ETH,Female,0.681458157442363,0.000937787668493321,0.00831776888576684,BH q<0.05,0.681458157442363
Federal Democratic Republic of Ethiopia,ETH,Male,0.746131280842043,0.000158370276764023,0.00100961051437064,BH q<0.05,0.746131280842043
Federal Democratic Republic of Nepal,NPL,Female,0.277598121626876,0.236022244307077,0.373244479369331,BH q>=0.05,
Federal Democratic Republic of Nepal,NPL,Male,0.428756713706319,0.059257886556568,0.0990869578486875,BH q>=0.05,
Federal Republic of Germany,DEU,Female,0.0920955417882868,0.699373341931456,0.801528998618073,BH q>=0.05,
Federal Republic of Germany,DEU,Male,0.205684125641984,0.384313870008427,0.480981775961467,BH q>=0.05,
Federal Republic of Nigeria,NGA,Female,0.835071837139161,4.63529746891894e-06,0.000945600683659464,BH q<0.05,0.835071837139161
Federal Republic of Nigeria,NGA,Male,0.890956515335011,1.38504702528866e-07,2.82549593158888e-05,BH q<0.05,0.890956515335011
Federal Republic of Somalia,SOM,Female,0.535026151501593,0.0150671967109536,0.0570868992094841,BH q>=0.05,
Federal Republic of Somalia,SOM,Male,0.684243475586707,0.000876560618583547,0.00327288906337823,BH q<0.05,0.684243475586707
Federated States of Micronesia,FSM,Female,0.508162422206076,0.0221578855215744,0.0766137058712063,BH q>=0.05,
Federated States of Micronesia,FSM,Male,0.299660955560529,0.199290467424685,0.28232816218497,BH q>=0.05,
Federative Republic of Brazil,BRA,Female,0.0312104442751629,0.896074955937563,0.930327416291984,BH q>=0.05,
Federative Republic of Brazil,BRA,Male,0.559205063740515,0.0103653690917021,0.021799332935126,BH q<0.05,0.559205063740515
French Republic,FRA,Female,0.0994384031886618,0.676602046850839,0.78569319405044,BH q>=0.05,
French Republic,FRA,Male,0.202388250825582,0.392144196418116,0.481912144995756,BH q>=0.05,
Gabonese Republic,GAB,Female,0.534830515493964,0.0151112380260399,0.0570868992094841,BH q>=0.05,
Gabonese Republic,GAB,Male,0.633168264422418,0.00272904333167736,0.00809527348414565,BH q<0.05,0.633168264422418
Georgia,GEO,Female,0.467123721711078,0.0378419740123565,0.104321117547577,BH q>=0.05,
Georgia,GEO,Male,0.669737890868612,0.00123653085729758,0.00434917749808115,BH q<0.05,0.669737890868612
Grand Duchy of Luxembourg,LUX,Female,0.261183849318014,0.266015298103892,0.40312028043298,BH q>=0.05,
Grand Duchy of Luxembourg,LUX,Male,0.40598869241411,0.0757101890371933,0.121613217036121,BH q>=0.05,
Greenland,GRL,Female,-0.522880482037174,0.0180041533962756,0.0644359174182494,BH q>=0.05,
Greenland,GRL,Male,-0.468547389720686,0.037183187765947,0.066538336002221,BH q>=0.05,
Grenada,GRD,Female,0.260970385076812,0.266420432168803,0.40312028043298,BH q>=0.05,
Grenada,GRD,Male,0.525589047043744,0.0173125518574806,0.0333184960276042,BH q<0.05,0.525589047043744
Guam,GUM,Female,0.420480538109092,0.0648898895288262,0.151843111513283,BH q>=0.05,
Guam,GUM,Male,0.0778137376950896,0.744362805813606,0.804712358228741,BH q>=0.05,
Hashemite Kingdom of Jordan,JOR,Female,0.0225523499976723,0.924811652266443,0.943307885311772,BH q>=0.05,
Hashemite Kingdom of Jordan,JOR,Male,0.218154755468446,0.355488509476508,0.447652197118565,BH q>=0.05,
Hellenic Republic,GRC,Female,0.0977857797648415,0.681704388955528,0.78569319405044,BH q>=0.05,
Hellenic Republic,GRC,Male,0.330572830479303,0.154572087299611,0.228497868182034,BH q>=0.05,
Hungary,HUN,Female,0.363942627053438,0.114690066941527,0.210781744649292,BH q>=0.05,
Hungary,HUN,Male,0.730444426013825,0.000255000431698569,0.00133384841196174,BH q<0.05,0.730444426013825
Independent State of Papua New Guinea,PNG,Female,0.475034408462256,0.0342934676695465,0.100296591902772,BH q>=0.05,
Independent State of Papua New Guinea,PNG,Male,0.286205685948117,0.221205894677096,0.31121381044226,BH q>=0.05,
Independent State of Samoa,WSM,Female,0.532195283621296,0.0157146248150965,0.0572461332549945,BH q>=0.05,
Independent State of Samoa,WSM,Male,0.375408462677081,0.102874305219109,0.157792167403746,BH q>=0.05,
Ireland,IRL,Female,-0.132920425556834,0.576399617767652,0.708346518220488,BH q>=0.05,
Ireland,IRL,Male,-0.236472263328294,0.315488481586737,0.404777674488643,BH q>=0.05,
Islamic Republic of Afghanistan,AFG,Female,-0.125982109989658,0.59663332538562,0.720196440110453,BH q>=0.05,
Islamic Republic of Afghanistan,AFG,Male,-0.0097854468076777,0.967339914998198,0.976917537918973,BH q>=0.05,
Islamic Republic of Iran,IRN,Female,-0.17372534901083,0.463865884210061,0.621323400429744,BH q>=0.05,
Islamic Republic of Iran,IRN,Male,-0.0600607666583557,0.801403175957358,0.851490874454692,BH q>=0.05,
Islamic Republic of Mauritania,MRT,Female,0.762379879869932,9.31976018335884e-05,0.00316871846234201,BH q<0.05,0.762379879869932
Islamic Republic of Mauritania,MRT,Male,0.817859023845509,1.05949450406244e-05,0.000240152087587486,BH q<0.05,0.817859023845509
Islamic Republic of Pakistan,PAK,Female,0.409488886945002,0.072981649313843,0.158385707021532,BH q>=0.05,
Islamic Republic of Pakistan,PAK,Male,0.558192222219051,0.0105348304596569,0.0218223745483308,BH q<0.05,0.558192222219051
Jamaica,JAM,Female,0.238760590250736,0.310689577068519,0.447406988495712,BH q>=0.05,
Jamaica,JAM,Male,0.59738004833122,0.00541400775060815,0.0131483045371912,BH q<0.05,0.59738004833122
Japan,JPN,Female,0.195298364998868,0.409284537654179,0.571877025215429,BH q>=0.05,
Japan,JPN,Male,0.0214489130647358,0.928481200592534,0.951809873974256,BH q>=0.05,
Kingdom of Bahrain,BHR,Female,-0.10978898800785,0.644960850960087,0.756160997677343,BH q>=0.05,
Kingdom of Bahrain,BHR,Male,0.135480601213928,0.56900912879893,0.65212282176956,BH q>=0.05,
Kingdom of Belgium,BEL,Female,-0.0358278048868992,0.880798257502581,0.930327416291984,BH q>=0.05,
Kingdom of Belgium,BEL,Male,0.0767779033000473,0.74765903409459,0.804712358228741,BH q>=0.05,
Kingdom of Bhutan,BTN,Female,0.422459658150933,0.0635078171774281,0.150646450048783,BH q>=0.05,
Kingdom of Bhutan,BTN,Male,0.619769232422067,0.00356059646071543,0.00971334206974769,BH q<0.05,0.619769232422067
Kingdom of Cambodia,KHM,Female,0.32306625629785,0.164724014732031,0.284777110214698,BH q>=0.05,
Kingdom of Cambodia,KHM,Male,0.322865697675009,0.165001386490171,0.242160308230179,BH q>=0.05,
Kingdom of Denmark,DNK,Female,0.0982093864608591,0.6803952583028,0.78569319405044,BH q>=0.05,
Kingdom of Denmark,DNK,Male,0.197292641237552,0.40442257884792,0.488178734230625,BH q>=0.05,
Kingdom of Eswatini,SWZ,Female,0.477036996903338,0.0334377463298761,0.100296591902772,BH q>=0.05,
Kingdom of Eswatini,SWZ,Male,0.542021633262925,0.0135588990951932,0.0269906619487907,BH q<0.05,0.542021633262925
Kingdom of Lesotho,LSO,Female,0.575327936355464,0.00795256202291434,0.0377284337831285,BH q<0.05,0.575327936355464
Kingdom of Lesotho,LSO,Male,0.541689519451223,0.013627638140811,0.0269906619487907,BH q<0.05,0.541689519451223
Kingdom of Morocco,MAR,Female,-0.138597942512603,0.560066570742365,0.696145355869523,BH q>=0.05,
Kingdom of Morocco,MAR,Male,-0.014158964890783,0.952755973669065,0.971811093142446,BH q>=0.05,
Kingdom of Norway,NOR,Female,-0.126862804004308,0.594048718500143,0.720196440110453,BH q>=0.05,
Kingdom of Norway,NOR,Male,0.0476996271604528,0.841717789391769,0.88510530430887,BH q>=0.05,
Kingdom of Saudi Arabia,SAU,Female,-0.0667876760795292,0.779658824123652,0.869127869514891,BH q>=0.05,
Kingdom of Saudi Arabia,SAU,Male,0.192895261790235,0.415185168902081,0.498222202682497,BH q>=0.05,
Kingdom of Spain,ESP,Female,-0.0338419999505363,0.887363706194864,0.930327416291984,BH q>=0.05,
Kingdom of Spain,ESP,Male,0.304643308887149,0.191557162512908,0.273270357710722,BH q>=0.05,
Kingdom of Sweden,SWE,Female,-0.011968653539499,0.960058262564526,0.964787613611642,BH q>=0.05,
Kingdom of Sweden,SWE,Male,0.137092448405,0.564377526566093,0.650469013669396,BH q>=0.05,
Kingdom of Thailand,THA,Female,0.555433410075371,0.0110078458743643,0.048817403442833,BH q<0.05,0.555433410075371
Kingdom of Thailand,THA,Male,0.55786374018063,0.0105902700013958,0.0218223745483308,BH q<0.05,0.55786374018063
Kingdom of Tonga,TON,Female,0.545800890646687,0.0127961948811737,0.0542914484286269,BH q>=0.05,
Kingdom of Tonga,TON,Male,0.417156058779972,0.0672622930234948,0.109772062214344,BH q>=0.05,
Kingdom of the Netherlands,NLD,Female,0.061169217075736,0.797810032455043,0.875017454950693,BH q>=0.05,
Kingdom of the Netherlands,NLD,Male,0.128563709448726,0.589070307823645,0.663924545834384,BH q>=0.05,
Kyrgyz Republic,KGZ,Female,0.473989341549952,0.034746764136155,0.100296591902772,BH q>=0.05,
Kyrgyz Republic,KGZ,Male,0.551445974312906,0.0117218023708427,0.023675719640118,BH q<0.05,0.551445974312906
Lao People's Democratic Republic,LAO,Female,0.333325315374585,0.150960885002047,0.267791482960153,BH q>=0.05,
Lao People's Democratic Republic,LAO,Male,0.373382844555444,0.104894527358671,0.159690175978872,BH q>=0.05,
Lebanese Republic,LBN,Female,-0.260785955321821,0.266770773815943,0.40312028043298,BH q>=0.05,
Lebanese Republic,LBN,Male,-0.0884405417971695,0.710802265679234,0.779589581712708,BH q>=0.05,
Malaysia,MYS,Female,0.51788323048081,0.0193380023093733,0.0680164219157267,BH q>=0.05,
Malaysia,MYS,Male,0.576024502449489,0.00785970260954398,0.0174280362211627,BH q<0.05,0.576024502449489
Mongolia,MNG,Female,0.422760556776492,0.0632996518741946,0.150646450048783,BH q>=0.05,
Mongolia,MNG,Male,0.585323182800818,0.00670264819804071,0.0155379571863671,BH q<0.05,0.585323182800818
Montenegro,MNE,Female,0.48720707353468,0.0293461827335704,0.0907063829946722,BH q>=0.05,
Montenegro,MNE,Male,0.722192960583391,0.000323488930383459,0.0015712319475768,BH q<0.05,0.722192960583391
New Zealand,NZL,Female,-0.295412939889639,0.206046340290201,0.336267627353609,BH q>=0.05,
New Zealand,NZL,Male,-0.274036550451263,0.242335927101694,0.338606363895518,BH q>=0.05,
North Macedonia,MKD,Female,0.369135513585565,0.109223658945882,0.204418591054678,BH q>=0.05,
North Macedonia,MKD,Male,0.723385388808266,0.000312716078612981,0.00155595317163532,BH q<0.05,0.723385388808266
Northern Mariana Islands,MNP,Female,0.435829409824947,0.0547453497911938,0.132952992350042,BH q>=0.05,
Northern Mariana Islands,MNP,Male,0.183794316173008,0.437943183662078,0.522189346321051,BH q>=0.05,
Palestine,PSE,Female,-0.0706222074405223,0.767332977287324,0.860087513003374,BH q>=0.05,
Palestine,PSE,Male,-0.0326537728875638,0.891295618479935,0.922966021167039,BH q>=0.05,
People's Democratic Republic of Algeria,DZA,Female,-0.00597953136141581,0.980039414394307,0.980039414394307,BH q>=0.05,
People's Democratic Republic of Algeria,DZA,Male,0.240455294818493,0.307164109007168,0.399117695780014,BH q>=0.05,
People's Republic of Bangladesh,BGD,Female,0.142556236817503,0.548802253767725,0.686844538457766,BH q>=0.05,
People's Republic of Bangladesh,BGD,Male,0.582335778948653,0.00705803705938801,0.0161696310395759,BH q<0.05,0.582335778948653
People's Republic of China,CHN,Female,0.639366599998887,0.00240315134039656,0.0144771305699882,BH q<0.05,0.639366599998887
People's Republic of China,CHN,Male,0.803712636423661,1.96546839032533e-05,0.000255941546853589,BH q<0.05,0.803712636423661
Plurinational State of Bolivia,BOL,Female,0.115135092448546,0.628841216135507,0.74152374619447,BH q>=0.05,
Plurinational State of Bolivia,BOL,Male,0.38418312113722,0.0944485395681429,0.147080168487795,BH q>=0.05,
Portuguese Republic,PRT,Female,0.244006828304613,0.299854798245279,0.436931277443121,BH q>=0.05,
Portuguese Republic,PRT,Male,0.402376262218329,0.0786051945548189,0.125277028821743,BH q>=0.05,
Principality of Andorra,AND,Female,0.0291315612562129,0.902964845224573,0.930327416291984,BH q>=0.05,
Principality of Andorra,AND,Male,0.129852979371928,0.585308490381163,0.663349622431985,BH q>=0.05,
Principality of Monaco,MCO,Female,-0.0239192354180644,0.920268023993727,0.943307885311772,BH q>=0.05,
Principality of Monaco,MCO,Male,0.097385620223087,0.682941862562319,0.757442675352487,BH q>=0.05,
Puerto Rico,PRI,Female,0.300160774778314,0.198505420151303,0.326573433152144,BH q>=0.05,
Puerto Rico,PRI,Male,0.623934997166777,0.00328218326404601,0.00932273513681998,BH q<0.05,0.623934997166777
Republic of Albania,ALB,Female,0.383006690771063,0.0955478385273337,0.187420760188231,BH q>=0.05,
Republic of Albania,ALB,Male,0.724124681077242,0.000306191870004472,0.00155595317163532,BH q<0.05,0.724124681077242
Republic of Angola,AGO,Female,0.449100107646328,0.046989771018404,0.119239077868731,BH q>=0.05,
Republic of Angola,AGO,Male,0.636432133779292,0.00255313530145519,0.00777372539547551,BH q<0.05,0.636432133779292
Republic of Armenia,ARM,Female,0.413583851980873,0.0698835012422651,0.156940766099688,BH q>=0.05,
Republic of Armenia,ARM,Male,0.638120850410779,0.00246589883386247,0.00773912864781453,BH q<0.05,0.638120850410779
Republic of Austria,AUT,Female,0.120754537541937,0.612070078794406,0.734484094553287,BH q>=0.05,
Republic of Austria,AUT,Male,0.181444532492278,0.443923568509383,0.523470566334764,BH q>=0.05,
Republic of Azerbaijan,AZE,Female,0.450609002099026,0.0461644475782696,0.119239077868731,BH q>=0.05,
Republic of Azerbaijan,AZE,Male,0.685592875209889,0.000848134553318402,0.00327288906337823,BH q<0.05,0.685592875209889
Republic of Belarus,BLR,Female,0.172912295391258,0.465992550322308,0.621323400429744,BH q>=0.05,
Republic of Belarus,BLR,Male,0.414293408558413,0.069356848745261,0.112292040825661,BH q>=0.05,
Republic of Benin,BEN,Female,0.742520121173512,0.000177243679587178,0.00328706460325312,BH q<0.05,0.742520121173512
Republic of Benin,BEN,Male,0.776545722091488,5.67058775699936e-05,0.000444923039395334,BH q<0.05,0.776545722091488
Republic of Botswana,BWA,Female,0.624362603733122,0.00325465830748336,0.0174723761770159,BH q<0.05,0.624362603733122
Republic of Botswana,BWA,Male,0.661600048653597,0.00148802556755207,0.00505928692967705,BH q<0.05,0.661600048653597
Republic of Bulgaria,BGR,Female,0.361047880608488,0.117821250685373,0.21434431657095,BH q>=0.05,
Republic of Bulgaria,BGR,Male,0.693255846768632,0.000701048239918523,0.00297945501965372,BH q<0.05,0.693255846768632
Republic of Burundi,BDI,Female,0.635286356108231,0.00261377752071518,0.0152345889778828,BH q<0.05,0.635286356108231
Republic of Burundi,BDI,Male,0.740340837498787,0.000189540086188673,0.00107406048840248,BH q<0.05,0.740340837498787
Republic of Côte d'Ivoire,CIV,Female,0.763613206504242,8.93720483083082e-05,0.00316871846234201,BH q<0.05,0.763613206504242
Republic of Côte d'Ivoire,CIV,Male,0.811171200630314,1.42796924584745e-05,0.000252108041560689,BH q<0.05,0.811171200630314
Republic of Cabo Verde,CPV,Female,0.712003866574798,0.00042916633269059,0.00483462646322347,BH q<0.05,0.712003866574798
Republic of Cabo Verde,CPV,Male,0.636557842102432,0.00254655399218571,0.00777372539547551,BH q<0.05,0.636557842102432
Republic of Cameroon,CMR,Female,0.725051988004943,0.000298172858541053,0.00405515087615832,BH q<0.05,0.725051988004943
Republic of Cameroon,CMR,Male,0.775333251014479,5.92502954373803e-05,0.000447668898860207,BH q<0.05,0.775333251014479
Republic of Chad,TCD,Female,0.746284300003077,0.000157610147812718,0.00321524701537945,BH q<0.05,0.746284300003077
Republic of Chad,TCD,Male,0.803208693936249,2.00738468120462e-05,0.000255941546853589,BH q<0.05,0.803208693936249
Republic of Chile,CHL,Female,-0.173358709275138,0.464824274513604,0.621323400429744,BH q>=0.05,
Republic of Chile,CHL,Male,-0.0505843407865575,0.832271800712206,0.879706981063679,BH q>=0.05,
Republic of Colombia,COL,Female,0.625295808066525,0.00319525351348995,0.0174723761770159,BH q<0.05,0.625295808066525
Republic of Colombia,COL,Male,0.655766475045082,0.00169362404807115,0.00557256944849216,BH q<0.05,0.655766475045082
Republic of Costa Rica,CRI,Female,0.404241880568303,0.0770999933545562,0.162291780346961,BH q>=0.05,
Republic of Costa Rica,CRI,Male,0.611325183498528,0.00418526584313522,0.0111049046897647,BH q<0.05,0.611325183498528
Republic of Croatia,HRV,Female,0.38057686387026,0.0978479278539114,0.189202955243619,BH q>=0.05,
Republic of Croatia,HRV,Male,0.777814462859008,5.41447699811868e-05,0.000441821323046485,BH q<0.05,0.777814462859008
Republic of Cuba,CUB,Female,0.454158211620136,0.0442670718566832,0.117278995568355,BH q>=0.05,
Republic of Cuba,CUB,Male,0.610498789351631,0.00425098536635046,0.0111179617273781,BH q<0.05,0.610498789351631
Republic of Cyprus,CYP,Female,0.148168416945742,0.533008983903489,0.671196498248838,BH q>=0.05,
Republic of Cyprus,CYP,Male,0.434190732574473,0.0557667792525627,0.0948035247293567,BH q>=0.05,
Republic of Djibouti,DJI,Female,0.686576803567766,0.00082790199546199,0.00767690941246573,BH q<0.05,0.686576803567766
Republic of Djibouti,DJI,Male,0.777997486646739,5.37836754615404e-05,0.000441821323046485,BH q<0.05,0.777997486646739
Republic of Ecuador,ECU,Female,0.168543049729629,0.477505196547602,0.624429872408403,BH q>=0.05,
Republic of Ecuador,ECU,Male,0.437056422037085,0.0539898959392401,0.0930932371733042,BH q>=0.05,
Republic of El Salvador,SLV,Female,0.403168086355249,0.0779636984019713,0.162291780346961,BH q>=0.05,
Republic of El Salvador,SLV,Male,0.632294877827695,0.00277778992103037,0.00809527348414565,BH q<0.05,0.632294877827695
Republic of Equatorial Guinea,GNQ,Female,0.49911328181236,0.0250673258984228,0.083721475316636,BH q>=0.05,
Republic of Equatorial Guinea,GNQ,Male,0.679030939714854,0.000994049646644285,0.00355765136693744,BH q<0.05,0.679030939714854
Republic of Estonia,EST,Female,0.458198222398624,0.0421810681098773,0.113222867031776,BH q>=0.05,
Republic of Estonia,EST,Male,0.693964303709633,0.000688615477890864,0.00297945501965372,BH q<0.05,0.693964303709633
Republic of Fiji,FJI,Female,0.385400457136779,0.0933207929113345,0.184829531591381,BH q>=0.05,
Republic of Fiji,FJI,Male,0.203020434319857,0.390635447874696,0.481912144995756,BH q>=0.05,
Republic of Finland,FIN,Female,-0.116063019109577,0.626059456054365,0.74152374619447,BH q>=0.05,
Republic of Finland,FIN,Male,0.00180274484909359,0.993981641733634,0.994313120577629,BH q>=0.05,
Republic of Ghana,GHA,Female,0.732432215415567,0.000240493898756887,0.00385942218761546,BH q<0.05,0.732432215415567
Republic of Ghana,GHA,Male,0.809772599824818,1.51771358613131e-05,0.000252108041560689,BH q<0.05,0.809772599824818
Republic of Guatemala,GTM,Female,0.379630708516464,0.098754403730496,0.189202955243619,BH q>=0.05,
Republic of Guatemala,GTM,Male,0.570474957947475,0.00862469014362611,0.0189186751537605,BH q<0.05,0.570474957947475
Republic of Guinea,GIN,Female,0.716495159753148,0.00037944200243151,0.00483462646322347,BH q<0.05,0.716495159753148
Republic of Guinea,GIN,Male,0.794033280889774,2.91812285773172e-05,0.000313314243672248,BH q<0.05,0.794033280889774
Republic of Guinea-Bissau,GNB,Female,0.714004798607506,0.000406369103459597,0.00483462646322347,BH q<0.05,0.714004798607506
Republic of Guinea-Bissau,GNB,Male,0.808456770978282,1.60657085308282e-05,0.000252108041560689,BH q<0.05,0.808456770978282
Republic of Guyana,GUY,Female,0.013513791958007,0.954906567241031,0.964361087708764,BH q>=0.05,
Republic of Guyana,GUY,Male,0.177468283198426,0.454139713225606,0.532439663781745,BH q>=0.05,
Republic of Haiti,HTI,Female,0.246528206860226,0.294730540089149,0.435688624479611,BH q>=0.05,
Republic of Haiti,HTI,Male,0.581716044417416,0.00713366075275406,0.0161696310395759,BH q<0.05,0.581716044417416
Republic of Honduras,HND,Female,0.504698201549172,0.0232382024636659,0.079009888376464,BH q>=0.05,
Republic of Honduras,HND,Male,0.741960476009183,0.000180334317717731,0.00107406048840248,BH q<0.05,0.741960476009183
Republic of Iceland,ISL,Female,0.287799340089367,0.218531158378661,0.351674879764461,BH q>=0.05,
Republic of Iceland,ISL,Male,0.305017948038499,0.190983945737631,0.273270357710722,BH q>=0.05,
Republic of India,IND,Female,0.257708848007515,0.272658724737462,0.408988087106193,BH q>=0.05,
Republic of India,IND,Male,0.474460552812017,0.0345418021560792,0.0634822309895509,BH q>=0.05,
Republic of Indonesia,IDN,Female,0.261925801569448,0.264610161369962,0.40312028043298,BH q>=0.05,
Republic of Indonesia,IDN,Male,0.421318174276435,0.0643022075440216,0.105787502733713,BH q>=0.05,
Republic of Iraq,IRQ,Female,-0.162100896548602,0.494735400618023,0.634754853623124,BH q>=0.05,
Republic of Iraq,IRQ,Male,-0.082051266855447,0.73092321995596,0.797370785406502,BH q>=0.05,
Republic of Italy,ITA,Female,0.159064476434982,0.502960473464681,0.637291531595,BH q>=0.05,
Republic of Italy,ITA,Male,0.429631726591661,0.0586848273697745,0.098939708954,BH q>=0.05,
Republic of Kazakhstan,KAZ,Female,0.458847542530072,0.0418530078153851,0.113222867031776,BH q>=0.05,
Republic of Kazakhstan,KAZ,Male,0.556372436768785,0.0108449497662428,0.0221236975231352,BH q<0.05,0.556372436768785
Republic of Kenya,KEN,Female,0.70686412377203,0.000492768078233715,0.00502623439798389,BH q<0.05,0.70686412377203
Republic of Kenya,KEN,Male,0.808840532503644,1.58020159020608e-05,0.000252108041560689,BH q<0.05,0.808840532503644
Republic of Kiribati,KIR,Female,0.489137751799143,0.0286159223280366,0.0898099716141456,BH q>=0.05,
Republic of Kiribati,KIR,Male,0.198896671524908,0.400535049512532,0.48636398869379,BH q>=0.05,
Republic of Korea,KOR,Female,0.552047349071001,0.0116117882776215,0.0504001023113785,BH q>=0.05,
Republic of Korea,KOR,Male,0.472208547456386,0.0355299281653136,0.0647152263011069,BH q>=0.05,
Republic of Latvia,LVA,Female,0.272169539622389,0.245688558177661,0.382598976093456,BH q>=0.05,
Republic of Latvia,LVA,Male,0.588821744960068,0.00630524043264922,0.014784701704143,BH q<0.05,0.588821744960068
Republic of Liberia,LBR,Female,0.729147536767747,0.000264862306993218,0.00385942218761546,BH q<0.05,0.729147536767747
Republic of Liberia,LBR,Male,0.838714844359805,3.84487479194701e-06,0.000208186294180673,BH q<0.05,0.838714844359805
Republic of Lithuania,LTU,Female,0.163094437413257,0.492058439895139,0.634754853623124,BH q>=0.05,
Republic of Lithuania,LTU,Male,0.345859962739889,0.135258004268158,0.202887006402236,BH q>=0.05,
Republic of Madagascar,MDG,Female,0.641324004004613,0.0023072526755852,0.0144771305699882,BH q<0.05,0.641324004004613
Republic of Madagascar,MDG,Male,0.740593083831231,0.000188080463720926,0.00107406048840248,BH q<0.05,0.740593083831231
Republic of Malawi,MWI,Female,0.642628999221147,0.00224510976260588,0.0144771305699882,BH q<0.05,0.642628999221147
Republic of Malawi,MWI,Male,0.744286152695629,0.000167786269798024,0.00103722421329688,BH q<0.05,0.744286152695629
Republic of Maldives,MDV,Female,0.540228562875318,0.0139333619753714,0.0557334479014855,BH q>=0.05,
Republic of Maldives,MDV,Male,0.602971127628361,0.00488988124842974,0.0123152564775267,BH q<0.05,0.602971127628361
Republic of Mali,MLI,Female,0.730490660633225,0.000254654722395236,0.00385942218761546,BH q<0.05,0.730490660633225
Republic of Mali,MLI,Male,0.761995647962567,9.44178098229464e-05,0.000664180455306244,BH q<0.05,0.761995647962567
Republic of Malta,MLT,Female,0.159090811142572,0.502888855255018,0.637291531595,BH q>=0.05,
Republic of Malta,MLT,Male,0.517435179796996,0.0194613414876461,0.03710386601383,BH q<0.05,0.517435179796996
Republic of Mauritius,MUS,Female,0.179666884912849,0.448475964804674,0.614020784027876,BH q>=0.05,
Republic of Mauritius,MUS,Male,0.200831100677944,0.395874182280897,0.483582833444928,BH q>=0.05,
Republic of Moldova,MDA,Female,0.244592054245232,0.298660622380083,0.436931277443121,BH q>=0.05,
Republic of Moldova,MDA,Male,0.601683464629962,0.00500671575046482,0.01245573186701,BH q<0.05,0.601683464629962
Republic of Mozambique,MOZ,Female,0.604243296073551,0.00477667059519249,0.0249522973628287,BH q<0.05,0.604243296073551
Republic of Mozambique,MOZ,Male,0.688232008784275,0.00079478636804268,0.00321840999861667,BH q<0.05,0.688232008784275
Republic of Namibia,NAM,Female,0.599932133639689,0.00516930629460421,0.0257204508316892,BH q<0.05,0.599932133639689
Republic of Namibia,NAM,Male,0.632380937825859,0.00277295465621161,0.00809527348414565,BH q<0.05,0.632380937825859
Republic of Nauru,NRU,Female,0.412282194243132,0.0708574122395152,0.156940766099688,BH q>=0.05,
Republic of Nauru,NRU,Male,0.245536642320189,0.296739284124319,0.395652378832425,BH q>=0.05,
Republic of Nicaragua,NIC,Female,0.403312994438127,0.0778467237820699,0.162291780346961,BH q>=0.05,
Republic of Nicaragua,NIC,Male,0.654188917269866,0.00175314355848961,0.00567684580844254,BH q<0.05,0.654188917269866
Republic of Niue,NIU,Female,0.412915140102084,0.0703825757120369,0.156940766099688,BH q>=0.05,
Republic of Niue,NIU,Male,0.235085915810251,0.318417334853077,0.405982101937673,BH q>=0.05,
Republic of Palau,PLW,Female,0.406983345955074,0.0749272085052101,0.160896321421714,BH q>=0.05,
Republic of Palau,PLW,Male,0.243580715315272,0.30072612555492,0.395794384601313,BH q>=0.05,
Republic of Panama,PAN,Female,0.477482537808572,0.0332496511229098,0.100296591902772,BH q>=0.05,
Republic of Panama,PAN,Male,0.705694810221728,0.000508304983400262,0.00230431592474785,BH q<0.05,0.705694810221728
Republic of Paraguay,PRY,Female,-0.057334281249021,0.810257541511856,0.883917318012934,BH q>=0.05,
Republic of Paraguay,PRY,Male,0.459892744039301,0.041329078701907,0.0733141917842525,BH q>=0.05,
Republic of Peru,PER,Female,0.331625445114976,0.153184071321054,0.269392677150818,BH q>=0.05,
Republic of Peru,PER,Male,0.568737929627651,0.0088762342268851,0.0192633168328145,BH q<0.05,0.568737929627651
Republic of Poland,POL,Female,0.396332835951362,0.0836311571648829,0.168918376847882,BH q>=0.05,
Republic of Poland,POL,Male,0.366946113691401,0.111504942290502,0.168496357238981,BH q>=0.05,
Republic of Rwanda,RWA,Female,0.64613921762798,0.0020848547323245,0.0141770121798066,BH q<0.05,0.64613921762798
Republic of Rwanda,RWA,Male,0.76060765629003,9.89407820544423e-05,0.000672797317970208,BH q<0.05,0.76060765629003
Republic of San Marino,SMR,Female,-0.0376009890105358,0.874942082170419,0.92962596230607,BH q>=0.05,
Republic of San Marino,SMR,Male,0.06488535978556,0.785792730372643,0.83927600521476,BH q>=0.05,
Republic of Senegal,SEN,Female,0.690567392915587,0.000749972206721108,0.0072854442938622,BH q<0.05,0.690567392915587
Republic of Senegal,SEN,Male,0.76445497150245,8.68392680883359e-05,0.000632686096072162,BH q<0.05,0.76445497150245
Republic of Serbia,SRB,Female,0.321117911302595,0.167432169253058,0.287026575862385,BH q>=0.05,
Republic of Serbia,SRB,Male,0.7783278946462,5.31370565608982e-05,0.000441821323046485,BH q<0.05,0.7783278946462
Republic of Seychelles,SYC,Female,0.360218148361797,0.118729940061359,0.21434431657095,BH q>=0.05,
Republic of Seychelles,SYC,Male,0.45521813156094,0.0437122669523783,0.0762162603272237,BH q>=0.05,
Republic of Sierra Leone,SLE,Female,0.7518926372685,0.000131823706031218,0.00321524701537945,BH q<0.05,0.7518926372685
Republic of Sierra Leone,SLE,Male,0.829481589050031,6.12312629943155e-06,0.000208186294180673,BH q<0.05,0.829481589050031
Republic of Singapore,SGP,Female,0.651722287832724,0.00184971531724704,0.0134764973113713,BH q<0.05,0.651722287832724
Republic of Singapore,SGP,Male,0.504056667207823,0.0234427673578919,0.0438745370734859,BH q<0.05,0.504056667207823
Republic of Slovenia,SVN,Female,0.536200124656152,0.0148050754524236,0.0570868992094841,BH q>=0.05,
Republic of Slovenia,SVN,Male,0.805394877722604,1.83098445854643e-05,0.000255941546853589,BH q<0.05,0.805394877722604
Republic of South Africa,ZAF,Female,0.561797979055097,0.00994160533205503,0.0450686108386495,BH q<0.05,0.561797979055097
Republic of South Africa,ZAF,Male,0.591238274571453,0.00604220420510663,0.014370013567648,BH q<0.05,0.591238274571453
Republic of South Sudan,SSD,Female,0.656043054996852,0.00168336562226667,0.0129123327378685,BH q<0.05,0.656043054996852
Republic of South Sudan,SSD,Male,0.780825774422983,4.84617921433306e-05,0.000441821323046485,BH q<0.05,0.780825774422983
Republic of Sudan,SDN,Female,-0.162374412776089,0.49399773957774,0.634754853623124,BH q>=0.05,
Republic of Sudan,SDN,Male,-0.0435642012203027,0.855295322588674,0.894770491323536,BH q>=0.05,
Republic of Suriname,SUR,Female,0.0635160962604673,0.790215395948625,0.872169069761233,BH q>=0.05,
Republic of Suriname,SUR,Male,0.228551837809752,0.332439434948819,0.421227607015895,BH q>=0.05,
Republic of Tajikistan,TJK,Female,0.489238136153953,0.0285783473456027,0.0898099716141456,BH q>=0.05,
Republic of Tajikistan,TJK,Male,0.662985425772494,0.00144241046542198,0.00498731754145904,BH q<0.05,0.662985425772494
Republic of Trinidad and Tobago,TTO,Female,0.0428428682592757,0.857667745258983,0.916043036821112,BH q>=0.05,
Republic of Trinidad and Tobago,TTO,Male,0.20445597340868,0.387221430690895,0.481665682078918,BH q>=0.05,
Republic of Tunisia,TUN,Female,0.018543119524265,0.938151065195081,0.952153319899485,BH q>=0.05,
Republic of Tunisia,TUN,Male,0.170440146883338,0.47248910362694,0.550787297942261,BH q>=0.05,
Republic of Turkey,TUR,Female,-0.177569383493999,0.453878466681166,0.617274714686385,BH q>=0.05,
Republic of Turkey,TUR,Male,-0.0885930884122835,0.710324053607811,0.779589581712708,BH q>=0.05,
Republic of Uganda,UGA,Female,0.60294079510713,0.00489260732604485,0.0249522973628287,BH q<0.05,0.60294079510713
Republic of Uganda,UGA,Male,0.691231452845695,0.000737626998287031,0.00307093689082764,BH q<0.05,0.691231452845695
Republic of Uzbekistan,UZB,Female,0.448457053417893,0.0473449279772902,0.119239077868731,BH q>=0.05,
Republic of Uzbekistan,UZB,Male,0.608709078842445,0.00439624225186616,0.0113523217643126,BH q<0.05,0.608709078842445
Republic of Vanuatu,VUT,Female,0.472264194951435,0.0355052490743043,0.100598205710529,BH q>=0.05,
Republic of Vanuatu,VUT,Male,0.262337867549546,0.263831798237866,0.361219374768623,BH q>=0.05,
Republic of Yemen,YEM,Female,-0.0632926721768882,0.790937636793275,0.872169069761233,BH q>=0.05,
Republic of Yemen,YEM,Male,0.131671072255521,0.580021090978266,0.661029623237801,BH q>=0.05,
Republic of Zambia,ZMB,Female,0.63917218689762,0.00241285509499803,0.0144771305699882,BH q<0.05,0.63917218689762
Republic of Zambia,ZMB,Male,0.708293676777471,0.000474323057997328,0.00219913417798761,BH q<0.05,0.708293676777471
Republic of Zimbabwe,ZWE,Female,0.811011025679192,1.43800810146941e-05,0.00146676826349879,BH q<0.05,0.811011025679192
Republic of Zimbabwe,ZWE,Male,0.82143394128951,8.98793554819376e-06,0.000229192356478941,BH q<0.05,0.82143394128951
Republic of the Congo,COG,Female,0.473622126948491,0.0349071471818471,0.100296591902772,BH q>=0.05,
Republic of the Congo,COG,Male,0.687735385599564,0.000804602499654168,0.00321840999861667,BH q<0.05,0.687735385599564
Republic of the Gambia,GMB,Female,0.710229458177206,0.00045028383726101,0.00483462646322347,BH q<0.05,0.710229458177206
Republic of the Gambia,GMB,Male,0.832128222958224,5.3737883272872e-06,0.000208186294180673,BH q<0.05,0.832128222958224
Republic of the Marshall Islands,MHL,Female,0.498001200135741,0.0254447621060364,0.083721475316636,BH q>=0.05,
Republic of the Marshall Islands,MHL,Male,0.271507934377379,0.246883711028359,0.342614129590376,BH q>=0.05,
Republic of the Niger,NER,Female,0.776340657734102,5.71294738720899e-05,0.00291360316747658,BH q<0.05,0.776340657734102
Republic of the Niger,NER,Male,0.833922034613633,4.91249812383578e-06,0.000208186294180673,BH q<0.05,0.833922034613633
Republic of the Philippines,PHL,Female,0.449335898514137,0.0468600584007023,0.119239077868731,BH q>=0.05,
Republic of the Philippines,PHL,Male,0.474860815738561,0.0343684420618335,0.0634822309895509,BH q>=0.05,
Republic of the Union of Myanmar,MMR,Female,0.199069844365181,0.400116578854756,0.562922635078415,BH q>=0.05,
Republic of the Union of Myanmar,MMR,Male,0.341599753925031,0.140459647328033,0.209151591641742,BH q>=0.05,
Romania,ROU,Female,0.287557996191939,0.218934851618071,0.351674879764461,BH q>=0.05,
Romania,ROU,Male,0.526053387842132,0.0171961524169756,0.0333184960276042,BH q<0.05,0.526053387842132
Russian Federation,RUS,Female,0.303723248438925,0.192969803898623,0.322670819633762,BH q>=0.05,
Russian Federation,RUS,Male,0.53356781687366,0.0153979898842238,0.0302037493882851,BH q<0.05,0.53356781687366
Saint Kitts and Nevis,KNA,Female,0.278847593613116,0.233832709879113,0.372670881369837,BH q>=0.05,
Saint Kitts and Nevis,KNA,Male,0.644739105857929,0.00214758826661951,0.00684543759984967,BH q<0.05,0.644739105857929
Saint Lucia,LCA,Female,0.184241584158152,0.43680967079754,0.602089005693907,BH q>=0.05,
Saint Lucia,LCA,Male,0.45831272385107,0.0421230740214107,0.0740785094859292,BH q>=0.05,
Saint Vincent and the Grenadines,VCT,Female,0.238405973395092,0.311430354737211,0.447406988495712,BH q>=0.05,
Saint Vincent and the Grenadines,VCT,Male,0.470029337675207,0.0365069364997298,0.0659063278402201,BH q>=0.05,
Slovak Republic,SVK,Female,0.325128531015723,0.161890487735097,0.282270593999657,BH q>=0.05,
Slovak Republic,SVK,Male,0.60372332877916,0.00482267835559594,0.0122978298067696,BH q<0.05,0.60372332877916
Socialist Republic of Viet Nam,VNM,Female,0.379127697389968,0.099238804956212,0.189202955243619,BH q>=0.05,
Socialist Republic of Viet Nam,VNM,Male,0.37924016028273,0.0991303528715065,0.153201454437783,BH q>=0.05,
Solomon Islands,SLB,Female,0.44616304127939,0.0486287156107015,0.12097875590955,BH q>=0.05,
Solomon Islands,SLB,Male,0.255164084303968,0.277588917427891,0.377520927701931,BH q>=0.05,
State of Eritrea,ERI,Female,0.647793644216538,0.0020127085396549,0.014158363520331,BH q<0.05,0.647793644216538
State of Eritrea,ERI,Male,0.751776302415268,0.000132319308825475,0.000870746419367641,BH q<0.05,0.751776302415268
State of Israel,ISR,Female,0.316255585602273,0.174323511941508,0.296349970300564,BH q>=0.05,
State of Israel,ISR,Male,0.385349321686262,0.0933679655873478,0.146515884460146,BH q>=0.05,
State of Kuwait,KWT,Female,0.0844595312286252,0.723318487169556,0.824340622249103,BH q>=0.05,
State of Kuwait,KWT,Male,0.266235414183014,0.256541041151905,0.353610624290463,BH q>=0.05,
State of Libya,LBY,Female,-0.0741286161234285,0.756108669909337,0.856923159230582,BH q>=0.05,
State of Libya,LBY,Male,0.0973074828540985,0.683183589533616,0.757442675352487,BH q>=0.05,
State of Qatar,QAT,Female,-0.0304092472876118,0.898729482497397,0.930327416291984,BH q>=0.05,
State of Qatar,QAT,Male,0.253046644295514,0.281733212603112,0.378115627441018,BH q>=0.05,
Sultanate of Oman,OMN,Female,-0.0305020322567383,0.898422013704795,0.930327416291984,BH q>=0.05,
Sultanate of Oman,OMN,Male,0.108382619239656,0.649227181246522,0.727705192166431,BH q>=0.05,
Swiss Confederation,CHE,Female,0.0721256269614425,0.762514800981972,0.859408946963107,BH q>=0.05,
Swiss Confederation,CHE,Male,0.30529403366237,0.190562259671944,0.273270357710722,BH q>=0.05,
Syrian Arab Republic,SYR,Female,-0.137552460167571,0.563058743717997,0.696145355869523,BH q>=0.05,
Syrian Arab Republic,SYR,Male,0.0367002368109147,0.877916172338471,0.913749485495143,BH q>=0.05,
Taiwan (Province of China),TWN,Female,0.669631393373602,0.00123957449352165,0.010536383194934,BH q<0.05,0.669631393373602
Taiwan (Province of China),TWN,Male,0.730853559002736,0.00025195510152882,0.00133384841196174,BH q<0.05,0.730853559002736
Togolese Republic,TGO,Female,0.748829931526703,0.000145415469654846,0.00321524701537945,BH q<0.05,0.748829931526703
Togolese Republic,TGO,Male,0.797141266486532,2.57620763027793e-05,0.000298485551471546,BH q<0.05,0.797141266486532
Tokelau,TKL,Female,0.411369246920262,0.0715465257219168,0.156940766099688,BH q>=0.05,
Tokelau,TKL,Male,0.239133921488113,0.309910855048335,0.400138066011774,BH q>=0.05,
Turkmenistan,TKM,Female,0.569286643799182,0.00879613573844698,0.0407820838782542,BH q<0.05,0.569286643799182
Turkmenistan,TKM,Male,0.679122554135007,0.0009918755177446,0.00355765136693744,BH q<0.05,0.679122554135007
Tuvalu,TUV,Female,0.411953150843117,0.071105206439692,0.156940766099688,BH q>=0.05,
Tuvalu,TUV,Male,0.241203788484405,0.305614767912025,0.399117695780014,BH q>=0.05,
Ukraine,UKR,Female,0.371213847295356,0.107089469241261,0.202280108566826,BH q>=0.05,
Ukraine,UKR,Male,0.619617703528593,0.00357108164328959,0.00971334206974769,BH q<0.05,0.619617703528593
Union of the Comoros,COM,Female,0.65535493372923,0.00170898521530613,0.0129123327378685,BH q<0.05,0.65535493372923
Union of the Comoros,COM,Male,0.778142135863197,5.34997623398886e-05,0.000441821323046485,BH q<0.05,0.778142135863197
United Arab Emirates,ARE,Female,-0.193468066873086,0.4137745392845,0.574217727986652,BH q>=0.05,
United Arab Emirates,ARE,Male,0.00170345177450382,0.994313120577629,0.994313120577629,BH q>=0.05,
United Kingdom of Great Britain and Northern Ireland,GBR,Female,-0.0532559700151787,0.823543227605336,0.889486147948059,BH q>=0.05,
United Kingdom of Great Britain and Northern Ireland,GBR,Male,0.02182618832742,0.927226388169989,0.951809873974256,BH q>=0.05,
United Mexican States,MEX,Female,0.115230770324788,0.628554167222967,0.74152374619447,BH q>=0.05,
United Mexican States,MEX,Male,0.660526769283911,0.00152419182023147,0.00509729723487245,BH q<0.05,0.660526769283911
United Republic of Tanzania,TZA,Female,0.628719127750161,0.00298499307106475,0.0169149607360336,BH q<0.05,0.628719127750161
United Republic of Tanzania,TZA,Male,0.735690171435135,0.000218242148680031,0.00120328103596558,BH q<0.05,0.735690171435135
United States Virgin Islands,VIR,Female,0.366626771681581,0.111840533493632,0.207413353024553,BH q>=0.05,
United States Virgin Islands,VIR,Male,0.561568272294881,0.00997856859492942,0.021204458264225,BH q<0.05,0.561568272294881
United States of America,USA,Female,-0.440616207625646,0.0518431057632574,0.127421609345837,BH q>=0.05,
United States of America,USA,Male,-0.386536302491889,0.0922774673506208,0.145927157670749,BH q>=0.05,
