location_name,sex_name,n_age_groups,correlation,p_value,fdr_pvalue,bh_family
American Samoa,Female,20,0.541329294436816,0.0137025127436827,0.0557334479014855,2021 country-level Pearson correlations across 20 age groups within Female (m=204)
American Samoa,Male,20,0.436544042749668,0.0543043883510941,0.0930932371733042,2021 country-level Pearson correlations across 20 age groups within Male (m=204)
Antigua and Barbuda,Female,20,0.312937017282856,0.17913645807747,0.302015185519041,2021 country-level Pearson correlations across 20 age groups within Female (m=204)
Antigua and Barbuda,Male,20,0.611245610167317,0.00419155716231313,0.0111049046897647,2021 country-level Pearson correlations across 20 age groups within Male (m=204)
Arab Republic of Egypt,Female,20,-0.0442181049007411,0.853145702912698,0.916009070495739,2021 country-level Pearson correlations across 20 age groups within Female (m=204)
Arab Republic of Egypt,Male,20,0.253385065796059,0.281068286719125,0.378115627441018,2021 country-level Pearson correlations across 20 age groups within Male (m=204)
Argentine Republic,Female,20,-0.0530906585196501,0.824082754716585,0.889486147948059,2021 country-level Pearson correlations across 20 age groups within Female (m=204)
Argentine Republic,Male,20,0.0762040400458848,0.749487000311083,0.804712358228741,2021 country-level Pearson correlations across 20 age groups within Male (m=204)
Australia,Female,20,-0.170457672757844,0.472442887661039,0.624429872408403,2021 country-level Pearson correlations across 20 age groups within Female (m=204)
Australia,Male,20,-0.156170200654538,0.51086146116717,0.592134875443766,2021 country-level Pearson correlations across 20 age groups within Male (m=204)
Barbados,Female,20,0.229221593757956,0.330985635962414,0.472175312841485,2021 country-level Pearson correlations across 20 age groups within Female (m=204)
Barbados,Male,20,0.591091238615037,0.00605794689616532,0.014370013567648,2021 country-level Pearson correlations across 20 age groups within Male (m=204)
Belize,Female,20,0.275227276710969,0.240213145134193,0.376949858518272,2021 country-level Pearson correlations across 20 age groups within Female (m=204)
Belize,Male,20,0.56376573260577,0.00962950118179626,0.0206780867482783,2021 country-level Pearson correlations across 20 age groups within Male (m=204)
Bermuda,Female,20,0.387143885574587,0.0917228997460411,0.183445799492082,2021 country-level Pearson correlations across 20 age groups within Female (m=204)
Bermuda,Male,20,0.619847301341409,0.00355520438513369,0.00971334206974769,2021 country-level Pearson correlations across 20 age groups within Male (m=204)
Bolivarian Republic of Venezuela,Female,20,0.544570539688572,0.0130405930049153,0.0542914484286269,2021 country-level Pearson correlations across 20 age groups within Female (m=204)
Bolivarian Republic of Venezuela,Male,20,0.708553850575569,0.000471030044991076,0.00219913417798761,2021 country-level Pearson correlations across 20 age groups within Male (m=204)
Bosnia and Herzegovina,Female,20,0.5327175738335,0.0155935254888774,0.0572461332549945,2021 country-level Pearson correlations across 20 age groups within Female (m=204)
Bosnia and Herzegovina,Male,20,0.786122749998718,3.97072504006582e-05,0.000405013954086714,2021 country-level Pearson correlations across 20 age groups within Male (m=204)
Brunei Darussalam,Female,20,0.400204085091745,0.0803851175854044,0.163985639874225,2021 country-level Pearson correlations across 20 age groups within Female (m=204)
Brunei Darussalam,Male,20,0.425192656961391,0.0616359438041256,0.102225467772696,2021 country-level Pearson correlations across 20 age groups within Male (m=204)
Burkina Faso,Female,20,0.754583979088777,0.000120794352258811,0.00321524701537945,2021 country-level Pearson correlations across 20 age groups within Female (m=204)
Burkina Faso,Male,20,0.822954113828684,8.37158699242968e-06,0.000229192356478941,2021 country-level Pearson correlations across 20 age groups within Male (m=204)
Canada,Female,20,-0.301567724226078,0.196306678563937,0.325581808349944,2021 country-level Pearson correlations across 20 age groups within Female (m=204)
Canada,Male,20,-0.313924083488813,0.177695581795761,0.258927847759537,2021 country-level Pearson correlations across 20 age groups within Male (m=204)
Central African Republic,Female,20,0.496353464618073,0.026012232912609,0.0842300875265433,2021 country-level Pearson correlations across 20 age groups within Female (m=204)
Central African Republic,Male,20,0.623808279312292,0.00329037710711293,0.00932273513681998,2021 country-level Pearson correlations across 20 age groups within Male (m=204)
Commonwealth of Dominica,Female,20,0.247026813421518,0.293723600473006,0.435688624479611,2021 country-level Pearson correlations across 20 age groups within Female (m=204)
Commonwealth of Dominica,Male,20,0.580387301282254,0.0072980394385858,0.0163604400601264,2021 country-level Pearson correlations across 20 age groups within Male (m=204)
Commonwealth of the Bahamas,Female,20,0.221216107215437,0.348608320656579,0.493861787596821,2021 country-level Pearson correlations across 20 age groups within Female (m=204)
Commonwealth of the Bahamas,Male,20,0.600164938429764,0.0051474456381678,0.0126515531347739,2021 country-level Pearson correlations across 20 age groups within Male (m=204)
Cook Islands,Female,20,0.401526433169207,0.0792980381414226,0.163402017988386,2021 country-level Pearson correlations across 20 age groups within Female (m=204)
Cook Islands,Male,20,0.243632466002712,0.300620222212011,0.395794384601313,2021 country-level Pearson correlations across 20 age groups within Male (m=204)
Czech Republic,Female,20,0.352787589197133,0.127092258519396,0.227428252087341,2021 country-level Pearson correlations across 20 age groups within Female (m=204)
Czech Republic,Male,20,0.683971024974347,0.000882396561204914,0.00327288906337823,2021 country-level Pearson correlations across 20 age groups within Male (m=204)
Democratic People's Republic of Korea,Female,20,0.655698997814228,0.00169613473473709,0.0129123327378685,2021 country-level Pearson correlations across 20 age groups within Female (m=204)
Democratic People's Republic of Korea,Male,20,0.796594665299277,2.63369604239599e-05,0.000298485551471546,2021 country-level Pearson correlations across 20 age groups within Male (m=204)
Democratic Republic of Sao Tome and Principe,Female,20,0.800158764080535,2.27797663034069e-05,0.00154902410863167,2021 country-level Pearson correlations across 20 age groups within Female (m=204)
Democratic Republic of Sao Tome and Principe,Male,20,0.86402817482153,9.11483340011277e-07,9.29713006811503e-05,2021 country-level Pearson correlations across 20 age groups within Male (m=204)
Democratic Republic of Timor-Leste,Female,20,0.419615618286959,0.0655009500645535,0.151843111513283,2021 country-level Pearson correlations across 20 age groups within Female (m=204)
Democratic Republic of Timor-Leste,Male,20,0.515746471363818,0.0199318563281205,0.0376490619531165,2021 country-level Pearson correlations across 20 age groups within Male (m=204)
Democratic Republic of the Congo,Female,20,0.575901801128254,0.00787599534736876,0.0377284337831285,2021 country-level Pearson correlations across 20 age groups within Female (m=204)
Democratic Republic of the Congo,Male,20,0.695314184899303,0.000665442640037073,0.00295109344712093,2021 country-level Pearson correlations across 20 age groups within Male (m=204)
Democratic Socialist Republic of Sri Lanka,Female,20,0.169198947027104,0.475767941969387,0.624429872408403,2021 country-level Pearson correlations across 20 age groups within Female (m=204)
Democratic Socialist Republic of Sri Lanka,Male,20,0.182875221878269,0.440277291996181,0.522189346321051,2021 country-level Pearson correlations across 20 age groups within Male (m=204)
Dominican Republic,Female,20,0.469029554245421,0.0369621039166574,0.103291358890385,2021 country-level Pearson correlations across 20 age groups within Female (m=204)
Dominican Republic,Male,20,0.684903782321142,0.000862551850742962,0.00327288906337823,2021 country-level Pearson correlations across 20 age groups within Male (m=204)
Eastern Republic of Uruguay,Female,20,-0.129415937406689,0.586582543682975,0.716543945576807,2021 country-level Pearson correlations across 20 age groups within Female (m=204)
Eastern Republic of Uruguay,Male,20,-0.01176000110532,0.960754058501017,0.975093671314465,2021 country-level Pearson correlations across 20 age groups within Male (m=204)
Federal Democratic Republic of Ethiopia,Female,20,0.681458157442363,0.000937787668493321,0.00831776888576684,2021 country-level Pearson correlations across 20 age groups within Female (m=204)
Federal Democratic Republic of Ethiopia,Male,20,0.746131280842043,0.000158370276764023,0.00100961051437064,2021 country-level Pearson correlations across 20 age groups within Male (m=204)
Federal Democratic Republic of Nepal,Female,20,0.277598121626876,0.236022244307077,0.373244479369331,2021 country-level Pearson correlations across 20 age groups within Female (m=204)
Federal Democratic Republic of Nepal,Male,20,0.428756713706319,0.059257886556568,0.0990869578486875,2021 country-level Pearson correlations across 20 age groups within Male (m=204)
Federal Republic of Germany,Female,20,0.0920955417882868,0.699373341931456,0.801528998618073,2021 country-level Pearson correlations across 20 age groups within Female (m=204)
Federal Republic of Germany,Male,20,0.205684125641984,0.384313870008427,0.480981775961467,2021 country-level Pearson correlations across 20 age groups within Male (m=204)
Federal Republic of Nigeria,Female,20,0.835071837139161,4.63529746891894e-06,0.000945600683659464,2021 country-level Pearson correlations across 20 age groups within Female (m=204)
Federal Republic of Nigeria,Male,20,0.890956515335011,1.38504702528866e-07,2.82549593158888e-05,2021 country-level Pearson correlations across 20 age groups within Male (m=204)
Federal Republic of Somalia,Female,20,0.535026151501593,0.0150671967109536,0.0570868992094841,2021 country-level Pearson correlations across 20 age groups within Female (m=204)
Federal Republic of Somalia,Male,20,0.684243475586707,0.000876560618583547,0.00327288906337823,2021 country-level Pearson correlations across 20 age groups within Male (m=204)
Federated States of Micronesia,Female,20,0.508162422206076,0.0221578855215744,0.0766137058712063,2021 country-level Pearson correlations across 20 age groups within Female (m=204)
Federated States of Micronesia,Male,20,0.299660955560529,0.199290467424685,0.28232816218497,2021 country-level Pearson correlations across 20 age groups within Male (m=204)
Federative Republic of Brazil,Female,20,0.0312104442751629,0.896074955937563,0.930327416291984,2021 country-level Pearson correlations across 20 age groups within Female (m=204)
Federative Republic of Brazil,Male,20,0.559205063740515,0.0103653690917021,0.021799332935126,2021 country-level Pearson correlations across 20 age groups within Male (m=204)
French Republic,Female,20,0.0994384031886618,0.676602046850839,0.78569319405044,2021 country-level Pearson correlations across 20 age groups within Female (m=204)
French Republic,Male,20,0.202388250825582,0.392144196418116,0.481912144995756,2021 country-level Pearson correlations across 20 age groups within Male (m=204)
Gabonese Republic,Female,20,0.534830515493964,0.0151112380260399,0.0570868992094841,2021 country-level Pearson correlations across 20 age groups within Female (m=204)
Gabonese Republic,Male,20,0.633168264422418,0.00272904333167736,0.00809527348414565,2021 country-level Pearson correlations across 20 age groups within Male (m=204)
Georgia,Female,20,0.467123721711078,0.0378419740123565,0.104321117547577,2021 country-level Pearson correlations across 20 age groups within Female (m=204)
Georgia,Male,20,0.669737890868612,0.00123653085729758,0.00434917749808115,2021 country-level Pearson correlations across 20 age groups within Male (m=204)
Grand Duchy of Luxembourg,Female,20,0.261183849318014,0.266015298103892,0.40312028043298,2021 country-level Pearson correlations across 20 age groups within Female (m=204)
Grand Duchy of Luxembourg,Male,20,0.40598869241411,0.0757101890371933,0.121613217036121,2021 country-level Pearson correlations across 20 age groups within Male (m=204)
Greenland,Female,20,-0.522880482037174,0.0180041533962756,0.0644359174182494,2021 country-level Pearson correlations across 20 age groups within Female (m=204)
Greenland,Male,20,-0.468547389720686,0.037183187765947,0.066538336002221,2021 country-level Pearson correlations across 20 age groups within Male (m=204)
Grenada,Female,20,0.260970385076812,0.266420432168803,0.40312028043298,2021 country-level Pearson correlations across 20 age groups within Female (m=204)
Grenada,Male,20,0.525589047043744,0.0173125518574806,0.0333184960276042,2021 country-level Pearson correlations across 20 age groups within Male (m=204)
Guam,Female,20,0.420480538109092,0.0648898895288262,0.151843111513283,2021 country-level Pearson correlations across 20 age groups within Female (m=204)
Guam,Male,20,0.0778137376950896,0.744362805813606,0.804712358228741,2021 country-level Pearson correlations across 20 age groups within Male (m=204)
Hashemite Kingdom of Jordan,Female,20,0.0225523499976723,0.924811652266443,0.943307885311772,2021 country-level Pearson correlations across 20 age groups within Female (m=204)
Hashemite Kingdom of Jordan,Male,20,0.218154755468446,0.355488509476508,0.447652197118565,2021 country-level Pearson correlations across 20 age groups within Male (m=204)
Hellenic Republic,Female,20,0.0977857797648415,0.681704388955528,0.78569319405044,2021 country-level Pearson correlations across 20 age groups within Female (m=204)
Hellenic Republic,Male,20,0.330572830479303,0.154572087299611,0.228497868182034,2021 country-level Pearson correlations across 20 age groups within Male (m=204)
Hungary,Female,20,0.363942627053438,0.114690066941527,0.210781744649292,2021 country-level Pearson correlations across 20 age groups within Female (m=204)
Hungary,Male,20,0.730444426013825,0.000255000431698569,0.00133384841196174,2021 country-level Pearson correlations across 20 age groups within Male (m=204)
Independent State of Papua New Guinea,Female,20,0.475034408462256,0.0342934676695465,0.100296591902772,2021 country-level Pearson correlations across 20 age groups within Female (m=204)
Independent State of Papua New Guinea,Male,20,0.286205685948117,0.221205894677096,0.31121381044226,2021 country-level Pearson correlations across 20 age groups within Male (m=204)
Independent State of Samoa,Female,20,0.532195283621296,0.0157146248150965,0.0572461332549945,2021 country-level Pearson correlations across 20 age groups within Female (m=204)
Independent State of Samoa,Male,20,0.375408462677081,0.102874305219109,0.157792167403746,2021 country-level Pearson correlations across 20 age groups within Male (m=204)
Ireland,Female,20,-0.132920425556834,0.576399617767652,0.708346518220488,2021 country-level Pearson correlations across 20 age groups within Female (m=204)
Ireland,Male,20,-0.236472263328294,0.315488481586737,0.404777674488643,2021 country-level Pearson correlations across 20 age groups within Male (m=204)
Islamic Republic of Afghanistan,Female,20,-0.125982109989658,0.59663332538562,0.720196440110453,2021 country-level Pearson correlations across 20 age groups within Female (m=204)
Islamic Republic of Afghanistan,Male,20,-0.0097854468076777,0.967339914998198,0.976917537918973,2021 country-level Pearson correlations across 20 age groups within Male (m=204)
Islamic Republic of Iran,Female,20,-0.17372534901083,0.463865884210061,0.621323400429744,2021 country-level Pearson correlations across 20 age groups within Female (m=204)
Islamic Republic of Iran,Male,20,-0.0600607666583557,0.801403175957358,0.851490874454692,2021 country-level Pearson correlations across 20 age groups within Male (m=204)
Islamic Republic of Mauritania,Female,20,0.762379879869932,9.31976018335884e-05,0.00316871846234201,2021 country-level Pearson correlations across 20 age groups within Female (m=204)
Islamic Republic of Mauritania,Male,20,0.817859023845509,1.05949450406244e-05,0.000240152087587486,2021 country-level Pearson correlations across 20 age groups within Male (m=204)
Islamic Republic of Pakistan,Female,20,0.409488886945002,0.072981649313843,0.158385707021532,2021 country-level Pearson correlations across 20 age groups within Female (m=204)
Islamic Republic of Pakistan,Male,20,0.558192222219051,0.0105348304596569,0.0218223745483308,2021 country-level Pearson correlations across 20 age groups within Male (m=204)
Jamaica,Female,20,0.238760590250736,0.310689577068519,0.447406988495712,2021 country-level Pearson correlations across 20 age groups within Female (m=204)
Jamaica,Male,20,0.59738004833122,0.00541400775060815,0.0131483045371912,2021 country-level Pearson correlations across 20 age groups within Male (m=204)
Japan,Female,20,0.195298364998868,0.409284537654179,0.571877025215429,2021 country-level Pearson correlations across 20 age groups within Female (m=204)
Japan,Male,20,0.0214489130647358,0.928481200592534,0.951809873974256,2021 country-level Pearson correlations across 20 age groups within Male (m=204)
Kingdom of Bahrain,Female,20,-0.10978898800785,0.644960850960087,0.756160997677343,2021 country-level Pearson correlations across 20 age groups within Female (m=204)
Kingdom of Bahrain,Male,20,0.135480601213928,0.56900912879893,0.65212282176956,2021 country-level Pearson correlations across 20 age groups within Male (m=204)
Kingdom of Belgium,Female,20,-0.0358278048868992,0.880798257502581,0.930327416291984,2021 country-level Pearson correlations across 20 age groups within Female (m=204)
Kingdom of Belgium,Male,20,0.0767779033000473,0.74765903409459,0.804712358228741,2021 country-level Pearson correlations across 20 age groups within Male (m=204)
Kingdom of Bhutan,Female,20,0.422459658150933,0.0635078171774281,0.150646450048783,2021 country-level Pearson correlations across 20 age groups within Female (m=204)
Kingdom of Bhutan,Male,20,0.619769232422067,0.00356059646071543,0.00971334206974769,2021 country-level Pearson correlations across 20 age groups within Male (m=204)
Kingdom of Cambodia,Female,20,0.32306625629785,0.164724014732031,0.284777110214698,2021 country-level Pearson correlations across 20 age groups within Female (m=204)
Kingdom of Cambodia,Male,20,0.322865697675009,0.165001386490171,0.242160308230179,2021 country-level Pearson correlations across 20 age groups within Male (m=204)
Kingdom of Denmark,Female,20,0.0982093864608591,0.6803952583028,0.78569319405044,2021 country-level Pearson correlations across 20 age groups within Female (m=204)
Kingdom of Denmark,Male,20,0.197292641237552,0.40442257884792,0.488178734230625,2021 country-level Pearson correlations across 20 age groups within Male (m=204)
Kingdom of Eswatini,Female,20,0.477036996903338,0.0334377463298761,0.100296591902772,2021 country-level Pearson correlations across 20 age groups within Female (m=204)
Kingdom of Eswatini,Male,20,0.542021633262925,0.0135588990951932,0.0269906619487907,2021 country-level Pearson correlations across 20 age groups within Male (m=204)
Kingdom of Lesotho,Female,20,0.575327936355464,0.00795256202291434,0.0377284337831285,2021 country-level Pearson correlations across 20 age groups within Female (m=204)
Kingdom of Lesotho,Male,20,0.541689519451223,0.013627638140811,0.0269906619487907,2021 country-level Pearson correlations across 20 age groups within Male (m=204)
Kingdom of Morocco,Female,20,-0.138597942512603,0.560066570742365,0.696145355869523,2021 country-level Pearson correlations across 20 age groups within Female (m=204)
Kingdom of Morocco,Male,20,-0.014158964890783,0.952755973669065,0.971811093142446,2021 country-level Pearson correlations across 20 age groups within Male (m=204)
Kingdom of Norway,Female,20,-0.126862804004308,0.594048718500143,0.720196440110453,2021 country-level Pearson correlations across 20 age groups within Female (m=204)
Kingdom of Norway,Male,20,0.0476996271604528,0.841717789391769,0.88510530430887,2021 country-level Pearson correlations across 20 age groups within Male (m=204)
Kingdom of Saudi Arabia,Female,20,-0.0667876760795292,0.779658824123652,0.869127869514891,2021 country-level Pearson correlations across 20 age groups within Female (m=204)
Kingdom of Saudi Arabia,Male,20,0.192895261790235,0.415185168902081,0.498222202682497,2021 country-level Pearson correlations across 20 age groups within Male (m=204)
Kingdom of Spain,Female,20,-0.0338419999505363,0.887363706194864,0.930327416291984,2021 country-level Pearson correlations across 20 age groups within Female (m=204)
Kingdom of Spain,Male,20,0.304643308887149,0.191557162512908,0.273270357710722,2021 country-level Pearson correlations across 20 age groups within Male (m=204)
Kingdom of Sweden,Female,20,-0.011968653539499,0.960058262564526,0.964787613611642,2021 country-level Pearson correlations across 20 age groups within Female (m=204)
Kingdom of Sweden,Male,20,0.137092448405,0.564377526566093,0.650469013669396,2021 country-level Pearson correlations across 20 age groups within Male (m=204)
Kingdom of Thailand,Female,20,0.555433410075371,0.0110078458743643,0.048817403442833,2021 country-level Pearson correlations across 20 age groups within Female (m=204)
Kingdom of Thailand,Male,20,0.55786374018063,0.0105902700013958,0.0218223745483308,2021 country-level Pearson correlations across 20 age groups within Male (m=204)
Kingdom of Tonga,Female,20,0.545800890646687,0.0127961948811737,0.0542914484286269,2021 country-level Pearson correlations across 20 age groups within Female (m=204)
Kingdom of Tonga,Male,20,0.417156058779972,0.0672622930234948,0.109772062214344,2021 country-level Pearson correlations across 20 age groups within Male (m=204)
Kingdom of the Netherlands,Female,20,0.061169217075736,0.797810032455043,0.875017454950693,2021 country-level Pearson correlations across 20 age groups within Female (m=204)
Kingdom of the Netherlands,Male,20,0.128563709448726,0.589070307823645,0.663924545834384,2021 country-level Pearson correlations across 20 age groups within Male (m=204)
Kyrgyz Republic,Female,20,0.473989341549952,0.034746764136155,0.100296591902772,2021 country-level Pearson correlations across 20 age groups within Female (m=204)
Kyrgyz Republic,Male,20,0.551445974312906,0.0117218023708427,0.023675719640118,2021 country-level Pearson correlations across 20 age groups within Male (m=204)
Lao People's Democratic Republic,Female,20,0.333325315374585,0.150960885002047,0.267791482960153,2021 country-level Pearson correlations across 20 age groups within Female (m=204)
Lao People's Democratic Republic,Male,20,0.373382844555444,0.104894527358671,0.159690175978872,2021 country-level Pearson correlations across 20 age groups within Male (m=204)
Lebanese Republic,Female,20,-0.260785955321821,0.266770773815943,0.40312028043298,2021 country-level Pearson correlations across 20 age groups within Female (m=204)
Lebanese Republic,Male,20,-0.0884405417971695,0.710802265679234,0.779589581712708,2021 country-level Pearson correlations across 20 age groups within Male (m=204)
Malaysia,Female,20,0.51788323048081,0.0193380023093733,0.0680164219157267,2021 country-level Pearson correlations across 20 age groups within Female (m=204)
Malaysia,Male,20,0.576024502449489,0.00785970260954398,0.0174280362211627,2021 country-level Pearson correlations across 20 age groups within Male (m=204)
Mongolia,Female,20,0.422760556776492,0.0632996518741946,0.150646450048783,2021 country-level Pearson correlations across 20 age groups within Female (m=204)
Mongolia,Male,20,0.585323182800818,0.00670264819804071,0.0155379571863671,2021 country-level Pearson correlations across 20 age groups within Male (m=204)
Montenegro,Female,20,0.48720707353468,0.0293461827335704,0.0907063829946722,2021 country-level Pearson correlations across 20 age groups within Female (m=204)
Montenegro,Male,20,0.722192960583391,0.000323488930383459,0.0015712319475768,2021 country-level Pearson correlations across 20 age groups within Male (m=204)
New Zealand,Female,20,-0.295412939889639,0.206046340290201,0.336267627353609,2021 country-level Pearson correlations across 20 age groups within Female (m=204)
New Zealand,Male,20,-0.274036550451263,0.242335927101694,0.338606363895518,2021 country-level Pearson correlations across 20 age groups within Male (m=204)
North Macedonia,Female,20,0.369135513585565,0.109223658945882,0.204418591054678,2021 country-level Pearson correlations across 20 age groups within Female (m=204)
North Macedonia,Male,20,0.723385388808266,0.000312716078612981,0.00155595317163532,2021 country-level Pearson correlations across 20 age groups within Male (m=204)
Northern Mariana Islands,Female,20,0.435829409824947,0.0547453497911938,0.132952992350042,2021 country-level Pearson correlations across 20 age groups within Female (m=204)
Northern Mariana Islands,Male,20,0.183794316173008,0.437943183662078,0.522189346321051,2021 country-level Pearson correlations across 20 age groups within Male (m=204)
Palestine,Female,20,-0.0706222074405223,0.767332977287324,0.860087513003374,2021 country-level Pearson correlations across 20 age groups within Female (m=204)
Palestine,Male,20,-0.0326537728875638,0.891295618479935,0.922966021167039,2021 country-level Pearson correlations across 20 age groups within Male (m=204)
People's Democratic Republic of Algeria,Female,20,-0.00597953136141581,0.980039414394307,0.980039414394307,2021 country-level Pearson correlations across 20 age groups within Female (m=204)
People's Democratic Republic of Algeria,Male,20,0.240455294818493,0.307164109007168,0.399117695780014,2021 country-level Pearson correlations across 20 age groups within Male (m=204)
People's Republic of Bangladesh,Female,20,0.142556236817503,0.548802253767725,0.686844538457766,2021 country-level Pearson correlations across 20 age groups within Female (m=204)
People's Republic of Bangladesh,Male,20,0.582335778948653,0.00705803705938801,0.0161696310395759,2021 country-level Pearson correlations across 20 age groups within Male (m=204)
People's Republic of China,Female,20,0.639366599998887,0.00240315134039656,0.0144771305699882,2021 country-level Pearson correlations across 20 age groups within Female (m=204)
People's Republic of China,Male,20,0.803712636423661,1.96546839032533e-05,0.000255941546853589,2021 country-level Pearson correlations across 20 age groups within Male (m=204)
Plurinational State of Bolivia,Female,20,0.115135092448546,0.628841216135507,0.74152374619447,2021 country-level Pearson correlations across 20 age groups within Female (m=204)
Plurinational State of Bolivia,Male,20,0.38418312113722,0.0944485395681429,0.147080168487795,2021 country-level Pearson correlations across 20 age groups within Male (m=204)
Portuguese Republic,Female,20,0.244006828304613,0.299854798245279,0.436931277443121,2021 country-level Pearson correlations across 20 age groups within Female (m=204)
Portuguese Republic,Male,20,0.402376262218329,0.0786051945548189,0.125277028821743,2021 country-level Pearson correlations across 20 age groups within Male (m=204)
Principality of Andorra,Female,20,0.0291315612562129,0.902964845224573,0.930327416291984,2021 country-level Pearson correlations across 20 age groups within Female (m=204)
Principality of Andorra,Male,20,0.129852979371928,0.585308490381163,0.663349622431985,2021 country-level Pearson correlations across 20 age groups within Male (m=204)
Principality of Monaco,Female,20,-0.0239192354180644,0.920268023993727,0.943307885311772,2021 country-level Pearson correlations across 20 age groups within Female (m=204)
Principality of Monaco,Male,20,0.097385620223087,0.682941862562319,0.757442675352487,2021 country-level Pearson correlations across 20 age groups within Male (m=204)
Puerto Rico,Female,20,0.300160774778314,0.198505420151303,0.326573433152144,2021 country-level Pearson correlations across 20 age groups within Female (m=204)
Puerto Rico,Male,20,0.623934997166777,0.00328218326404601,0.00932273513681998,2021 country-level Pearson correlations across 20 age groups within Male (m=204)
Republic of Albania,Female,20,0.383006690771063,0.0955478385273337,0.187420760188231,2021 country-level Pearson correlations across 20 age groups within Female (m=204)
Republic of Albania,Male,20,0.724124681077242,0.000306191870004472,0.00155595317163532,2021 country-level Pearson correlations across 20 age groups within Male (m=204)
Republic of Angola,Female,20,0.449100107646328,0.046989771018404,0.119239077868731,2021 country-level Pearson correlations across 20 age groups within Female (m=204)
Republic of Angola,Male,20,0.636432133779292,0.00255313530145519,0.00777372539547551,2021 country-level Pearson correlations across 20 age groups within Male (m=204)
Republic of Armenia,Female,20,0.413583851980873,0.0698835012422651,0.156940766099688,2021 country-level Pearson correlations across 20 age groups within Female (m=204)
Republic of Armenia,Male,20,0.638120850410779,0.00246589883386247,0.00773912864781453,2021 country-level Pearson correlations across 20 age groups within Male (m=204)
Republic of Austria,Female,20,0.120754537541937,0.612070078794406,0.734484094553287,2021 country-level Pearson correlations across 20 age groups within Female (m=204)
Republic of Austria,Male,20,0.181444532492278,0.443923568509383,0.523470566334764,2021 country-level Pearson correlations across 20 age groups within Male (m=204)
Republic of Azerbaijan,Female,20,0.450609002099026,0.0461644475782696,0.119239077868731,2021 country-level Pearson correlations across 20 age groups within Female (m=204)
Republic of Azerbaijan,Male,20,0.685592875209889,0.000848134553318402,0.00327288906337823,2021 country-level Pearson correlations across 20 age groups within Male (m=204)
Republic of Belarus,Female,20,0.172912295391258,0.465992550322308,0.621323400429744,2021 country-level Pearson correlations across 20 age groups within Female (m=204)
Republic of Belarus,Male,20,0.414293408558413,0.069356848745261,0.112292040825661,2021 country-level Pearson correlations across 20 age groups within Male (m=204)
Republic of Benin,Female,20,0.742520121173512,0.000177243679587178,0.00328706460325312,2021 country-level Pearson correlations across 20 age groups within Female (m=204)
Republic of Benin,Male,20,0.776545722091488,5.67058775699936e-05,0.000444923039395334,2021 country-level Pearson correlations across 20 age groups within Male (m=204)
Republic of Botswana,Female,20,0.624362603733122,0.00325465830748336,0.0174723761770159,2021 country-level Pearson correlations across 20 age groups within Female (m=204)
Republic of Botswana,Male,20,0.661600048653597,0.00148802556755207,0.00505928692967705,2021 country-level Pearson correlations across 20 age groups within Male (m=204)
Republic of Bulgaria,Female,20,0.361047880608488,0.117821250685373,0.21434431657095,2021 country-level Pearson correlations across 20 age groups within Female (m=204)
Republic of Bulgaria,Male,20,0.693255846768632,0.000701048239918523,0.00297945501965372,2021 country-level Pearson correlations across 20 age groups within Male (m=204)
Republic of Burundi,Female,20,0.635286356108231,0.00261377752071518,0.0152345889778828,2021 country-level Pearson correlations across 20 age groups within Female (m=204)
Republic of Burundi,Male,20,0.740340837498787,0.000189540086188673,0.00107406048840248,2021 country-level Pearson correlations across 20 age groups within Male (m=204)
Republic of Côte d'Ivoire,Female,20,0.763613206504242,8.93720483083082e-05,0.00316871846234201,2021 country-level Pearson correlations across 20 age groups within Female (m=204)
Republic of Côte d'Ivoire,Male,20,0.811171200630314,1.42796924584745e-05,0.000252108041560689,2021 country-level Pearson correlations across 20 age groups within Male (m=204)
Republic of Cabo Verde,Female,20,0.712003866574798,0.00042916633269059,0.00483462646322347,2021 country-level Pearson correlations across 20 age groups within Female (m=204)
Republic of Cabo Verde,Male,20,0.636557842102432,0.00254655399218571,0.00777372539547551,2021 country-level Pearson correlations across 20 age groups within Male (m=204)
Republic of Cameroon,Female,20,0.725051988004943,0.000298172858541053,0.00405515087615832,2021 country-level Pearson correlations across 20 age groups within Female (m=204)
Republic of Cameroon,Male,20,0.775333251014479,5.92502954373803e-05,0.000447668898860207,2021 country-level Pearson correlations across 20 age groups within Male (m=204)
Republic of Chad,Female,20,0.746284300003077,0.000157610147812718,0.00321524701537945,2021 country-level Pearson correlations across 20 age groups within Female (m=204)
Republic of Chad,Male,20,0.803208693936249,2.00738468120462e-05,0.000255941546853589,2021 country-level Pearson correlations across 20 age groups within Male (m=204)
Republic of Chile,Female,20,-0.173358709275138,0.464824274513604,0.621323400429744,2021 country-level Pearson correlations across 20 age groups within Female (m=204)
Republic of Chile,Male,20,-0.0505843407865575,0.832271800712206,0.879706981063679,2021 country-level Pearson correlations across 20 age groups within Male (m=204)
Republic of Colombia,Female,20,0.625295808066525,0.00319525351348995,0.0174723761770159,2021 country-level Pearson correlations across 20 age groups within Female (m=204)
Republic of Colombia,Male,20,0.655766475045082,0.00169362404807115,0.00557256944849216,2021 country-level Pearson correlations across 20 age groups within Male (m=204)
Republic of Costa Rica,Female,20,0.404241880568303,0.0770999933545562,0.162291780346961,2021 country-level Pearson correlations across 20 age groups within Female (m=204)
Republic of Costa Rica,Male,20,0.611325183498528,0.00418526584313522,0.0111049046897647,2021 country-level Pearson correlations across 20 age groups within Male (m=204)
Republic of Croatia,Female,20,0.38057686387026,0.0978479278539114,0.189202955243619,2021 country-level Pearson correlations across 20 age groups within Female (m=204)
Republic of Croatia,Male,20,0.777814462859008,5.41447699811868e-05,0.000441821323046485,2021 country-level Pearson correlations across 20 age groups within Male (m=204)
Republic of Cuba,Female,20,0.454158211620136,0.0442670718566832,0.117278995568355,2021 country-level Pearson correlations across 20 age groups within Female (m=204)
Republic of Cuba,Male,20,0.610498789351631,0.00425098536635046,0.0111179617273781,2021 country-level Pearson correlations across 20 age groups within Male (m=204)
Republic of Cyprus,Female,20,0.148168416945742,0.533008983903489,0.671196498248838,2021 country-level Pearson correlations across 20 age groups within Female (m=204)
Republic of Cyprus,Male,20,0.434190732574473,0.0557667792525627,0.0948035247293567,2021 country-level Pearson correlations across 20 age groups within Male (m=204)
Republic of Djibouti,Female,20,0.686576803567766,0.00082790199546199,0.00767690941246573,2021 country-level Pearson correlations across 20 age groups within Female (m=204)
Republic of Djibouti,Male,20,0.777997486646739,5.37836754615404e-05,0.000441821323046485,2021 country-level Pearson correlations across 20 age groups within Male (m=204)
Republic of Ecuador,Female,20,0.168543049729629,0.477505196547602,0.624429872408403,2021 country-level Pearson correlations across 20 age groups within Female (m=204)
Republic of Ecuador,Male,20,0.437056422037085,0.0539898959392401,0.0930932371733042,2021 country-level Pearson correlations across 20 age groups within Male (m=204)
Republic of El Salvador,Female,20,0.403168086355249,0.0779636984019713,0.162291780346961,2021 country-level Pearson correlations across 20 age groups within Female (m=204)
Republic of El Salvador,Male,20,0.632294877827695,0.00277778992103037,0.00809527348414565,2021 country-level Pearson correlations across 20 age groups within Male (m=204)
Republic of Equatorial Guinea,Female,20,0.49911328181236,0.0250673258984228,0.083721475316636,2021 country-level Pearson correlations across 20 age groups within Female (m=204)
Republic of Equatorial Guinea,Male,20,0.679030939714854,0.000994049646644285,0.00355765136693744,2021 country-level Pearson correlations across 20 age groups within Male (m=204)
Republic of Estonia,Female,20,0.458198222398624,0.0421810681098773,0.113222867031776,2021 country-level Pearson correlations across 20 age groups within Female (m=204)
Republic of Estonia,Male,20,0.693964303709633,0.000688615477890864,0.00297945501965372,2021 country-level Pearson correlations across 20 age groups within Male (m=204)
Republic of Fiji,Female,20,0.385400457136779,0.0933207929113345,0.184829531591381,2021 country-level Pearson correlations across 20 age groups within Female (m=204)
Republic of Fiji,Male,20,0.203020434319857,0.390635447874696,0.481912144995756,2021 country-level Pearson correlations across 20 age groups within Male (m=204)
Republic of Finland,Female,20,-0.116063019109577,0.626059456054365,0.74152374619447,2021 country-level Pearson correlations across 20 age groups within Female (m=204)
Republic of Finland,Male,20,0.00180274484909359,0.993981641733634,0.994313120577629,2021 country-level Pearson correlations across 20 age groups within Male (m=204)
Republic of Ghana,Female,20,0.732432215415567,0.000240493898756887,0.00385942218761546,2021 country-level Pearson correlations across 20 age groups within Female (m=204)
Republic of Ghana,Male,20,0.809772599824818,1.51771358613131e-05,0.000252108041560689,2021 country-level Pearson correlations across 20 age groups within Male (m=204)
Republic of Guatemala,Female,20,0.379630708516464,0.098754403730496,0.189202955243619,2021 country-level Pearson correlations across 20 age groups within Female (m=204)
Republic of Guatemala,Male,20,0.570474957947475,0.00862469014362611,0.0189186751537605,2021 country-level Pearson correlations across 20 age groups within Male (m=204)
Republic of Guinea,Female,20,0.716495159753148,0.00037944200243151,0.00483462646322347,2021 country-level Pearson correlations across 20 age groups within Female (m=204)
Republic of Guinea,Male,20,0.794033280889774,2.91812285773172e-05,0.000313314243672248,2021 country-level Pearson correlations across 20 age groups within Male (m=204)
Republic of Guinea-Bissau,Female,20,0.714004798607506,0.000406369103459597,0.00483462646322347,2021 country-level Pearson correlations across 20 age groups within Female (m=204)
Republic of Guinea-Bissau,Male,20,0.808456770978282,1.60657085308282e-05,0.000252108041560689,2021 country-level Pearson correlations across 20 age groups within Male (m=204)
Republic of Guyana,Female,20,0.013513791958007,0.954906567241031,0.964361087708764,2021 country-level Pearson correlations across 20 age groups within Female (m=204)
Republic of Guyana,Male,20,0.177468283198426,0.454139713225606,0.532439663781745,2021 country-level Pearson correlations across 20 age groups within Male (m=204)
Republic of Haiti,Female,20,0.246528206860226,0.294730540089149,0.435688624479611,2021 country-level Pearson correlations across 20 age groups within Female (m=204)
Republic of Haiti,Male,20,0.581716044417416,0.00713366075275406,0.0161696310395759,2021 country-level Pearson correlations across 20 age groups within Male (m=204)
Republic of Honduras,Female,20,0.504698201549172,0.0232382024636659,0.079009888376464,2021 country-level Pearson correlations across 20 age groups within Female (m=204)
Republic of Honduras,Male,20,0.741960476009183,0.000180334317717731,0.00107406048840248,2021 country-level Pearson correlations across 20 age groups within Male (m=204)
Republic of Iceland,Female,20,0.287799340089367,0.218531158378661,0.351674879764461,2021 country-level Pearson correlations across 20 age groups within Female (m=204)
Republic of Iceland,Male,20,0.305017948038499,0.190983945737631,0.273270357710722,2021 country-level Pearson correlations across 20 age groups within Male (m=204)
Republic of India,Female,20,0.257708848007515,0.272658724737462,0.408988087106193,2021 country-level Pearson correlations across 20 age groups within Female (m=204)
Republic of India,Male,20,0.474460552812017,0.0345418021560792,0.0634822309895509,2021 country-level Pearson correlations across 20 age groups within Male (m=204)
Republic of Indonesia,Female,20,0.261925801569448,0.264610161369962,0.40312028043298,2021 country-level Pearson correlations across 20 age groups within Female (m=204)
Republic of Indonesia,Male,20,0.421318174276435,0.0643022075440216,0.105787502733713,2021 country-level Pearson correlations across 20 age groups within Male (m=204)
Republic of Iraq,Female,20,-0.162100896548602,0.494735400618023,0.634754853623124,2021 country-level Pearson correlations across 20 age groups within Female (m=204)
Republic of Iraq,Male,20,-0.082051266855447,0.73092321995596,0.797370785406502,2021 country-level Pearson correlations across 20 age groups within Male (m=204)
Republic of Italy,Female,20,0.159064476434982,0.502960473464681,0.637291531595,2021 country-level Pearson correlations across 20 age groups within Female (m=204)
Republic of Italy,Male,20,0.429631726591661,0.0586848273697745,0.098939708954,2021 country-level Pearson correlations across 20 age groups within Male (m=204)
Republic of Kazakhstan,Female,20,0.458847542530072,0.0418530078153851,0.113222867031776,2021 country-level Pearson correlations across 20 age groups within Female (m=204)
Republic of Kazakhstan,Male,20,0.556372436768785,0.0108449497662428,0.0221236975231352,2021 country-level Pearson correlations across 20 age groups within Male (m=204)
Republic of Kenya,Female,20,0.70686412377203,0.000492768078233715,0.00502623439798389,2021 country-level Pearson correlations across 20 age groups within Female (m=204)
Republic of Kenya,Male,20,0.808840532503644,1.58020159020608e-05,0.000252108041560689,2021 country-level Pearson correlations across 20 age groups within Male (m=204)
Republic of Kiribati,Female,20,0.489137751799143,0.0286159223280366,0.0898099716141456,2021 country-level Pearson correlations across 20 age groups within Female (m=204)
Republic of Kiribati,Male,20,0.198896671524908,0.400535049512532,0.48636398869379,2021 country-level Pearson correlations across 20 age groups within Male (m=204)
Republic of Korea,Female,20,0.552047349071001,0.0116117882776215,0.0504001023113785,2021 country-level Pearson correlations across 20 age groups within Female (m=204)
Republic of Korea,Male,20,0.472208547456386,0.0355299281653136,0.0647152263011069,2021 country-level Pearson correlations across 20 age groups within Male (m=204)
Republic of Latvia,Female,20,0.272169539622389,0.245688558177661,0.382598976093456,2021 country-level Pearson correlations across 20 age groups within Female (m=204)
Republic of Latvia,Male,20,0.588821744960068,0.00630524043264922,0.014784701704143,2021 country-level Pearson correlations across 20 age groups within Male (m=204)
Republic of Liberia,Female,20,0.729147536767747,0.000264862306993218,0.00385942218761546,2021 country-level Pearson correlations across 20 age groups within Female (m=204)
Republic of Liberia,Male,20,0.838714844359805,3.84487479194701e-06,0.000208186294180673,2021 country-level Pearson correlations across 20 age groups within Male (m=204)
Republic of Lithuania,Female,20,0.163094437413257,0.492058439895139,0.634754853623124,2021 country-level Pearson correlations across 20 age groups within Female (m=204)
Republic of Lithuania,Male,20,0.345859962739889,0.135258004268158,0.202887006402236,2021 country-level Pearson correlations across 20 age groups within Male (m=204)
Republic of Madagascar,Female,20,0.641324004004613,0.0023072526755852,0.0144771305699882,2021 country-level Pearson correlations across 20 age groups within Female (m=204)
Republic of Madagascar,Male,20,0.740593083831231,0.000188080463720926,0.00107406048840248,2021 country-level Pearson correlations across 20 age groups within Male (m=204)
Republic of Malawi,Female,20,0.642628999221147,0.00224510976260588,0.0144771305699882,2021 country-level Pearson correlations across 20 age groups within Female (m=204)
Republic of Malawi,Male,20,0.744286152695629,0.000167786269798024,0.00103722421329688,2021 country-level Pearson correlations across 20 age groups within Male (m=204)
Republic of Maldives,Female,20,0.540228562875318,0.0139333619753714,0.0557334479014855,2021 country-level Pearson correlations across 20 age groups within Female (m=204)
Republic of Maldives,Male,20,0.602971127628361,0.00488988124842974,0.0123152564775267,2021 country-level Pearson correlations across 20 age groups within Male (m=204)
Republic of Mali,Female,20,0.730490660633225,0.000254654722395236,0.00385942218761546,2021 country-level Pearson correlations across 20 age groups within Female (m=204)
Republic of Mali,Male,20,0.761995647962567,9.44178098229464e-05,0.000664180455306244,2021 country-level Pearson correlations across 20 age groups within Male (m=204)
Republic of Malta,Female,20,0.159090811142572,0.502888855255018,0.637291531595,2021 country-level Pearson correlations across 20 age groups within Female (m=204)
Republic of Malta,Male,20,0.517435179796996,0.0194613414876461,0.03710386601383,2021 country-level Pearson correlations across 20 age groups within Male (m=204)
Republic of Mauritius,Female,20,0.179666884912849,0.448475964804674,0.614020784027876,2021 country-level Pearson correlations across 20 age groups within Female (m=204)
Republic of Mauritius,Male,20,0.200831100677944,0.395874182280897,0.483582833444928,2021 country-level Pearson correlations across 20 age groups within Male (m=204)
Republic of Moldova,Female,20,0.244592054245232,0.298660622380083,0.436931277443121,2021 country-level Pearson correlations across 20 age groups within Female (m=204)
Republic of Moldova,Male,20,0.601683464629962,0.00500671575046482,0.01245573186701,2021 country-level Pearson correlations across 20 age groups within Male (m=204)
Republic of Mozambique,Female,20,0.604243296073551,0.00477667059519249,0.0249522973628287,2021 country-level Pearson correlations across 20 age groups within Female (m=204)
Republic of Mozambique,Male,20,0.688232008784275,0.00079478636804268,0.00321840999861667,2021 country-level Pearson correlations across 20 age groups within Male (m=204)
Republic of Namibia,Female,20,0.599932133639689,0.00516930629460421,0.0257204508316892,2021 country-level Pearson correlations across 20 age groups within Female (m=204)
Republic of Namibia,Male,20,0.632380937825859,0.00277295465621161,0.00809527348414565,2021 country-level Pearson correlations across 20 age groups within Male (m=204)
Republic of Nauru,Female,20,0.412282194243132,0.0708574122395152,0.156940766099688,2021 country-level Pearson correlations across 20 age groups within Female (m=204)
Republic of Nauru,Male,20,0.245536642320189,0.296739284124319,0.395652378832425,2021 country-level Pearson correlations across 20 age groups within Male (m=204)
Republic of Nicaragua,Female,20,0.403312994438127,0.0778467237820699,0.162291780346961,2021 country-level Pearson correlations across 20 age groups within Female (m=204)
Republic of Nicaragua,Male,20,0.654188917269866,0.00175314355848961,0.00567684580844254,2021 country-level Pearson correlations across 20 age groups within Male (m=204)
Republic of Niue,Female,20,0.412915140102084,0.0703825757120369,0.156940766099688,2021 country-level Pearson correlations across 20 age groups within Female (m=204)
Republic of Niue,Male,20,0.235085915810251,0.318417334853077,0.405982101937673,2021 country-level Pearson correlations across 20 age groups within Male (m=204)
Republic of Palau,Female,20,0.406983345955074,0.0749272085052101,0.160896321421714,2021 country-level Pearson correlations across 20 age groups within Female (m=204)
Republic of Palau,Male,20,0.243580715315272,0.30072612555492,0.395794384601313,2021 country-level Pearson correlations across 20 age groups within Male (m=204)
Republic of Panama,Female,20,0.477482537808572,0.0332496511229098,0.100296591902772,2021 country-level Pearson correlations across 20 age groups within Female (m=204)
Republic of Panama,Male,20,0.705694810221728,0.000508304983400262,0.00230431592474785,2021 country-level Pearson correlations across 20 age groups within Male (m=204)
Republic of Paraguay,Female,20,-0.057334281249021,0.810257541511856,0.883917318012934,2021 country-level Pearson correlations across 20 age groups within Female (m=204)
Republic of Paraguay,Male,20,0.459892744039301,0.041329078701907,0.0733141917842525,2021 country-level Pearson correlations across 20 age groups within Male (m=204)
Republic of Peru,Female,20,0.331625445114976,0.153184071321054,0.269392677150818,2021 country-level Pearson correlations across 20 age groups within Female (m=204)
Republic of Peru,Male,20,0.568737929627651,0.0088762342268851,0.0192633168328145,2021 country-level Pearson correlations across 20 age groups within Male (m=204)
Republic of Poland,Female,20,0.396332835951362,0.0836311571648829,0.168918376847882,2021 country-level Pearson correlations across 20 age groups within Female (m=204)
Republic of Poland,Male,20,0.366946113691401,0.111504942290502,0.168496357238981,2021 country-level Pearson correlations across 20 age groups within Male (m=204)
Republic of Rwanda,Female,20,0.64613921762798,0.0020848547323245,0.0141770121798066,2021 country-level Pearson correlations across 20 age groups within Female (m=204)
Republic of Rwanda,Male,20,0.76060765629003,9.89407820544423e-05,0.000672797317970208,2021 country-level Pearson correlations across 20 age groups within Male (m=204)
Republic of San Marino,Female,20,-0.0376009890105358,0.874942082170419,0.92962596230607,2021 country-level Pearson correlations across 20 age groups within Female (m=204)
Republic of San Marino,Male,20,0.06488535978556,0.785792730372643,0.83927600521476,2021 country-level Pearson correlations across 20 age groups within Male (m=204)
Republic of Senegal,Female,20,0.690567392915587,0.000749972206721108,0.0072854442938622,2021 country-level Pearson correlations across 20 age groups within Female (m=204)
Republic of Senegal,Male,20,0.76445497150245,8.68392680883359e-05,0.000632686096072162,2021 country-level Pearson correlations across 20 age groups within Male (m=204)
Republic of Serbia,Female,20,0.321117911302595,0.167432169253058,0.287026575862385,2021 country-level Pearson correlations across 20 age groups within Female (m=204)
Republic of Serbia,Male,20,0.7783278946462,5.31370565608982e-05,0.000441821323046485,2021 country-level Pearson correlations across 20 age groups within Male (m=204)
Republic of Seychelles,Female,20,0.360218148361797,0.118729940061359,0.21434431657095,2021 country-level Pearson correlations across 20 age groups within Female (m=204)
Republic of Seychelles,Male,20,0.45521813156094,0.0437122669523783,0.0762162603272237,2021 country-level Pearson correlations across 20 age groups within Male (m=204)
Republic of Sierra Leone,Female,20,0.7518926372685,0.000131823706031218,0.00321524701537945,2021 country-level Pearson correlations across 20 age groups within Female (m=204)
Republic of Sierra Leone,Male,20,0.829481589050031,6.12312629943155e-06,0.000208186294180673,2021 country-level Pearson correlations across 20 age groups within Male (m=204)
Republic of Singapore,Female,20,0.651722287832724,0.00184971531724704,0.0134764973113713,2021 country-level Pearson correlations across 20 age groups within Female (m=204)
Republic of Singapore,Male,20,0.504056667207823,0.0234427673578919,0.0438745370734859,2021 country-level Pearson correlations across 20 age groups within Male (m=204)
Republic of Slovenia,Female,20,0.536200124656152,0.0148050754524236,0.0570868992094841,2021 country-level Pearson correlations across 20 age groups within Female (m=204)
Republic of Slovenia,Male,20,0.805394877722604,1.83098445854643e-05,0.000255941546853589,2021 country-level Pearson correlations across 20 age groups within Male (m=204)
Republic of South Africa,Female,20,0.561797979055097,0.00994160533205503,0.0450686108386495,2021 country-level Pearson correlations across 20 age groups within Female (m=204)
Republic of South Africa,Male,20,0.591238274571453,0.00604220420510663,0.014370013567648,2021 country-level Pearson correlations across 20 age groups within Male (m=204)
Republic of South Sudan,Female,20,0.656043054996852,0.00168336562226667,0.0129123327378685,2021 country-level Pearson correlations across 20 age groups within Female (m=204)
Republic of South Sudan,Male,20,0.780825774422983,4.84617921433306e-05,0.000441821323046485,2021 country-level Pearson correlations across 20 age groups within Male (m=204)
Republic of Sudan,Female,20,-0.162374412776089,0.49399773957774,0.634754853623124,2021 country-level Pearson correlations across 20 age groups within Female (m=204)
Republic of Sudan,Male,20,-0.0435642012203027,0.855295322588674,0.894770491323536,2021 country-level Pearson correlations across 20 age groups within Male (m=204)
Republic of Suriname,Female,20,0.0635160962604673,0.790215395948625,0.872169069761233,2021 country-level Pearson correlations across 20 age groups within Female (m=204)
Republic of Suriname,Male,20,0.228551837809752,0.332439434948819,0.421227607015895,2021 country-level Pearson correlations across 20 age groups within Male (m=204)
Republic of Tajikistan,Female,20,0.489238136153953,0.0285783473456027,0.0898099716141456,2021 country-level Pearson correlations across 20 age groups within Female (m=204)
Republic of Tajikistan,Male,20,0.662985425772494,0.00144241046542198,0.00498731754145904,2021 country-level Pearson correlations across 20 age groups within Male (m=204)
Republic of Trinidad and Tobago,Female,20,0.0428428682592757,0.857667745258983,0.916043036821112,2021 country-level Pearson correlations across 20 age groups within Female (m=204)
Republic of Trinidad and Tobago,Male,20,0.20445597340868,0.387221430690895,0.481665682078918,2021 country-level Pearson correlations across 20 age groups within Male (m=204)
Republic of Tunisia,Female,20,0.018543119524265,0.938151065195081,0.952153319899485,2021 country-level Pearson correlations across 20 age groups within Female (m=204)
Republic of Tunisia,Male,20,0.170440146883338,0.47248910362694,0.550787297942261,2021 country-level Pearson correlations across 20 age groups within Male (m=204)
Republic of Turkey,Female,20,-0.177569383493999,0.453878466681166,0.617274714686385,2021 country-level Pearson correlations across 20 age groups within Female (m=204)
Republic of Turkey,Male,20,-0.0885930884122835,0.710324053607811,0.779589581712708,2021 country-level Pearson correlations across 20 age groups within Male (m=204)
Republic of Uganda,Female,20,0.60294079510713,0.00489260732604485,0.0249522973628287,2021 country-level Pearson correlations across 20 age groups within Female (m=204)
Republic of Uganda,Male,20,0.691231452845695,0.000737626998287031,0.00307093689082764,2021 country-level Pearson correlations across 20 age groups within Male (m=204)
Republic of Uzbekistan,Female,20,0.448457053417893,0.0473449279772902,0.119239077868731,2021 country-level Pearson correlations across 20 age groups within Female (m=204)
Republic of Uzbekistan,Male,20,0.608709078842445,0.00439624225186616,0.0113523217643126,2021 country-level Pearson correlations across 20 age groups within Male (m=204)
Republic of Vanuatu,Female,20,0.472264194951435,0.0355052490743043,0.100598205710529,2021 country-level Pearson correlations across 20 age groups within Female (m=204)
Republic of Vanuatu,Male,20,0.262337867549546,0.263831798237866,0.361219374768623,2021 country-level Pearson correlations across 20 age groups within Male (m=204)
Republic of Yemen,Female,20,-0.0632926721768882,0.790937636793275,0.872169069761233,2021 country-level Pearson correlations across 20 age groups within Female (m=204)
Republic of Yemen,Male,20,0.131671072255521,0.580021090978266,0.661029623237801,2021 country-level Pearson correlations across 20 age groups within Male (m=204)
Republic of Zambia,Female,20,0.63917218689762,0.00241285509499803,0.0144771305699882,2021 country-level Pearson correlations across 20 age groups within Female (m=204)
Republic of Zambia,Male,20,0.708293676777471,0.000474323057997328,0.00219913417798761,2021 country-level Pearson correlations across 20 age groups within Male (m=204)
Republic of Zimbabwe,Female,20,0.811011025679192,1.43800810146941e-05,0.00146676826349879,2021 country-level Pearson correlations across 20 age groups within Female (m=204)
Republic of Zimbabwe,Male,20,0.82143394128951,8.98793554819376e-06,0.000229192356478941,2021 country-level Pearson correlations across 20 age groups within Male (m=204)
Republic of the Congo,Female,20,0.473622126948491,0.0349071471818471,0.100296591902772,2021 country-level Pearson correlations across 20 age groups within Female (m=204)
Republic of the Congo,Male,20,0.687735385599564,0.000804602499654168,0.00321840999861667,2021 country-level Pearson correlations across 20 age groups within Male (m=204)
Republic of the Gambia,Female,20,0.710229458177206,0.00045028383726101,0.00483462646322347,2021 country-level Pearson correlations across 20 age groups within Female (m=204)
Republic of the Gambia,Male,20,0.832128222958224,5.3737883272872e-06,0.000208186294180673,2021 country-level Pearson correlations across 20 age groups within Male (m=204)
Republic of the Marshall Islands,Female,20,0.498001200135741,0.0254447621060364,0.083721475316636,2021 country-level Pearson correlations across 20 age groups within Female (m=204)
Republic of the Marshall Islands,Male,20,0.271507934377379,0.246883711028359,0.342614129590376,2021 country-level Pearson correlations across 20 age groups within Male (m=204)
Republic of the Niger,Female,20,0.776340657734102,5.71294738720899e-05,0.00291360316747658,2021 country-level Pearson correlations across 20 age groups within Female (m=204)
Republic of the Niger,Male,20,0.833922034613633,4.91249812383578e-06,0.000208186294180673,2021 country-level Pearson correlations across 20 age groups within Male (m=204)
Republic of the Philippines,Female,20,0.449335898514137,0.0468600584007023,0.119239077868731,2021 country-level Pearson correlations across 20 age groups within Female (m=204)
Republic of the Philippines,Male,20,0.474860815738561,0.0343684420618335,0.0634822309895509,2021 country-level Pearson correlations across 20 age groups within Male (m=204)
Republic of the Union of Myanmar,Female,20,0.199069844365181,0.400116578854756,0.562922635078415,2021 country-level Pearson correlations across 20 age groups within Female (m=204)
Republic of the Union of Myanmar,Male,20,0.341599753925031,0.140459647328033,0.209151591641742,2021 country-level Pearson correlations across 20 age groups within Male (m=204)
Romania,Female,20,0.287557996191939,0.218934851618071,0.351674879764461,2021 country-level Pearson correlations across 20 age groups within Female (m=204)
Romania,Male,20,0.526053387842132,0.0171961524169756,0.0333184960276042,2021 country-level Pearson correlations across 20 age groups within Male (m=204)
Russian Federation,Female,20,0.303723248438925,0.192969803898623,0.322670819633762,2021 country-level Pearson correlations across 20 age groups within Female (m=204)
Russian Federation,Male,20,0.53356781687366,0.0153979898842238,0.0302037493882851,2021 country-level Pearson correlations across 20 age groups within Male (m=204)
Saint Kitts and Nevis,Female,20,0.278847593613116,0.233832709879113,0.372670881369837,2021 country-level Pearson correlations across 20 age groups within Female (m=204)
Saint Kitts and Nevis,Male,20,0.644739105857929,0.00214758826661951,0.00684543759984967,2021 country-level Pearson correlations across 20 age groups within Male (m=204)
Saint Lucia,Female,20,0.184241584158152,0.43680967079754,0.602089005693907,2021 country-level Pearson correlations across 20 age groups within Female (m=204)
Saint Lucia,Male,20,0.45831272385107,0.0421230740214107,0.0740785094859292,2021 country-level Pearson correlations across 20 age groups within Male (m=204)
Saint Vincent and the Grenadines,Female,20,0.238405973395092,0.311430354737211,0.447406988495712,2021 country-level Pearson correlations across 20 age groups within Female (m=204)
Saint Vincent and the Grenadines,Male,20,0.470029337675207,0.0365069364997298,0.0659063278402201,2021 country-level Pearson correlations across 20 age groups within Male (m=204)
Slovak Republic,Female,20,0.325128531015723,0.161890487735097,0.282270593999657,2021 country-level Pearson correlations across 20 age groups within Female (m=204)
Slovak Republic,Male,20,0.60372332877916,0.00482267835559594,0.0122978298067696,2021 country-level Pearson correlations across 20 age groups within Male (m=204)
Socialist Republic of Viet Nam,Female,20,0.379127697389968,0.099238804956212,0.189202955243619,2021 country-level Pearson correlations across 20 age groups within Female (m=204)
Socialist Republic of Viet Nam,Male,20,0.37924016028273,0.0991303528715065,0.153201454437783,2021 country-level Pearson correlations across 20 age groups within Male (m=204)
Solomon Islands,Female,20,0.44616304127939,0.0486287156107015,0.12097875590955,2021 country-level Pearson correlations across 20 age groups within Female (m=204)
Solomon Islands,Male,20,0.255164084303968,0.277588917427891,0.377520927701931,2021 country-level Pearson correlations across 20 age groups within Male (m=204)
State of Eritrea,Female,20,0.647793644216538,0.0020127085396549,0.014158363520331,2021 country-level Pearson correlations across 20 age groups within Female (m=204)
State of Eritrea,Male,20,0.751776302415268,0.000132319308825475,0.000870746419367641,2021 country-level Pearson correlations across 20 age groups within Male (m=204)
State of Israel,Female,20,0.316255585602273,0.174323511941508,0.296349970300564,2021 country-level Pearson correlations across 20 age groups within Female (m=204)
State of Israel,Male,20,0.385349321686262,0.0933679655873478,0.146515884460146,2021 country-level Pearson correlations across 20 age groups within Male (m=204)
State of Kuwait,Female,20,0.0844595312286252,0.723318487169556,0.824340622249103,2021 country-level Pearson correlations across 20 age groups within Female (m=204)
State of Kuwait,Male,20,0.266235414183014,0.256541041151905,0.353610624290463,2021 country-level Pearson correlations across 20 age groups within Male (m=204)
State of Libya,Female,20,-0.0741286161234285,0.756108669909337,0.856923159230582,2021 country-level Pearson correlations across 20 age groups within Female (m=204)
State of Libya,Male,20,0.0973074828540985,0.683183589533616,0.757442675352487,2021 country-level Pearson correlations across 20 age groups within Male (m=204)
State of Qatar,Female,20,-0.0304092472876118,0.898729482497397,0.930327416291984,2021 country-level Pearson correlations across 20 age groups within Female (m=204)
State of Qatar,Male,20,0.253046644295514,0.281733212603112,0.378115627441018,2021 country-level Pearson correlations across 20 age groups within Male (m=204)
Sultanate of Oman,Female,20,-0.0305020322567383,0.898422013704795,0.930327416291984,2021 country-level Pearson correlations across 20 age groups within Female (m=204)
Sultanate of Oman,Male,20,0.108382619239656,0.649227181246522,0.727705192166431,2021 country-level Pearson correlations across 20 age groups within Male (m=204)
Swiss Confederation,Female,20,0.0721256269614425,0.762514800981972,0.859408946963107,2021 country-level Pearson correlations across 20 age groups within Female (m=204)
Swiss Confederation,Male,20,0.30529403366237,0.190562259671944,0.273270357710722,2021 country-level Pearson correlations across 20 age groups within Male (m=204)
Syrian Arab Republic,Female,20,-0.137552460167571,0.563058743717997,0.696145355869523,2021 country-level Pearson correlations across 20 age groups within Female (m=204)
Syrian Arab Republic,Male,20,0.0367002368109147,0.877916172338471,0.913749485495143,2021 country-level Pearson correlations across 20 age groups within Male (m=204)
Taiwan (Province of China),Female,20,0.669631393373602,0.00123957449352165,0.010536383194934,2021 country-level Pearson correlations across 20 age groups within Female (m=204)
Taiwan (Province of China),Male,20,0.730853559002736,0.00025195510152882,0.00133384841196174,2021 country-level Pearson correlations across 20 age groups within Male (m=204)
Togolese Republic,Female,20,0.748829931526703,0.000145415469654846,0.00321524701537945,2021 country-level Pearson correlations across 20 age groups within Female (m=204)
Togolese Republic,Male,20,0.797141266486532,2.57620763027793e-05,0.000298485551471546,2021 country-level Pearson correlations across 20 age groups within Male (m=204)
Tokelau,Female,20,0.411369246920262,0.0715465257219168,0.156940766099688,2021 country-level Pearson correlations across 20 age groups within Female (m=204)
Tokelau,Male,20,0.239133921488113,0.309910855048335,0.400138066011774,2021 country-level Pearson correlations across 20 age groups within Male (m=204)
Turkmenistan,Female,20,0.569286643799182,0.00879613573844698,0.0407820838782542,2021 country-level Pearson correlations across 20 age groups within Female (m=204)
Turkmenistan,Male,20,0.679122554135007,0.0009918755177446,0.00355765136693744,2021 country-level Pearson correlations across 20 age groups within Male (m=204)
Tuvalu,Female,20,0.411953150843117,0.071105206439692,0.156940766099688,2021 country-level Pearson correlations across 20 age groups within Female (m=204)
Tuvalu,Male,20,0.241203788484405,0.305614767912025,0.399117695780014,2021 country-level Pearson correlations across 20 age groups within Male (m=204)
Ukraine,Female,20,0.371213847295356,0.107089469241261,0.202280108566826,2021 country-level Pearson correlations across 20 age groups within Female (m=204)
Ukraine,Male,20,0.619617703528593,0.00357108164328959,0.00971334206974769,2021 country-level Pearson correlations across 20 age groups within Male (m=204)
Union of the Comoros,Female,20,0.65535493372923,0.00170898521530613,0.0129123327378685,2021 country-level Pearson correlations across 20 age groups within Female (m=204)
Union of the Comoros,Male,20,0.778142135863197,5.34997623398886e-05,0.000441821323046485,2021 country-level Pearson correlations across 20 age groups within Male (m=204)
United Arab Emirates,Female,20,-0.193468066873086,0.4137745392845,0.574217727986652,2021 country-level Pearson correlations across 20 age groups within Female (m=204)
United Arab Emirates,Male,20,0.00170345177450382,0.994313120577629,0.994313120577629,2021 country-level Pearson correlations across 20 age groups within Male (m=204)
United Kingdom of Great Britain and Northern Ireland,Female,20,-0.0532559700151787,0.823543227605336,0.889486147948059,2021 country-level Pearson correlations across 20 age groups within Female (m=204)
United Kingdom of Great Britain and Northern Ireland,Male,20,0.02182618832742,0.927226388169989,0.951809873974256,2021 country-level Pearson correlations across 20 age groups within Male (m=204)
United Mexican States,Female,20,0.115230770324788,0.628554167222967,0.74152374619447,2021 country-level Pearson correlations across 20 age groups within Female (m=204)
United Mexican States,Male,20,0.660526769283911,0.00152419182023147,0.00509729723487245,2021 country-level Pearson correlations across 20 age groups within Male (m=204)
United Republic of Tanzania,Female,20,0.628719127750161,0.00298499307106475,0.0169149607360336,2021 country-level Pearson correlations across 20 age groups within Female (m=204)
United Republic of Tanzania,Male,20,0.735690171435135,0.000218242148680031,0.00120328103596558,2021 country-level Pearson correlations across 20 age groups within Male (m=204)
United States Virgin Islands,Female,20,0.366626771681581,0.111840533493632,0.207413353024553,2021 country-level Pearson correlations across 20 age groups within Female (m=204)
United States Virgin Islands,Male,20,0.561568272294881,0.00997856859492942,0.021204458264225,2021 country-level Pearson correlations across 20 age groups within Male (m=204)
United States of America,Female,20,-0.440616207625646,0.0518431057632574,0.127421609345837,2021 country-level Pearson correlations across 20 age groups within Female (m=204)
United States of America,Male,20,-0.386536302491889,0.0922774673506208,0.145927157670749,2021 country-level Pearson correlations across 20 age groups within Male (m=204)
