"location_name","origin","specification","model","year","horizon","IHD_pred","DD_pred"
"American Samoa",2021,"Harmonized","ARIMAX",2030,9,405.654887329011,2320.4304916522
"Antigua and Barbuda",2021,"Harmonized","ARIMAX",2030,9,384.919550536296,3500.44672893255
"Arab Republic of Egypt",2021,"Harmonized","ARIMAX",2030,9,1059.09056099854,5083.3337017124
"Argentine Republic",2021,"Harmonized","ARIMAX",2030,9,244.233030496944,3283.61262276095
"Australia",2021,"Harmonized","ARIMAX",2030,9,378.658540590334,5803.24189207166
"Barbados",2021,"Harmonized","ARIMAX",2030,9,396.308376497761,3646.73180071562
"Belize",2021,"Harmonized","ARIMAX",2030,9,385.62124674835,3718.68616914658
"Bermuda",2021,"Harmonized","ARIMAX",2030,9,375.652981552468,3595.9421479027
"Bolivarian Republic of Venezuela",2021,"Harmonized","ARIMAX",2030,9,334.584261636368,3933.54117833429
"Bosnia and Herzegovina",2021,"Harmonized","ARIMAX",2030,9,331.468871463339,2900.07267679291
"Brunei Darussalam",2021,"Harmonized","ARIMAX",2030,9,116.078973012419,1765.11316435439
"Burkina Faso",2021,"Harmonized","ARIMAX",2030,9,336.160425764,5304.69915203919
"Canada",2021,"Harmonized","ARIMAX",2030,9,204.24,3875.06118860824
"Central African Republic",2021,"Harmonized","ARIMAX",2030,9,386.658599713138,7854.06473070057
"Commonwealth of Dominica",2021,"Harmonized","ARIMAX",2030,9,383.652650864596,3539.79299615854
"Commonwealth of the Bahamas",2021,"Harmonized","ARIMAX",2030,9,402.809665459742,3679.00273993972
"Cook Islands",2021,"Harmonized","ARIMAX",2030,9,381.098461182229,3135.84339906099
"Czech Republic",2021,"Harmonized","ARIMAX",2030,9,467.956010144241,3008.85798280002
"Democratic People's Republic of Korea",2021,"Harmonized","ARIMAX",2030,9,338.84,2265.28270229043
"Democratic Republic of Sao Tome and Principe",2021,"Harmonized","ARIMAX",2030,9,383.169883170989,4118.40248534049
"Democratic Republic of Timor-Leste",2021,"Harmonized","ARIMAX",2030,9,217.985640713428,2570.64258380206
"Democratic Republic of the Congo",2021,"Harmonized","ARIMAX",2030,9,401.108652002849,7199.79056209939
"Democratic Socialist Republic of Sri Lanka",2021,"Harmonized","ARIMAX",2030,9,257.790273225626,2399.15743992546
"Dominican Republic",2021,"Harmonized","ARIMAX",2030,9,340.76,4724.29405815461
"Eastern Republic of Uruguay",2021,"Harmonized","ARIMAX",2030,9,240.08285380271,4111.83828797355
"Federal Democratic Republic of Ethiopia",2021,"Harmonized","ARIMAX",2030,9,292.811458927669,5664.53785160939
"Federal Democratic Republic of Nepal",2021,"Harmonized","ARIMAX",2030,9,497.31,7024.18795393355
"Federal Republic of Germany",2021,"Harmonized","ARIMAX",2030,9,223.88,4448.95822407376
"Federal Republic of Nigeria",2021,"Harmonized","ARIMAX",2030,9,385.225920761342,4119.75641063184
"Federal Republic of Somalia",2021,"Harmonized","ARIMAX",2030,9,349.343853431658,6188.10989710704
"Federated States of Micronesia",2021,"Harmonized","ARIMAX",2030,9,392.202635120415,2516.63144360265
"Federative Republic of Brazil",2021,"Harmonized","ARIMAX",2030,9,168.429086076488,4779.26410807663
"French Republic",2021,"Harmonized","ARIMAX",2030,9,190.735483164559,4754.93942394855
"Gabonese Republic",2021,"Harmonized","ARIMAX",2030,9,366.412251334459,7512.01655652575
"Georgia",2021,"Harmonized","ARIMAX",2030,9,909.748030614443,3930.55841014993
"Grand Duchy of Luxembourg",2021,"Harmonized","ARIMAX",2030,9,108.515882930825,3884.89745490145
"Greenland",2021,"Harmonized","ARIMAX",2030,9,221.25,8033.74557970748
"Grenada",2021,"Harmonized","ARIMAX",2030,9,392.249641244415,3732.27369148693
"Guam",2021,"Harmonized","ARIMAX",2030,9,387.411889534918,3030.06279479177
"Hashemite Kingdom of Jordan",2021,"Harmonized","ARIMAX",2030,9,927.303498819268,4906.26024485746
"Hellenic Republic",2021,"Harmonized","ARIMAX",2030,9,124.49,6491.67376866501
"Hungary",2021,"Harmonized","ARIMAX",2030,9,398.842517960412,3242.14277644053
"Independent State of Papua New Guinea",2021,"Harmonized","ARIMAX",2030,9,351.297071602961,2842.07813024992
"Independent State of Samoa",2021,"Harmonized","ARIMAX",2030,9,416.932466457603,2687.63075090255
"Ireland",2021,"Harmonized","ARIMAX",2030,9,170.13,5850.35070809664
"Islamic Republic of Afghanistan",2021,"Harmonized","ARIMAX",2030,9,964.61,6413.10335701916
"Islamic Republic of Iran",2021,"Harmonized","ARIMAX",2030,9,1094.16916582109,6424.62942440681
"Islamic Republic of Mauritania",2021,"Harmonized","ARIMAX",2030,9,400.678021758211,4255.48055147113
"Islamic Republic of Pakistan",2021,"Harmonized","ARIMAX",2030,9,708.206216675112,4943.33312852175
"Jamaica",2021,"Harmonized","ARIMAX",2030,9,362.785464371512,3888.17132421207
"Japan",2021,"Harmonized","ARIMAX",2030,9,90.9423007471225,2677.66628972966
"Kingdom of Bahrain",2021,"Harmonized","ARIMAX",2030,9,1039.10882917634,5795.3958612795
"Kingdom of Belgium",2021,"Harmonized","ARIMAX",2030,9,202.79418312412,4524.90973193962
"Kingdom of Bhutan",2021,"Harmonized","ARIMAX",2030,9,583.744432480311,4828.12041164386
"Kingdom of Cambodia",2021,"Harmonized","ARIMAX",2030,9,243.282235424135,2780.20480615959
"Kingdom of Denmark",2021,"Harmonized","ARIMAX",2030,9,136.024743992795,4289.871202777
"Kingdom of Eswatini",2021,"Harmonized","ARIMAX",2030,9,368.034562596288,5514.67894570915
"Kingdom of Lesotho",2021,"Harmonized","ARIMAX",2030,9,336.314606844719,7392.10072926282
"Kingdom of Morocco",2021,"Harmonized","ARIMAX",2030,9,994.691045138009,6566.16631099901
"Kingdom of Norway",2021,"Harmonized","ARIMAX",2030,9,169.91,4470.18581871311
"Kingdom of Saudi Arabia",2021,"Harmonized","ARIMAX",2030,9,888.28,5017.79054035935
"Kingdom of Spain",2021,"Harmonized","ARIMAX",2030,9,149.153602511821,6274.538234045
"Kingdom of Sweden",2021,"Harmonized","ARIMAX",2030,9,174.33,5351.40013150752
"Kingdom of Thailand",2021,"Harmonized","ARIMAX",2030,9,196.369252803566,2609.51649474585
"Kingdom of Tonga",2021,"Harmonized","ARIMAX",2030,9,406.390044356537,2388.16784116045
"Kingdom of the Netherlands",2021,"Harmonized","ARIMAX",2030,9,358.656050410332,4586.68413632832
"Kyrgyz Republic",2021,"Harmonized","ARIMAX",2030,9,583.04,4472.09110000213
"Lao People's Democratic Republic",2021,"Harmonized","ARIMAX",2030,9,264.3944253949,2568.85449931679
"Lebanese Republic",2021,"Harmonized","ARIMAX",2030,9,931.42,6819.04416628697
"Malaysia",2021,"Harmonized","ARIMAX",2030,9,320.835955401165,3666.6542392007
"Mongolia",2021,"Harmonized","ARIMAX",2030,9,693.753371087225,4887.83532006274
"Montenegro",2021,"Harmonized","ARIMAX",2030,9,357.361712216998,3028.62937748045
"New Zealand",2021,"Harmonized","ARIMAX",2030,9,257.38,4218.0151706298
"North Macedonia",2021,"Harmonized","ARIMAX",2030,9,399.624699269581,2657.35798415307
"Northern Mariana Islands",2021,"Harmonized","ARIMAX",2030,9,399.525045112936,2628.72620571928
"Palestine",2021,"Harmonized","ARIMAX",2030,9,971.200861123705,9020.07185415432
"People's Democratic Republic of Algeria",2021,"Harmonized","ARIMAX",2030,9,858.65,5009.99745870955
"People's Republic of Bangladesh",2021,"Harmonized","ARIMAX",2030,9,464.44,6152.48951916406
"People's Republic of China",2021,"Harmonized","ARIMAX",2030,9,379.346371195053,2315.59602449183
"Plurinational State of Bolivia",2021,"Harmonized","ARIMAX",2030,9,246.76,4094.27918415867
"Portuguese Republic",2021,"Harmonized","ARIMAX",2030,9,73.3234051577178,5926.74743949434
"Principality of Andorra",2021,"Harmonized","ARIMAX",2030,9,154.888433355394,4548.63945581827
"Principality of Monaco",2021,"Harmonized","ARIMAX",2030,9,154.4,5177.14267444103
"Puerto Rico",2021,"Harmonized","ARIMAX",2030,9,356.302664647722,3168.80033462636
"Republic of Albania",2021,"Harmonized","ARIMAX",2030,9,308.29,2400.21854194236
"Republic of Angola",2021,"Harmonized","ARIMAX",2030,9,351.18870779036,7980.41965395266
"Republic of Armenia",2021,"Harmonized","ARIMAX",2030,9,593.423728262095,3355.24049920717
"Republic of Austria",2021,"Harmonized","ARIMAX",2030,9,192.892387296949,3397.19228650628
"Republic of Azerbaijan",2021,"Harmonized","ARIMAX",2030,9,685.916787248905,3054.26933344222
"Republic of Belarus",2021,"Harmonized","ARIMAX",2030,9,606.69,4861.08587125183
"Republic of Benin",2021,"Harmonized","ARIMAX",2030,9,365.862743077367,5307.70445265399
"Republic of Botswana",2021,"Harmonized","ARIMAX",2030,9,384.187977250122,5541.89018056848
"Republic of Bulgaria",2021,"Harmonized","ARIMAX",2030,9,413.13,3291.67529026243
"Republic of Burundi",2021,"Harmonized","ARIMAX",2030,9,316.694514391895,6122.55454705157
"Republic of Cabo Verde",2021,"Harmonized","ARIMAX",2030,9,394.883702469117,6193.55046262008
"Republic of Cameroon",2021,"Harmonized","ARIMAX",2030,9,340.235900712832,5654.94067010526
"Republic of Chad",2021,"Harmonized","ARIMAX",2030,9,371.838116173609,6529.47915667474
"Republic of Chile",2021,"Harmonized","ARIMAX",2030,9,114.634473074782,5053.23269182108
"Republic of Colombia",2021,"Harmonized","ARIMAX",2030,9,290.476655362771,2549.15644648302
"Republic of Costa Rica",2021,"Harmonized","ARIMAX",2030,9,325.518669763409,3991.33785406687
"Republic of Croatia",2021,"Harmonized","ARIMAX",2030,9,229.58,3320.86271338689
"Republic of Cuba",2021,"Harmonized","ARIMAX",2030,9,391.004793102844,6249.78228845451
"Republic of Cyprus",2021,"Harmonized","ARIMAX",2030,9,88.47,3671.26818818881
"Republic of Côte d'Ivoire",2021,"Harmonized","ARIMAX",2030,9,402.544019408829,4430.32452581653
"Republic of Djibouti",2021,"Harmonized","ARIMAX",2030,9,361.345276474099,5447.23142633067
"Republic of Ecuador",2021,"Harmonized","ARIMAX",2030,9,247.366943252473,4010.10773499595
"Republic of El Salvador",2021,"Harmonized","ARIMAX",2030,9,290.539949292794,4297.05410607088
"Republic of Equatorial Guinea",2021,"Harmonized","ARIMAX",2030,9,387.788344386433,7571.13417618753
"Republic of Estonia",2021,"Harmonized","ARIMAX",2030,9,570.849675481815,4722.28190226522
"Republic of Fiji",2021,"Harmonized","ARIMAX",2030,9,463.035113592282,2596.5232293447
"Republic of Finland",2021,"Harmonized","ARIMAX",2030,9,194.79,5003.61305371388
"Republic of Ghana",2021,"Harmonized","ARIMAX",2030,9,390.08025438351,5173.35269850014
"Republic of Guatemala",2021,"Harmonized","ARIMAX",2030,9,291.110897627615,5119.62679022209
"Republic of Guinea",2021,"Harmonized","ARIMAX",2030,9,378.492521384645,5194.8455640816
"Republic of Guinea-Bissau",2021,"Harmonized","ARIMAX",2030,9,405.67951595049,5379.76020465932
"Republic of Guyana",2021,"Harmonized","ARIMAX",2030,9,398.672815735278,6577.19440204743
"Republic of Haiti",2021,"Harmonized","ARIMAX",2030,9,401.8,4132.23043162934
"Republic of Honduras",2021,"Harmonized","ARIMAX",2030,9,337.82,3925.48285802367
"Republic of Iceland",2021,"Harmonized","ARIMAX",2030,9,209.983039591263,3344.86164898626
"Republic of India",2021,"Harmonized","ARIMAX",2030,9,594.627859086919,4328.12575934154
"Republic of Indonesia",2021,"Harmonized","ARIMAX",2030,9,246.74,2144.54310716891
"Republic of Iraq",2021,"Harmonized","ARIMAX",2030,9,1079.28141983402,4810.73466717103
"Republic of Italy",2021,"Harmonized","ARIMAX",2030,9,166.63023675958,4812.56518212845
"Republic of Kazakhstan",2021,"Harmonized","ARIMAX",2030,9,595.556745967672,4024.42688222305
"Republic of Kenya",2021,"Harmonized","ARIMAX",2030,9,345.710156196532,6041.60306690431
"Republic of Kiribati",2021,"Harmonized","ARIMAX",2030,9,428.239027556632,2828.28634978655
"Republic of Korea",2021,"Harmonized","ARIMAX",2030,9,101.555785226906,2428.09950187889
"Republic of Latvia",2021,"Harmonized","ARIMAX",2030,9,396.758671836754,4699.80927426278
"Republic of Liberia",2021,"Harmonized","ARIMAX",2030,9,394.352490930585,5697.08395068622
"Republic of Lithuania",2021,"Harmonized","ARIMAX",2030,9,398.809472145526,5567.15351683382
"Republic of Madagascar",2021,"Harmonized","ARIMAX",2030,9,346.21,6152.97807498991
"Republic of Malawi",2021,"Harmonized","ARIMAX",2030,9,336.327594938502,5373.29607683926
"Republic of Maldives",2021,"Harmonized","ARIMAX",2030,9,219.921270557684,2800.12297817504
"Republic of Mali",2021,"Harmonized","ARIMAX",2030,9,355.185206273338,3943.64252479493
"Republic of Malta",2021,"Harmonized","ARIMAX",2030,9,99.53,3724.45501026251
"Republic of Mauritius",2021,"Harmonized","ARIMAX",2030,9,224.16,4179.69042361357
"Republic of Moldova",2021,"Harmonized","ARIMAX",2030,9,515.145114377513,4008.85388460125
"Republic of Mozambique",2021,"Harmonized","ARIMAX",2030,9,329.076858934105,6186.47908432635
"Republic of Namibia",2021,"Harmonized","ARIMAX",2030,9,350.132358107567,4435.68203592249
"Republic of Nauru",2021,"Harmonized","ARIMAX",2030,9,400.53,2845.73
"Republic of Nicaragua",2021,"Harmonized","ARIMAX",2030,9,309.390174572699,3969.92839837314
"Republic of Niue",2021,"Harmonized","ARIMAX",2030,9,393.625041585141,3126.67542242599
"Republic of Palau",2021,"Harmonized","ARIMAX",2030,9,362.3440078441,3073.27540226628
"Republic of Panama",2021,"Harmonized","ARIMAX",2030,9,297.961560778971,3583.62318665608
"Republic of Paraguay",2021,"Harmonized","ARIMAX",2030,9,178.298846380737,3864.77147547021
"Republic of Peru",2021,"Harmonized","ARIMAX",2030,9,229.382393814911,2361.87996378653
"Republic of Poland",2021,"Harmonized","ARIMAX",2030,9,227.31,2304.02665196052
"Republic of Rwanda",2021,"Harmonized","ARIMAX",2030,9,293.568406910888,5871.25
"Republic of San Marino",2021,"Harmonized","ARIMAX",2030,9,154.873724743288,5085.06170790836
"Republic of Senegal",2021,"Harmonized","ARIMAX",2030,9,399.764145016871,4989.10898051229
"Republic of Serbia",2021,"Harmonized","ARIMAX",2030,9,455.673667893049,2976.02421862226
"Republic of Seychelles",2021,"Harmonized","ARIMAX",2030,9,222.0192341175,2458.04628527984
"Republic of Sierra Leone",2021,"Harmonized","ARIMAX",2030,9,393.249164679667,5320.13535732955
"Republic of Singapore",2021,"Harmonized","ARIMAX",2030,9,175.470111692105,2436.41301398868
"Republic of Slovenia",2021,"Harmonized","ARIMAX",2030,9,196.197492655921,3697.57232576862
"Republic of South Africa",2021,"Harmonized","ARIMAX",2030,9,376.024391624931,5764.85007386299
"Republic of South Sudan",2021,"Harmonized","ARIMAX",2030,9,315.219584453021,5592.70021593103
"Republic of Sudan",2021,"Harmonized","ARIMAX",2030,9,972.85,5486.92944628892
"Republic of Suriname",2021,"Harmonized","ARIMAX",2030,9,407.155313213811,5870.99054459344
"Republic of Tajikistan",2021,"Harmonized","ARIMAX",2030,9,599.86,3365.24219269599
"Republic of Trinidad and Tobago",2021,"Harmonized","ARIMAX",2030,9,420.074550876717,4382.21467043971
"Republic of Tunisia",2021,"Harmonized","ARIMAX",2030,9,877.353430487661,6669.31989084754
"Republic of Turkey",2021,"Harmonized","ARIMAX",2030,9,649.49,4982.89296924811
"Republic of Uganda",2021,"Harmonized","ARIMAX",2030,9,295.806371572095,9256.04945866966
"Republic of Uzbekistan",2021,"Harmonized","ARIMAX",2030,9,1156.08127296447,3745.03160471384
"Republic of Vanuatu",2021,"Harmonized","ARIMAX",2030,9,438.24,2889.18674612469
"Republic of Yemen",2021,"Harmonized","ARIMAX",2030,9,944.466512570392,6031.7127332125
"Republic of Zambia",2021,"Harmonized","ARIMAX",2030,9,309.865437357304,5352.98010002198
"Republic of Zimbabwe",2021,"Harmonized","ARIMAX",2030,9,404.797573618819,3657.91333010298
"Republic of the Congo",2021,"Harmonized","ARIMAX",2030,9,393.200509813212,7563.35442284002
"Republic of the Gambia",2021,"Harmonized","ARIMAX",2030,9,417.995978993557,7412.61749267004
"Republic of the Marshall Islands",2021,"Harmonized","ARIMAX",2030,9,374.06,2716.37275828317
"Republic of the Niger",2021,"Harmonized","ARIMAX",2030,9,359.080588085745,4836.55732448964
"Republic of the Philippines",2021,"Harmonized","ARIMAX",2030,9,191.653783868884,3201.75048091999
"Republic of the Union of Myanmar",2021,"Harmonized","ARIMAX",2030,9,241.69,1936.52045566448
"Romania",2021,"Harmonized","ARIMAX",2030,9,338.766973888024,2770.24742650134
"Russian Federation",2021,"Harmonized","ARIMAX",2030,9,787.426610047208,3782.10304382691
"Saint Kitts and Nevis",2021,"Harmonized","ARIMAX",2030,9,389.369869776689,4616.88020839965
"Saint Lucia",2021,"Harmonized","ARIMAX",2030,9,391.954062759767,4058.40089930907
"Saint Vincent and the Grenadines",2021,"Harmonized","ARIMAX",2030,9,374.87723516489,3842.28344893199
"Slovak Republic",2021,"Harmonized","ARIMAX",2030,9,318.6,2799.2777097173
"Socialist Republic of Viet Nam",2021,"Harmonized","ARIMAX",2030,9,231.884093111222,2718.4252318434
"Solomon Islands",2021,"Harmonized","ARIMAX",2030,9,432.283453334919,2902.59223216738
"State of Eritrea",2021,"Harmonized","ARIMAX",2030,9,310.071451995153,6051.55376746549
"State of Israel",2021,"Harmonized","ARIMAX",2030,9,153.19,5556.70479172746
"State of Kuwait",2021,"Harmonized","ARIMAX",2030,9,1069.4787615587,4794.7093182312
"State of Libya",2021,"Harmonized","ARIMAX",2030,9,923.919699284526,5461.13508260892
"State of Qatar",2021,"Harmonized","ARIMAX",2030,9,1047.6243753089,5077.56517820743
"Sultanate of Oman",2021,"Harmonized","ARIMAX",2030,9,1062.74746046924,5051.45058537957
"Swiss Confederation",2021,"Harmonized","ARIMAX",2030,9,146.99,4129.25120252141
"Syrian Arab Republic",2021,"Harmonized","ARIMAX",2030,9,1171.75166689119,5260.1966040907
"Taiwan (Province of China)",2021,"Harmonized","ARIMAX",2030,9,300.853370539263,1990.09546813076
"Togolese Republic",2021,"Harmonized","ARIMAX",2030,9,410.114204364187,5390.70768366033
"Tokelau",2021,"Harmonized","ARIMAX",2030,9,375.458751669738,2931.83019294606
"Turkmenistan",2021,"Harmonized","ARIMAX",2030,9,723.566970128028,3722.6606733935
"Tuvalu",2021,"Harmonized","ARIMAX",2030,9,387.400896346933,3101.11296200097
"Ukraine",2021,"Harmonized","ARIMAX",2030,9,728.72,5352.91335362044
"Union of the Comoros",2021,"Harmonized","ARIMAX",2030,9,334.860918754791,5036.76798595089
"United Arab Emirates",2021,"Harmonized","ARIMAX",2030,9,1081.8844360282,4682.74639536828
"United Kingdom of Great Britain and Northern Ireland",2021,"Harmonized","ARIMAX",2030,9,136.84,5713.09804475857
"United Mexican States",2021,"Harmonized","ARIMAX",2030,9,328.114302150007,4693.228929473
"United Republic of Tanzania",2021,"Harmonized","ARIMAX",2030,9,314.543335220917,5718.03797510019
"United States Virgin Islands",2021,"Harmonized","ARIMAX",2030,9,392.301079088024,3769.42772589614
"United States of America",2021,"Harmonized","ARIMAX",2030,9,514.375402930028,6321.93406987197
